<?xml version="1.0" encoding="UTF-8"?>
<gpx xmlns="http://www.topografix.com/GPX/1/1" version="1.1" creator="GPSBabel - http://www.gpsbabel.org">
	<metadata>
		<author>
			<name>Zetto</name>
		</author>
	</metadata>
	<wpt lat="35.220470" lon="135.944733">
		<ele>93.939360</ele>
		<time>2024-12-14T21:30:53Z</time>
	</wpt>
	<wpt lat="35.259042" lon="135.899795">
		<ele>1185.527070</ele>
		<time>2024-12-15T01:26:58Z</time>
	</wpt>
	<wpt lat="35.264637" lon="135.897003">
		<ele>1216.971018</ele>
		<time>2024-12-15T02:17:53Z</time>
	</wpt>
	<wpt lat="35.247658" lon="135.906538">
		<ele>882.146540</ele>
		<time>2024-12-15T03:37:42Z</time>
	</wpt>
	<trk>
		<trkseg>
			<trkpt lat="35.219996" lon="135.944336">
				<ele>97.175076</ele>
				<time>2024-12-14T21:29:53Z</time>
			</trkpt>
			<trkpt lat="35.220070" lon="135.944258">
				<ele>96.537441</ele>
				<time>2024-12-14T21:30:01Z</time>
			</trkpt>
			<trkpt lat="35.220161" lon="135.944258">
				<ele>95.374577</ele>
				<time>2024-12-14T21:30:11Z</time>
			</trkpt>
			<trkpt lat="35.220210" lon="135.944372">
				<ele>92.439987</ele>
				<time>2024-12-14T21:30:19Z</time>
			</trkpt>
			<trkpt lat="35.220257" lon="135.944475">
				<ele>94.322855</ele>
				<time>2024-12-14T21:30:29Z</time>
			</trkpt>
			<trkpt lat="35.220311" lon="135.944573">
				<ele>93.803971</ele>
				<time>2024-12-14T21:30:36Z</time>
			</trkpt>
			<trkpt lat="35.220383" lon="135.944644">
				<ele>93.290801</ele>
				<time>2024-12-14T21:30:42Z</time>
			</trkpt>
			<trkpt lat="35.220451" lon="135.944719">
				<ele>93.016531</ele>
				<time>2024-12-14T21:30:49Z</time>
			</trkpt>
			<trkpt lat="35.220538" lon="135.944760">
				<ele>96.027438</ele>
				<time>2024-12-14T21:31:00Z</time>
			</trkpt>
			<trkpt lat="35.220582" lon="135.944858">
				<ele>97.138646</ele>
				<time>2024-12-14T21:31:28Z</time>
			</trkpt>
			<trkpt lat="35.220641" lon="135.944960">
				<ele>99.228770</ele>
				<time>2024-12-14T21:31:37Z</time>
			</trkpt>
			<trkpt lat="35.220709" lon="135.945045">
				<ele>98.402785</ele>
				<time>2024-12-14T21:31:44Z</time>
			</trkpt>
			<trkpt lat="35.220804" lon="135.945066">
				<ele>98.395558</ele>
				<time>2024-12-14T21:31:50Z</time>
			</trkpt>
			<trkpt lat="35.220872" lon="135.944974">
				<ele>97.465673</ele>
				<time>2024-12-14T21:31:56Z</time>
			</trkpt>
			<trkpt lat="35.220944" lon="135.944893">
				<ele>97.718175</ele>
				<time>2024-12-14T21:32:02Z</time>
			</trkpt>
			<trkpt lat="35.221005" lon="135.944807">
				<ele>97.167343</ele>
				<time>2024-12-14T21:32:08Z</time>
			</trkpt>
			<trkpt lat="35.221077" lon="135.944729">
				<ele>96.948606</ele>
				<time>2024-12-14T21:32:15Z</time>
			</trkpt>
			<trkpt lat="35.221120" lon="135.944625">
				<ele>95.412167</ele>
				<time>2024-12-14T21:32:23Z</time>
			</trkpt>
			<trkpt lat="35.221163" lon="135.944524">
				<ele>95.604524</ele>
				<time>2024-12-14T21:32:31Z</time>
			</trkpt>
			<trkpt lat="35.221222" lon="135.944419">
				<ele>94.699303</ele>
				<time>2024-12-14T21:32:39Z</time>
			</trkpt>
			<trkpt lat="35.221286" lon="135.944314">
				<ele>95.000975</ele>
				<time>2024-12-14T21:32:46Z</time>
			</trkpt>
			<trkpt lat="35.221346" lon="135.944229">
				<ele>96.438598</ele>
				<time>2024-12-14T21:32:52Z</time>
			</trkpt>
			<trkpt lat="35.221404" lon="135.944126">
				<ele>96.074733</ele>
				<time>2024-12-14T21:32:59Z</time>
			</trkpt>
			<trkpt lat="35.221469" lon="135.944034">
				<ele>95.919399</ele>
				<time>2024-12-14T21:33:06Z</time>
			</trkpt>
			<trkpt lat="35.221526" lon="135.943941">
				<ele>96.096056</ele>
				<time>2024-12-14T21:33:13Z</time>
			</trkpt>
			<trkpt lat="35.221584" lon="135.943840">
				<ele>96.346511</ele>
				<time>2024-12-14T21:33:22Z</time>
			</trkpt>
			<trkpt lat="35.221643" lon="135.943741">
				<ele>97.423342</ele>
				<time>2024-12-14T21:33:30Z</time>
			</trkpt>
			<trkpt lat="35.221702" lon="135.943646">
				<ele>97.701717</ele>
				<time>2024-12-14T21:33:38Z</time>
			</trkpt>
			<trkpt lat="35.221768" lon="135.943558">
				<ele>97.432491</ele>
				<time>2024-12-14T21:33:46Z</time>
			</trkpt>
			<trkpt lat="35.221821" lon="135.943467">
				<ele>97.981616</ele>
				<time>2024-12-14T21:33:53Z</time>
			</trkpt>
			<trkpt lat="35.221883" lon="135.943372">
				<ele>97.976042</ele>
				<time>2024-12-14T21:34:00Z</time>
			</trkpt>
			<trkpt lat="35.221946" lon="135.943277">
				<ele>98.296624</ele>
				<time>2024-12-14T21:34:08Z</time>
			</trkpt>
			<trkpt lat="35.222006" lon="135.943168">
				<ele>98.116123</ele>
				<time>2024-12-14T21:34:16Z</time>
			</trkpt>
			<trkpt lat="35.222072" lon="135.943068">
				<ele>98.450568</ele>
				<time>2024-12-14T21:34:24Z</time>
			</trkpt>
			<trkpt lat="35.222128" lon="135.942976">
				<ele>100.019065</ele>
				<time>2024-12-14T21:34:32Z</time>
			</trkpt>
			<trkpt lat="35.222188" lon="135.942890">
				<ele>101.219026</ele>
				<time>2024-12-14T21:34:39Z</time>
			</trkpt>
			<trkpt lat="35.222239" lon="135.942798">
				<ele>100.681172</ele>
				<time>2024-12-14T21:34:46Z</time>
			</trkpt>
			<trkpt lat="35.222298" lon="135.942708">
				<ele>100.149705</ele>
				<time>2024-12-14T21:34:54Z</time>
			</trkpt>
			<trkpt lat="35.222348" lon="135.942611">
				<ele>99.341691</ele>
				<time>2024-12-14T21:35:02Z</time>
			</trkpt>
			<trkpt lat="35.222408" lon="135.942508">
				<ele>100.160455</ele>
				<time>2024-12-14T21:35:10Z</time>
			</trkpt>
			<trkpt lat="35.222472" lon="135.942429">
				<ele>100.371614</ele>
				<time>2024-12-14T21:35:16Z</time>
			</trkpt>
			<trkpt lat="35.222528" lon="135.942328">
				<ele>101.278319</ele>
				<time>2024-12-14T21:35:24Z</time>
			</trkpt>
			<trkpt lat="35.222588" lon="135.942243">
				<ele>99.995669</ele>
				<time>2024-12-14T21:35:31Z</time>
			</trkpt>
			<trkpt lat="35.222656" lon="135.942154">
				<ele>101.574144</ele>
				<time>2024-12-14T21:35:38Z</time>
			</trkpt>
			<trkpt lat="35.222704" lon="135.942049">
				<ele>103.386432</ele>
				<time>2024-12-14T21:35:46Z</time>
			</trkpt>
			<trkpt lat="35.222759" lon="135.941959">
				<ele>103.460791</ele>
				<time>2024-12-14T21:35:53Z</time>
			</trkpt>
			<trkpt lat="35.222823" lon="135.941868">
				<ele>103.890850</ele>
				<time>2024-12-14T21:36:01Z</time>
			</trkpt>
			<trkpt lat="35.222874" lon="135.941763">
				<ele>104.200911</ele>
				<time>2024-12-14T21:36:09Z</time>
			</trkpt>
			<trkpt lat="35.222941" lon="135.941683">
				<ele>104.496151</ele>
				<time>2024-12-14T21:36:16Z</time>
			</trkpt>
			<trkpt lat="35.222989" lon="135.941584">
				<ele>102.123456</ele>
				<time>2024-12-14T21:36:25Z</time>
			</trkpt>
			<trkpt lat="35.223057" lon="135.941494">
				<ele>104.223366</ele>
				<time>2024-12-14T21:36:32Z</time>
			</trkpt>
			<trkpt lat="35.223113" lon="135.941400">
				<ele>104.863740</ele>
				<time>2024-12-14T21:36:39Z</time>
			</trkpt>
			<trkpt lat="35.223171" lon="135.941301">
				<ele>105.600942</ele>
				<time>2024-12-14T21:36:47Z</time>
			</trkpt>
			<trkpt lat="35.223227" lon="135.941201">
				<ele>105.036687</ele>
				<time>2024-12-14T21:36:56Z</time>
			</trkpt>
			<trkpt lat="35.223283" lon="135.941114">
				<ele>107.282768</ele>
				<time>2024-12-14T21:37:03Z</time>
			</trkpt>
			<trkpt lat="35.223341" lon="135.941021">
				<ele>108.515425</ele>
				<time>2024-12-14T21:37:11Z</time>
			</trkpt>
			<trkpt lat="35.223397" lon="135.940926">
				<ele>109.324368</ele>
				<time>2024-12-14T21:37:19Z</time>
			</trkpt>
			<trkpt lat="35.223467" lon="135.940823">
				<ele>109.401218</ele>
				<time>2024-12-14T21:37:27Z</time>
			</trkpt>
			<trkpt lat="35.223523" lon="135.940736">
				<ele>109.295109</ele>
				<time>2024-12-14T21:37:34Z</time>
			</trkpt>
			<trkpt lat="35.223579" lon="135.940634">
				<ele>110.217137</ele>
				<time>2024-12-14T21:37:42Z</time>
			</trkpt>
			<trkpt lat="35.223635" lon="135.940548">
				<ele>111.052214</ele>
				<time>2024-12-14T21:37:50Z</time>
			</trkpt>
			<trkpt lat="35.223696" lon="135.940442">
				<ele>112.117712</ele>
				<time>2024-12-14T21:37:57Z</time>
			</trkpt>
			<trkpt lat="35.223792" lon="135.940440">
				<ele>111.706562</ele>
				<time>2024-12-14T21:38:03Z</time>
			</trkpt>
			<trkpt lat="35.223857" lon="135.940534">
				<ele>112.259277</ele>
				<time>2024-12-14T21:38:10Z</time>
			</trkpt>
			<trkpt lat="35.223924" lon="135.940620">
				<ele>112.522910</ele>
				<time>2024-12-14T21:38:17Z</time>
			</trkpt>
			<trkpt lat="35.224003" lon="135.940679">
				<ele>112.523316</ele>
				<time>2024-12-14T21:38:24Z</time>
			</trkpt>
			<trkpt lat="35.224089" lon="135.940735">
				<ele>112.434553</ele>
				<time>2024-12-14T21:38:31Z</time>
			</trkpt>
			<trkpt lat="35.224176" lon="135.940671">
				<ele>111.960549</ele>
				<time>2024-12-14T21:38:38Z</time>
			</trkpt>
			<trkpt lat="35.224255" lon="135.940611">
				<ele>113.075734</ele>
				<time>2024-12-14T21:38:45Z</time>
			</trkpt>
			<trkpt lat="35.224334" lon="135.940536">
				<ele>112.754892</ele>
				<time>2024-12-14T21:38:52Z</time>
			</trkpt>
			<trkpt lat="35.224405" lon="135.940446">
				<ele>113.350487</ele>
				<time>2024-12-14T21:39:00Z</time>
			</trkpt>
			<trkpt lat="35.224477" lon="135.940369">
				<ele>113.166148</ele>
				<time>2024-12-14T21:39:07Z</time>
			</trkpt>
			<trkpt lat="35.224551" lon="135.940292">
				<ele>113.407266</ele>
				<time>2024-12-14T21:39:15Z</time>
			</trkpt>
			<trkpt lat="35.224633" lon="135.940213">
				<ele>115.631515</ele>
				<time>2024-12-14T21:39:23Z</time>
			</trkpt>
			<trkpt lat="35.224701" lon="135.940129">
				<ele>115.871720</ele>
				<time>2024-12-14T21:39:30Z</time>
			</trkpt>
			<trkpt lat="35.224779" lon="135.940073">
				<ele>117.629552</ele>
				<time>2024-12-14T21:39:37Z</time>
			</trkpt>
			<trkpt lat="35.224858" lon="135.940014">
				<ele>118.053918</ele>
				<time>2024-12-14T21:39:44Z</time>
			</trkpt>
			<trkpt lat="35.224915" lon="135.939911">
				<ele>117.401131</ele>
				<time>2024-12-14T21:39:52Z</time>
			</trkpt>
			<trkpt lat="35.224860" lon="135.939818">
				<ele>119.277976</ele>
				<time>2024-12-14T21:40:00Z</time>
			</trkpt>
			<trkpt lat="35.224828" lon="135.939705">
				<ele>119.416365</ele>
				<time>2024-12-14T21:40:07Z</time>
			</trkpt>
			<trkpt lat="35.224879" lon="135.939602">
				<ele>119.511746</ele>
				<time>2024-12-14T21:40:12Z</time>
			</trkpt>
			<trkpt lat="35.224951" lon="135.939522">
				<ele>120.859525</ele>
				<time>2024-12-14T21:40:18Z</time>
			</trkpt>
			<trkpt lat="35.225034" lon="135.939459">
				<ele>121.561821</ele>
				<time>2024-12-14T21:40:25Z</time>
			</trkpt>
			<trkpt lat="35.225128" lon="135.939407">
				<ele>122.141963</ele>
				<time>2024-12-14T21:40:32Z</time>
			</trkpt>
			<trkpt lat="35.225206" lon="135.939348">
				<ele>122.822538</ele>
				<time>2024-12-14T21:40:38Z</time>
			</trkpt>
			<trkpt lat="35.225293" lon="135.939276">
				<ele>124.641491</ele>
				<time>2024-12-14T21:40:45Z</time>
			</trkpt>
			<trkpt lat="35.225387" lon="135.939272">
				<ele>124.363804</ele>
				<time>2024-12-14T21:40:51Z</time>
			</trkpt>
			<trkpt lat="35.225469" lon="135.939212">
				<ele>122.591827</ele>
				<time>2024-12-14T21:41:00Z</time>
			</trkpt>
			<trkpt lat="35.225538" lon="135.939140">
				<ele>122.214638</ele>
				<time>2024-12-14T21:41:07Z</time>
			</trkpt>
			<trkpt lat="35.225614" lon="135.939080">
				<ele>122.364848</ele>
				<time>2024-12-14T21:41:13Z</time>
			</trkpt>
			<trkpt lat="35.225702" lon="135.939033">
				<ele>125.140289</ele>
				<time>2024-12-14T21:41:20Z</time>
			</trkpt>
			<trkpt lat="35.225795" lon="135.939023">
				<ele>127.238247</ele>
				<time>2024-12-14T21:41:28Z</time>
			</trkpt>
			<trkpt lat="35.225895" lon="135.939021">
				<ele>125.671551</ele>
				<time>2024-12-14T21:41:35Z</time>
			</trkpt>
			<trkpt lat="35.225989" lon="135.939031">
				<ele>124.157263</ele>
				<time>2024-12-14T21:41:41Z</time>
			</trkpt>
			<trkpt lat="35.226083" lon="135.939023">
				<ele>127.081788</ele>
				<time>2024-12-14T21:41:47Z</time>
			</trkpt>
			<trkpt lat="35.226177" lon="135.939030">
				<ele>127.386171</ele>
				<time>2024-12-14T21:41:54Z</time>
			</trkpt>
			<trkpt lat="35.226273" lon="135.939020">
				<ele>128.078240</ele>
				<time>2024-12-14T21:42:00Z</time>
			</trkpt>
			<trkpt lat="35.226365" lon="135.939018">
				<ele>125.939964</ele>
				<time>2024-12-14T21:42:09Z</time>
			</trkpt>
			<trkpt lat="35.226456" lon="135.939015">
				<ele>126.475032</ele>
				<time>2024-12-14T21:42:16Z</time>
			</trkpt>
			<trkpt lat="35.226558" lon="135.939012">
				<ele>128.282578</ele>
				<time>2024-12-14T21:42:25Z</time>
			</trkpt>
			<trkpt lat="35.226666" lon="135.939020">
				<ele>132.631725</ele>
				<time>2024-12-14T21:42:35Z</time>
			</trkpt>
			<trkpt lat="35.226764" lon="135.939019">
				<ele>132.874338</ele>
				<time>2024-12-14T21:42:41Z</time>
			</trkpt>
			<trkpt lat="35.226854" lon="135.939012">
				<ele>130.467090</ele>
				<time>2024-12-14T21:42:50Z</time>
			</trkpt>
			<trkpt lat="35.226951" lon="135.938994">
				<ele>126.765786</ele>
				<time>2024-12-14T21:42:57Z</time>
			</trkpt>
			<trkpt lat="35.227042" lon="135.938992">
				<ele>129.310018</ele>
				<time>2024-12-14T21:43:05Z</time>
			</trkpt>
			<trkpt lat="35.227149" lon="135.939003">
				<ele>131.040776</ele>
				<time>2024-12-14T21:43:12Z</time>
			</trkpt>
			<trkpt lat="35.227240" lon="135.939004">
				<ele>130.460986</ele>
				<time>2024-12-14T21:43:18Z</time>
			</trkpt>
			<trkpt lat="35.227320" lon="135.938939">
				<ele>132.851265</ele>
				<time>2024-12-14T21:43:28Z</time>
			</trkpt>
			<trkpt lat="35.227375" lon="135.938836">
				<ele>135.016409</ele>
				<time>2024-12-14T21:43:36Z</time>
			</trkpt>
			<trkpt lat="35.227423" lon="135.938736">
				<ele>135.944815</ele>
				<time>2024-12-14T21:43:44Z</time>
			</trkpt>
			<trkpt lat="35.227490" lon="135.938656">
				<ele>134.802159</ele>
				<time>2024-12-14T21:43:51Z</time>
			</trkpt>
			<trkpt lat="35.227525" lon="135.938554">
				<ele>133.247877</ele>
				<time>2024-12-14T21:43:58Z</time>
			</trkpt>
			<trkpt lat="35.227555" lon="135.938439">
				<ele>136.171550</ele>
				<time>2024-12-14T21:44:06Z</time>
			</trkpt>
			<trkpt lat="35.227615" lon="135.938336">
				<ele>134.855770</ele>
				<time>2024-12-14T21:44:13Z</time>
			</trkpt>
			<trkpt lat="35.227646" lon="135.938219">
				<ele>135.715489</ele>
				<time>2024-12-14T21:44:21Z</time>
			</trkpt>
			<trkpt lat="35.227684" lon="135.938114">
				<ele>139.804047</ele>
				<time>2024-12-14T21:44:29Z</time>
			</trkpt>
			<trkpt lat="35.227712" lon="135.938005">
				<ele>138.000583</ele>
				<time>2024-12-14T21:44:37Z</time>
			</trkpt>
			<trkpt lat="35.227733" lon="135.937895">
				<ele>140.132587</ele>
				<time>2024-12-14T21:44:43Z</time>
			</trkpt>
			<trkpt lat="35.227801" lon="135.937810">
				<ele>140.456326</ele>
				<time>2024-12-14T21:44:51Z</time>
			</trkpt>
			<trkpt lat="35.227871" lon="135.937722">
				<ele>142.184369</ele>
				<time>2024-12-14T21:45:00Z</time>
			</trkpt>
			<trkpt lat="35.227919" lon="135.937611">
				<ele>144.747683</ele>
				<time>2024-12-14T21:45:08Z</time>
			</trkpt>
			<trkpt lat="35.227980" lon="135.937515">
				<ele>146.371526</ele>
				<time>2024-12-14T21:45:17Z</time>
			</trkpt>
			<trkpt lat="35.228045" lon="135.937424">
				<ele>144.716984</ele>
				<time>2024-12-14T21:45:27Z</time>
			</trkpt>
			<trkpt lat="35.228112" lon="135.937348">
				<ele>146.830245</ele>
				<time>2024-12-14T21:45:34Z</time>
			</trkpt>
			<trkpt lat="35.228196" lon="135.937273">
				<ele>147.649550</ele>
				<time>2024-12-14T21:45:42Z</time>
			</trkpt>
			<trkpt lat="35.228285" lon="135.937220">
				<ele>149.523873</ele>
				<time>2024-12-14T21:45:50Z</time>
			</trkpt>
			<trkpt lat="35.228377" lon="135.937170">
				<ele>150.499213</ele>
				<time>2024-12-14T21:45:58Z</time>
			</trkpt>
			<trkpt lat="35.228453" lon="135.937097">
				<ele>147.596427</ele>
				<time>2024-12-14T21:46:06Z</time>
			</trkpt>
			<trkpt lat="35.228531" lon="135.937041">
				<ele>152.686647</ele>
				<time>2024-12-14T21:46:14Z</time>
			</trkpt>
			<trkpt lat="35.228626" lon="135.937003">
				<ele>157.281326</ele>
				<time>2024-12-14T21:46:22Z</time>
			</trkpt>
			<trkpt lat="35.228714" lon="135.936950">
				<ele>158.181106</ele>
				<time>2024-12-14T21:46:30Z</time>
			</trkpt>
			<trkpt lat="35.228788" lon="135.936878">
				<ele>156.815295</ele>
				<time>2024-12-14T21:46:37Z</time>
			</trkpt>
			<trkpt lat="35.228856" lon="135.936791">
				<ele>159.098052</ele>
				<time>2024-12-14T21:46:45Z</time>
			</trkpt>
			<trkpt lat="35.228915" lon="135.936694">
				<ele>155.836862</ele>
				<time>2024-12-14T21:46:53Z</time>
			</trkpt>
			<trkpt lat="35.228993" lon="135.936613">
				<ele>158.481018</ele>
				<time>2024-12-14T21:47:01Z</time>
			</trkpt>
			<trkpt lat="35.229067" lon="135.936528">
				<ele>164.809373</ele>
				<time>2024-12-14T21:47:12Z</time>
			</trkpt>
			<trkpt lat="35.229137" lon="135.936446">
				<ele>159.227501</ele>
				<time>2024-12-14T21:47:18Z</time>
			</trkpt>
			<trkpt lat="35.229203" lon="135.936364">
				<ele>166.054917</ele>
				<time>2024-12-14T21:47:28Z</time>
			</trkpt>
			<trkpt lat="35.229299" lon="135.936321">
				<ele>170.214523</ele>
				<time>2024-12-14T21:47:36Z</time>
			</trkpt>
			<trkpt lat="35.229376" lon="135.936262">
				<ele>165.358173</ele>
				<time>2024-12-14T21:47:43Z</time>
			</trkpt>
			<trkpt lat="35.229451" lon="135.936186">
				<ele>163.706625</ele>
				<time>2024-12-14T21:47:51Z</time>
			</trkpt>
			<trkpt lat="35.229514" lon="135.936107">
				<ele>164.985379</ele>
				<time>2024-12-14T21:47:58Z</time>
			</trkpt>
			<trkpt lat="35.229589" lon="135.936040">
				<ele>165.176387</ele>
				<time>2024-12-14T21:48:06Z</time>
			</trkpt>
			<trkpt lat="35.229661" lon="135.935957">
				<ele>161.176631</ele>
				<time>2024-12-14T21:48:14Z</time>
			</trkpt>
			<trkpt lat="35.229735" lon="135.935881">
				<ele>163.823517</ele>
				<time>2024-12-14T21:48:22Z</time>
			</trkpt>
			<trkpt lat="35.229811" lon="135.935820">
				<ele>166.635032</ele>
				<time>2024-12-14T21:48:29Z</time>
			</trkpt>
			<trkpt lat="35.229890" lon="135.935749">
				<ele>167.515001</ele>
				<time>2024-12-14T21:48:37Z</time>
			</trkpt>
			<trkpt lat="35.229973" lon="135.935688">
				<ele>169.708427</ele>
				<time>2024-12-14T21:48:45Z</time>
			</trkpt>
			<trkpt lat="35.230037" lon="135.935594">
				<ele>170.994301</ele>
				<time>2024-12-14T21:48:55Z</time>
			</trkpt>
			<trkpt lat="35.230120" lon="135.935523">
				<ele>172.610411</ele>
				<time>2024-12-14T21:49:03Z</time>
			</trkpt>
			<trkpt lat="35.230195" lon="135.935460">
				<ele>172.836422</ele>
				<time>2024-12-14T21:49:10Z</time>
			</trkpt>
			<trkpt lat="35.230265" lon="135.935386">
				<ele>174.577891</ele>
				<time>2024-12-14T21:49:17Z</time>
			</trkpt>
			<trkpt lat="35.230281" lon="135.935272">
				<ele>173.916313</ele>
				<time>2024-12-14T21:49:25Z</time>
			</trkpt>
			<trkpt lat="35.230241" lon="135.935160">
				<ele>174.222788</ele>
				<time>2024-12-14T21:49:33Z</time>
			</trkpt>
			<trkpt lat="35.230235" lon="135.935033">
				<ele>177.172881</ele>
				<time>2024-12-14T21:49:39Z</time>
			</trkpt>
			<trkpt lat="35.230300" lon="135.934938">
				<ele>176.323206</ele>
				<time>2024-12-14T21:49:45Z</time>
			</trkpt>
			<trkpt lat="35.230370" lon="135.934853">
				<ele>171.658526</ele>
				<time>2024-12-14T21:49:57Z</time>
			</trkpt>
			<trkpt lat="35.230453" lon="135.934789">
				<ele>171.962484</ele>
				<time>2024-12-14T21:50:02Z</time>
			</trkpt>
			<trkpt lat="35.230533" lon="135.934720">
				<ele>173.119827</ele>
				<time>2024-12-14T21:50:08Z</time>
			</trkpt>
			<trkpt lat="35.230604" lon="135.934634">
				<ele>174.733507</ele>
				<time>2024-12-14T21:50:15Z</time>
			</trkpt>
			<trkpt lat="35.230658" lon="135.934534">
				<ele>176.590773</ele>
				<time>2024-12-14T21:50:20Z</time>
			</trkpt>
			<trkpt lat="35.230741" lon="135.934463">
				<ele>177.585204</ele>
				<time>2024-12-14T21:50:27Z</time>
			</trkpt>
			<trkpt lat="35.230835" lon="135.934420">
				<ele>178.332865</ele>
				<time>2024-12-14T21:50:36Z</time>
			</trkpt>
			<trkpt lat="35.230938" lon="135.934411">
				<ele>175.987754</ele>
				<time>2024-12-14T21:50:44Z</time>
			</trkpt>
			<trkpt lat="35.231033" lon="135.934439">
				<ele>182.847767</ele>
				<time>2024-12-14T21:50:53Z</time>
			</trkpt>
			<trkpt lat="35.231118" lon="135.934485">
				<ele>186.800592</ele>
				<time>2024-12-14T21:51:00Z</time>
			</trkpt>
			<trkpt lat="35.231223" lon="135.934445">
				<ele>187.627669</ele>
				<time>2024-12-14T21:51:08Z</time>
			</trkpt>
			<trkpt lat="35.231306" lon="135.934379">
				<ele>190.312958</ele>
				<time>2024-12-14T21:51:15Z</time>
			</trkpt>
			<trkpt lat="35.231396" lon="135.934407">
				<ele>189.007596</ele>
				<time>2024-12-14T21:51:25Z</time>
			</trkpt>
			<trkpt lat="35.231495" lon="135.934390">
				<ele>188.212894</ele>
				<time>2024-12-14T21:51:32Z</time>
			</trkpt>
			<trkpt lat="35.231592" lon="135.934372">
				<ele>188.497348</ele>
				<time>2024-12-14T21:51:41Z</time>
			</trkpt>
			<trkpt lat="35.231668" lon="135.934311">
				<ele>190.495782</ele>
				<time>2024-12-14T21:51:47Z</time>
			</trkpt>
			<trkpt lat="35.231763" lon="135.934308">
				<ele>196.112722</ele>
				<time>2024-12-14T21:51:55Z</time>
			</trkpt>
			<trkpt lat="35.231851" lon="135.934284">
				<ele>194.359258</ele>
				<time>2024-12-14T21:52:02Z</time>
			</trkpt>
			<trkpt lat="35.231943" lon="135.934254">
				<ele>193.458342</ele>
				<time>2024-12-14T21:52:11Z</time>
			</trkpt>
			<trkpt lat="35.232013" lon="135.934175">
				<ele>195.312081</ele>
				<time>2024-12-14T21:52:17Z</time>
			</trkpt>
			<trkpt lat="35.232075" lon="135.934090">
				<ele>190.389299</ele>
				<time>2024-12-14T21:52:26Z</time>
			</trkpt>
			<trkpt lat="35.232131" lon="135.933978">
				<ele>195.139821</ele>
				<time>2024-12-14T21:52:32Z</time>
			</trkpt>
			<trkpt lat="35.232172" lon="135.933862">
				<ele>196.288412</ele>
				<time>2024-12-14T21:52:41Z</time>
			</trkpt>
			<trkpt lat="35.232235" lon="135.933744">
				<ele>200.048146</ele>
				<time>2024-12-14T21:52:49Z</time>
			</trkpt>
			<trkpt lat="35.232321" lon="135.933697">
				<ele>201.013526</ele>
				<time>2024-12-14T21:52:55Z</time>
			</trkpt>
			<trkpt lat="35.232411" lon="135.933666">
				<ele>200.636925</ele>
				<time>2024-12-14T21:53:02Z</time>
			</trkpt>
			<trkpt lat="35.232491" lon="135.933594">
				<ele>201.137172</ele>
				<time>2024-12-14T21:53:09Z</time>
			</trkpt>
			<trkpt lat="35.232545" lon="135.933477">
				<ele>206.602975</ele>
				<time>2024-12-14T21:53:18Z</time>
			</trkpt>
			<trkpt lat="35.232615" lon="135.933393">
				<ele>206.832006</ele>
				<time>2024-12-14T21:53:27Z</time>
			</trkpt>
			<trkpt lat="35.232685" lon="135.933320">
				<ele>210.442927</ele>
				<time>2024-12-14T21:53:35Z</time>
			</trkpt>
			<trkpt lat="35.232780" lon="135.933293">
				<ele>212.543206</ele>
				<time>2024-12-14T21:53:43Z</time>
			</trkpt>
			<trkpt lat="35.232872" lon="135.933253">
				<ele>212.669047</ele>
				<time>2024-12-14T21:53:50Z</time>
			</trkpt>
			<trkpt lat="35.232971" lon="135.933295">
				<ele>214.703225</ele>
				<time>2024-12-14T21:53:58Z</time>
			</trkpt>
			<trkpt lat="35.233074" lon="135.933272">
				<ele>213.201980</ele>
				<time>2024-12-14T21:54:03Z</time>
			</trkpt>
			<trkpt lat="35.233118" lon="135.933175">
				<ele>214.025528</ele>
				<time>2024-12-14T21:54:35Z</time>
			</trkpt>
			<trkpt lat="35.233210" lon="135.933186">
				<ele>210.836954</ele>
				<time>2024-12-14T21:54:45Z</time>
			</trkpt>
			<trkpt lat="35.233296" lon="135.933224">
				<ele>215.596352</ele>
				<time>2024-12-14T21:54:54Z</time>
			</trkpt>
			<trkpt lat="35.233394" lon="135.933224">
				<ele>219.891674</ele>
				<time>2024-12-14T21:54:59Z</time>
			</trkpt>
			<trkpt lat="35.233505" lon="135.933225">
				<ele>219.400724</ele>
				<time>2024-12-14T21:55:13Z</time>
			</trkpt>
			<trkpt lat="35.233571" lon="135.933150">
				<ele>220.342587</ele>
				<time>2024-12-14T21:55:21Z</time>
			</trkpt>
			<trkpt lat="35.233645" lon="135.933067">
				<ele>219.936529</ele>
				<time>2024-12-14T21:55:32Z</time>
			</trkpt>
			<trkpt lat="35.233722" lon="135.932990">
				<ele>216.002651</ele>
				<time>2024-12-14T21:55:40Z</time>
			</trkpt>
			<trkpt lat="35.233817" lon="135.932979">
				<ele>221.629382</ele>
				<time>2024-12-14T21:55:50Z</time>
			</trkpt>
			<trkpt lat="35.233898" lon="135.932922">
				<ele>220.959354</ele>
				<time>2024-12-14T21:55:57Z</time>
			</trkpt>
			<trkpt lat="35.233960" lon="135.932820">
				<ele>223.330106</ele>
				<time>2024-12-14T21:56:06Z</time>
			</trkpt>
			<trkpt lat="35.234008" lon="135.932727">
				<ele>220.576113</ele>
				<time>2024-12-14T21:56:14Z</time>
			</trkpt>
			<trkpt lat="35.234056" lon="135.932623">
				<ele>225.515736</ele>
				<time>2024-12-14T21:56:20Z</time>
			</trkpt>
			<trkpt lat="35.234149" lon="135.932576">
				<ele>227.932391</ele>
				<time>2024-12-14T21:56:27Z</time>
			</trkpt>
			<trkpt lat="35.234248" lon="135.932554">
				<ele>228.209329</ele>
				<time>2024-12-14T21:56:34Z</time>
			</trkpt>
			<trkpt lat="35.234333" lon="135.932510">
				<ele>226.987891</ele>
				<time>2024-12-14T21:56:41Z</time>
			</trkpt>
			<trkpt lat="35.234397" lon="135.932430">
				<ele>230.293194</ele>
				<time>2024-12-14T21:56:49Z</time>
			</trkpt>
			<trkpt lat="35.234475" lon="135.932357">
				<ele>230.160152</ele>
				<time>2024-12-14T21:56:59Z</time>
			</trkpt>
			<trkpt lat="35.234530" lon="135.932265">
				<ele>233.122703</ele>
				<time>2024-12-14T21:57:05Z</time>
			</trkpt>
			<trkpt lat="35.234570" lon="135.932144">
				<ele>237.131737</ele>
				<time>2024-12-14T21:57:12Z</time>
			</trkpt>
			<trkpt lat="35.234676" lon="135.932102">
				<ele>236.384367</ele>
				<time>2024-12-14T21:57:24Z</time>
			</trkpt>
			<trkpt lat="35.234767" lon="135.932048">
				<ele>236.751478</ele>
				<time>2024-12-14T21:57:36Z</time>
			</trkpt>
			<trkpt lat="35.234856" lon="135.931987">
				<ele>238.000895</ele>
				<time>2024-12-14T21:57:45Z</time>
			</trkpt>
			<trkpt lat="35.234962" lon="135.931948">
				<ele>241.521360</ele>
				<time>2024-12-14T21:57:55Z</time>
			</trkpt>
			<trkpt lat="35.235040" lon="135.931889">
				<ele>238.943813</ele>
				<time>2024-12-14T21:58:02Z</time>
			</trkpt>
			<trkpt lat="35.235124" lon="135.931813">
				<ele>241.189307</ele>
				<time>2024-12-14T21:58:06Z</time>
			</trkpt>
			<trkpt lat="35.235215" lon="135.931859">
				<ele>243.462055</ele>
				<time>2024-12-14T21:58:15Z</time>
			</trkpt>
			<trkpt lat="35.235317" lon="135.931904">
				<ele>247.963882</ele>
				<time>2024-12-14T21:58:26Z</time>
			</trkpt>
			<trkpt lat="35.235409" lon="135.931900">
				<ele>247.083851</ele>
				<time>2024-12-14T21:58:32Z</time>
			</trkpt>
			<trkpt lat="35.235507" lon="135.931869">
				<ele>250.764696</ele>
				<time>2024-12-14T21:58:43Z</time>
			</trkpt>
			<trkpt lat="35.235594" lon="135.931783">
				<ele>252.496290</ele>
				<time>2024-12-14T21:58:51Z</time>
			</trkpt>
			<trkpt lat="35.235694" lon="135.931738">
				<ele>253.759268</ele>
				<time>2024-12-14T21:59:01Z</time>
			</trkpt>
			<trkpt lat="35.235769" lon="135.931666">
				<ele>255.587017</ele>
				<time>2024-12-14T21:59:08Z</time>
			</trkpt>
			<trkpt lat="35.235856" lon="135.931537">
				<ele>255.132162</ele>
				<time>2024-12-14T21:59:25Z</time>
			</trkpt>
			<trkpt lat="35.235931" lon="135.931474">
				<ele>258.424396</ele>
				<time>2024-12-14T21:59:29Z</time>
			</trkpt>
			<trkpt lat="35.235970" lon="135.931371">
				<ele>259.296650</ele>
				<time>2024-12-14T21:59:46Z</time>
			</trkpt>
			<trkpt lat="35.236052" lon="135.931324">
				<ele>258.918635</ele>
				<time>2024-12-14T21:59:56Z</time>
			</trkpt>
			<trkpt lat="35.236148" lon="135.931303">
				<ele>258.534416</ele>
				<time>2024-12-14T22:00:06Z</time>
			</trkpt>
			<trkpt lat="35.236244" lon="135.931246">
				<ele>258.859840</ele>
				<time>2024-12-14T22:00:14Z</time>
			</trkpt>
			<trkpt lat="35.236337" lon="135.931228">
				<ele>257.970038</ele>
				<time>2024-12-14T22:00:20Z</time>
			</trkpt>
			<trkpt lat="35.236436" lon="135.931182">
				<ele>256.753275</ele>
				<time>2024-12-14T22:00:37Z</time>
			</trkpt>
			<trkpt lat="35.236485" lon="135.931087">
				<ele>256.516960</ele>
				<time>2024-12-14T22:00:45Z</time>
			</trkpt>
			<trkpt lat="35.236444" lon="135.930981">
				<ele>257.837774</ele>
				<time>2024-12-14T22:01:00Z</time>
			</trkpt>
			<trkpt lat="35.236417" lon="135.930873">
				<ele>258.491790</ele>
				<time>2024-12-14T22:01:15Z</time>
			</trkpt>
			<trkpt lat="35.236399" lon="135.930761">
				<ele>263.899116</ele>
				<time>2024-12-14T22:01:35Z</time>
			</trkpt>
			<trkpt lat="35.236372" lon="135.930653">
				<ele>266.646415</ele>
				<time>2024-12-14T22:01:45Z</time>
			</trkpt>
			<trkpt lat="35.236355" lon="135.930546">
				<ele>268.451265</ele>
				<time>2024-12-14T22:01:53Z</time>
			</trkpt>
			<trkpt lat="35.236357" lon="135.930433">
				<ele>265.288899</ele>
				<time>2024-12-14T22:02:01Z</time>
			</trkpt>
			<trkpt lat="35.236384" lon="135.930315">
				<ele>267.673202</ele>
				<time>2024-12-14T22:02:11Z</time>
			</trkpt>
			<trkpt lat="35.236432" lon="135.930209">
				<ele>265.519051</ele>
				<time>2024-12-14T22:02:24Z</time>
			</trkpt>
			<trkpt lat="35.236455" lon="135.930102">
				<ele>268.577315</ele>
				<time>2024-12-14T22:02:47Z</time>
			</trkpt>
			<trkpt lat="35.236488" lon="135.929995">
				<ele>270.012229</ele>
				<time>2024-12-14T22:02:55Z</time>
			</trkpt>
			<trkpt lat="35.236514" lon="135.929885">
				<ele>270.397763</ele>
				<time>2024-12-14T22:03:03Z</time>
			</trkpt>
			<trkpt lat="35.236541" lon="135.929761">
				<ele>271.741301</ele>
				<time>2024-12-14T22:03:12Z</time>
			</trkpt>
			<trkpt lat="35.236540" lon="135.929645">
				<ele>273.397336</ele>
				<time>2024-12-14T22:03:20Z</time>
			</trkpt>
			<trkpt lat="35.236495" lon="135.929538">
				<ele>273.572574</ele>
				<time>2024-12-14T22:03:27Z</time>
			</trkpt>
			<trkpt lat="35.236448" lon="135.929442">
				<ele>272.986888</ele>
				<time>2024-12-14T22:03:44Z</time>
			</trkpt>
			<trkpt lat="35.236436" lon="135.929332">
				<ele>276.258454</ele>
				<time>2024-12-14T22:03:51Z</time>
			</trkpt>
			<trkpt lat="35.236462" lon="135.929214">
				<ele>279.572615</ele>
				<time>2024-12-14T22:04:00Z</time>
			</trkpt>
			<trkpt lat="35.236535" lon="135.929136">
				<ele>278.015785</ele>
				<time>2024-12-14T22:04:08Z</time>
			</trkpt>
			<trkpt lat="35.236632" lon="135.929097">
				<ele>283.856953</ele>
				<time>2024-12-14T22:04:17Z</time>
			</trkpt>
			<trkpt lat="35.236725" lon="135.929072">
				<ele>289.194551</ele>
				<time>2024-12-14T22:04:25Z</time>
			</trkpt>
			<trkpt lat="35.236809" lon="135.929016">
				<ele>289.660858</ele>
				<time>2024-12-14T22:04:33Z</time>
			</trkpt>
			<trkpt lat="35.236886" lon="135.928935">
				<ele>289.645619</ele>
				<time>2024-12-14T22:04:41Z</time>
			</trkpt>
			<trkpt lat="35.236971" lon="135.928880">
				<ele>291.243027</ele>
				<time>2024-12-14T22:04:49Z</time>
			</trkpt>
			<trkpt lat="35.237051" lon="135.928810">
				<ele>289.293195</ele>
				<time>2024-12-14T22:04:57Z</time>
			</trkpt>
			<trkpt lat="35.237131" lon="135.928749">
				<ele>291.356093</ele>
				<time>2024-12-14T22:05:06Z</time>
			</trkpt>
			<trkpt lat="35.237196" lon="135.928664">
				<ele>291.930662</ele>
				<time>2024-12-14T22:05:14Z</time>
			</trkpt>
			<trkpt lat="35.237267" lon="135.928582">
				<ele>292.713179</ele>
				<time>2024-12-14T22:05:22Z</time>
			</trkpt>
			<trkpt lat="35.237338" lon="135.928498">
				<ele>293.238863</ele>
				<time>2024-12-14T22:05:31Z</time>
			</trkpt>
			<trkpt lat="35.237402" lon="135.928416">
				<ele>297.284724</ele>
				<time>2024-12-14T22:05:40Z</time>
			</trkpt>
			<trkpt lat="35.237453" lon="135.928320">
				<ele>298.540756</ele>
				<time>2024-12-14T22:05:49Z</time>
			</trkpt>
			<trkpt lat="35.237516" lon="135.928237">
				<ele>299.998154</ele>
				<time>2024-12-14T22:05:56Z</time>
			</trkpt>
			<trkpt lat="35.237593" lon="135.928158">
				<ele>299.739469</ele>
				<time>2024-12-14T22:06:04Z</time>
			</trkpt>
			<trkpt lat="35.237649" lon="135.928072">
				<ele>302.663687</ele>
				<time>2024-12-14T22:06:12Z</time>
			</trkpt>
			<trkpt lat="35.237715" lon="135.927983">
				<ele>304.542245</ele>
				<time>2024-12-14T22:06:20Z</time>
			</trkpt>
			<trkpt lat="35.237741" lon="135.927864">
				<ele>303.378824</ele>
				<time>2024-12-14T22:06:28Z</time>
			</trkpt>
			<trkpt lat="35.237744" lon="135.927751">
				<ele>303.988975</ele>
				<time>2024-12-14T22:06:35Z</time>
			</trkpt>
			<trkpt lat="35.237749" lon="135.927631">
				<ele>305.026174</ele>
				<time>2024-12-14T22:06:43Z</time>
			</trkpt>
			<trkpt lat="35.237765" lon="135.927520">
				<ele>307.526705</ele>
				<time>2024-12-14T22:06:50Z</time>
			</trkpt>
			<trkpt lat="35.237840" lon="135.927453">
				<ele>311.145464</ele>
				<time>2024-12-14T22:07:00Z</time>
			</trkpt>
			<trkpt lat="35.237921" lon="135.927390">
				<ele>317.074742</ele>
				<time>2024-12-14T22:07:08Z</time>
			</trkpt>
			<trkpt lat="35.237975" lon="135.927295">
				<ele>310.822275</ele>
				<time>2024-12-14T22:07:16Z</time>
			</trkpt>
			<trkpt lat="35.238058" lon="135.927238">
				<ele>317.948185</ele>
				<time>2024-12-14T22:07:24Z</time>
			</trkpt>
			<trkpt lat="35.238135" lon="135.927180">
				<ele>320.473640</ele>
				<time>2024-12-14T22:07:32Z</time>
			</trkpt>
			<trkpt lat="35.238207" lon="135.927109">
				<ele>324.939309</ele>
				<time>2024-12-14T22:07:42Z</time>
			</trkpt>
			<trkpt lat="35.238249" lon="135.927002">
				<ele>326.558786</ele>
				<time>2024-12-14T22:07:52Z</time>
			</trkpt>
			<trkpt lat="35.238341" lon="135.926945">
				<ele>327.660966</ele>
				<time>2024-12-14T22:08:04Z</time>
			</trkpt>
			<trkpt lat="35.238435" lon="135.926936">
				<ele>327.068598</ele>
				<time>2024-12-14T22:08:14Z</time>
			</trkpt>
			<trkpt lat="35.238441" lon="135.926817">
				<ele>321.642908</ele>
				<time>2024-12-14T22:10:17Z</time>
			</trkpt>
			<trkpt lat="35.238522" lon="135.926763">
				<ele>322.638078</ele>
				<time>2024-12-14T22:10:23Z</time>
			</trkpt>
			<trkpt lat="35.238599" lon="135.926701">
				<ele>323.894171</ele>
				<time>2024-12-14T22:10:32Z</time>
			</trkpt>
			<trkpt lat="35.238683" lon="135.926648">
				<ele>328.264253</ele>
				<time>2024-12-14T22:10:44Z</time>
			</trkpt>
			<trkpt lat="35.238726" lon="135.926551">
				<ele>327.702793</ele>
				<time>2024-12-14T22:10:53Z</time>
			</trkpt>
			<trkpt lat="35.238801" lon="135.926487">
				<ele>329.512888</ele>
				<time>2024-12-14T22:11:01Z</time>
			</trkpt>
			<trkpt lat="35.238864" lon="135.926401">
				<ele>330.791353</ele>
				<time>2024-12-14T22:11:09Z</time>
			</trkpt>
			<trkpt lat="35.238928" lon="135.926309">
				<ele>330.594590</ele>
				<time>2024-12-14T22:11:17Z</time>
			</trkpt>
			<trkpt lat="35.238981" lon="135.926218">
				<ele>331.035593</ele>
				<time>2024-12-14T22:11:23Z</time>
			</trkpt>
			<trkpt lat="35.239043" lon="135.926124">
				<ele>334.817718</ele>
				<time>2024-12-14T22:11:31Z</time>
			</trkpt>
			<trkpt lat="35.238942" lon="135.926108">
				<ele>334.392414</ele>
				<time>2024-12-14T22:11:48Z</time>
			</trkpt>
			<trkpt lat="35.239038" lon="135.926072">
				<ele>341.204557</ele>
				<time>2024-12-14T22:12:30Z</time>
			</trkpt>
			<trkpt lat="35.239111" lon="135.926004">
				<ele>341.589118</ele>
				<time>2024-12-14T22:12:38Z</time>
			</trkpt>
			<trkpt lat="35.239123" lon="135.925890">
				<ele>338.027413</ele>
				<time>2024-12-14T22:12:45Z</time>
			</trkpt>
			<trkpt lat="35.239179" lon="135.925790">
				<ele>340.829634</ele>
				<time>2024-12-14T22:12:53Z</time>
			</trkpt>
			<trkpt lat="35.239217" lon="135.925688">
				<ele>341.877461</ele>
				<time>2024-12-14T22:13:01Z</time>
			</trkpt>
			<trkpt lat="35.239281" lon="135.925596">
				<ele>343.797127</ele>
				<time>2024-12-14T22:13:10Z</time>
			</trkpt>
			<trkpt lat="35.239327" lon="135.925501">
				<ele>348.816673</ele>
				<time>2024-12-14T22:13:22Z</time>
			</trkpt>
			<trkpt lat="35.239368" lon="135.925382">
				<ele>351.606273</ele>
				<time>2024-12-14T22:13:31Z</time>
			</trkpt>
			<trkpt lat="35.239436" lon="135.925306">
				<ele>352.220522</ele>
				<time>2024-12-14T22:13:41Z</time>
			</trkpt>
			<trkpt lat="35.239502" lon="135.925228">
				<ele>353.620344</ele>
				<time>2024-12-14T22:13:50Z</time>
			</trkpt>
			<trkpt lat="35.239539" lon="135.925126">
				<ele>347.037926</ele>
				<time>2024-12-14T22:14:03Z</time>
			</trkpt>
			<trkpt lat="35.239600" lon="135.925042">
				<ele>351.671011</ele>
				<time>2024-12-14T22:14:10Z</time>
			</trkpt>
			<trkpt lat="35.239684" lon="135.924985">
				<ele>357.384006</ele>
				<time>2024-12-14T22:14:33Z</time>
			</trkpt>
			<trkpt lat="35.239709" lon="135.924877">
				<ele>359.013988</ele>
				<time>2024-12-14T22:14:44Z</time>
			</trkpt>
			<trkpt lat="35.239739" lon="135.924772">
				<ele>360.605148</ele>
				<time>2024-12-14T22:14:52Z</time>
			</trkpt>
			<trkpt lat="35.239787" lon="135.924673">
				<ele>362.939905</ele>
				<time>2024-12-14T22:15:01Z</time>
			</trkpt>
			<trkpt lat="35.239839" lon="135.924578">
				<ele>364.453463</ele>
				<time>2024-12-14T22:15:15Z</time>
			</trkpt>
			<trkpt lat="35.239887" lon="135.924477">
				<ele>366.635998</ele>
				<time>2024-12-14T22:15:25Z</time>
			</trkpt>
			<trkpt lat="35.239928" lon="135.924373">
				<ele>370.291306</ele>
				<time>2024-12-14T22:15:31Z</time>
			</trkpt>
			<trkpt lat="35.239942" lon="135.924251">
				<ele>374.222612</ele>
				<time>2024-12-14T22:15:37Z</time>
			</trkpt>
			<trkpt lat="35.240013" lon="135.924179">
				<ele>367.352331</ele>
				<time>2024-12-14T22:15:54Z</time>
			</trkpt>
			<trkpt lat="35.240037" lon="135.924062">
				<ele>371.860362</ele>
				<time>2024-12-14T22:16:02Z</time>
			</trkpt>
			<trkpt lat="35.240092" lon="135.923959">
				<ele>381.713180</ele>
				<time>2024-12-14T22:16:10Z</time>
			</trkpt>
			<trkpt lat="35.240170" lon="135.923886">
				<ele>384.047040</ele>
				<time>2024-12-14T22:16:22Z</time>
			</trkpt>
			<trkpt lat="35.240235" lon="135.923807">
				<ele>387.478280</ele>
				<time>2024-12-14T22:16:30Z</time>
			</trkpt>
			<trkpt lat="35.240285" lon="135.923700">
				<ele>387.885750</ele>
				<time>2024-12-14T22:16:38Z</time>
			</trkpt>
			<trkpt lat="35.240379" lon="135.923690">
				<ele>382.710729</ele>
				<time>2024-12-14T22:16:48Z</time>
			</trkpt>
			<trkpt lat="35.240439" lon="135.923603">
				<ele>381.565334</ele>
				<time>2024-12-14T22:16:58Z</time>
			</trkpt>
			<trkpt lat="35.240511" lon="135.923527">
				<ele>377.107870</ele>
				<time>2024-12-14T22:17:07Z</time>
			</trkpt>
			<trkpt lat="35.240576" lon="135.923439">
				<ele>380.966910</ele>
				<time>2024-12-14T22:17:14Z</time>
			</trkpt>
			<trkpt lat="35.240645" lon="135.923361">
				<ele>371.446824</ele>
				<time>2024-12-14T22:17:25Z</time>
			</trkpt>
			<trkpt lat="35.240722" lon="135.923284">
				<ele>383.826844</ele>
				<time>2024-12-14T22:17:46Z</time>
			</trkpt>
			<trkpt lat="35.240763" lon="135.923176">
				<ele>383.318132</ele>
				<time>2024-12-14T22:17:55Z</time>
			</trkpt>
			<trkpt lat="35.240771" lon="135.923061">
				<ele>386.893747</ele>
				<time>2024-12-14T22:18:04Z</time>
			</trkpt>
			<trkpt lat="35.240848" lon="135.922988">
				<ele>390.690408</ele>
				<time>2024-12-14T22:18:12Z</time>
			</trkpt>
			<trkpt lat="35.240935" lon="135.922942">
				<ele>388.968390</ele>
				<time>2024-12-14T22:18:21Z</time>
			</trkpt>
			<trkpt lat="35.240975" lon="135.922834">
				<ele>388.470660</ele>
				<time>2024-12-14T22:18:31Z</time>
			</trkpt>
			<trkpt lat="35.241051" lon="135.922765">
				<ele>392.566652</ele>
				<time>2024-12-14T22:18:39Z</time>
			</trkpt>
			<trkpt lat="35.241108" lon="135.922675">
				<ele>387.345745</ele>
				<time>2024-12-14T22:18:50Z</time>
			</trkpt>
			<trkpt lat="35.241197" lon="135.922643">
				<ele>386.351102</ele>
				<time>2024-12-14T22:19:48Z</time>
			</trkpt>
			<trkpt lat="35.241224" lon="135.922526">
				<ele>395.743948</ele>
				<time>2024-12-14T22:20:00Z</time>
			</trkpt>
			<trkpt lat="35.241264" lon="135.922421">
				<ele>401.569254</ele>
				<time>2024-12-14T22:20:11Z</time>
			</trkpt>
			<trkpt lat="35.241337" lon="135.922345">
				<ele>405.884538</ele>
				<time>2024-12-14T22:20:21Z</time>
			</trkpt>
			<trkpt lat="35.241387" lon="135.922248">
				<ele>405.621544</ele>
				<time>2024-12-14T22:20:29Z</time>
			</trkpt>
			<trkpt lat="35.241449" lon="135.922149">
				<ele>405.903215</ele>
				<time>2024-12-14T22:20:35Z</time>
			</trkpt>
			<trkpt lat="35.241485" lon="135.922041">
				<ele>409.812476</ele>
				<time>2024-12-14T22:20:44Z</time>
			</trkpt>
			<trkpt lat="35.241545" lon="135.921949">
				<ele>411.513807</ele>
				<time>2024-12-14T22:20:53Z</time>
			</trkpt>
			<trkpt lat="35.241605" lon="135.921852">
				<ele>415.741289</ele>
				<time>2024-12-14T22:21:00Z</time>
			</trkpt>
			<trkpt lat="35.241678" lon="135.921785">
				<ele>416.461383</ele>
				<time>2024-12-14T22:21:06Z</time>
			</trkpt>
			<trkpt lat="35.241748" lon="135.921855">
				<ele>411.480835</ele>
				<time>2024-12-14T22:21:22Z</time>
			</trkpt>
			<trkpt lat="35.241754" lon="135.921743">
				<ele>417.425656</ele>
				<time>2024-12-14T22:21:29Z</time>
			</trkpt>
			<trkpt lat="35.241784" lon="135.921633">
				<ele>417.051387</ele>
				<time>2024-12-14T22:21:55Z</time>
			</trkpt>
			<trkpt lat="35.241824" lon="135.921506">
				<ele>424.857222</ele>
				<time>2024-12-14T22:22:02Z</time>
			</trkpt>
			<trkpt lat="35.241842" lon="135.921391">
				<ele>421.503787</ele>
				<time>2024-12-14T22:22:11Z</time>
			</trkpt>
			<trkpt lat="35.241899" lon="135.921292">
				<ele>426.477653</ele>
				<time>2024-12-14T22:22:18Z</time>
			</trkpt>
			<trkpt lat="35.241895" lon="135.921179">
				<ele>421.946069</ele>
				<time>2024-12-14T22:22:31Z</time>
			</trkpt>
			<trkpt lat="35.241861" lon="135.921073">
				<ele>426.708276</ele>
				<time>2024-12-14T22:22:41Z</time>
			</trkpt>
			<trkpt lat="35.241914" lon="135.920967">
				<ele>429.104285</ele>
				<time>2024-12-14T22:22:54Z</time>
			</trkpt>
			<trkpt lat="35.241962" lon="135.920854">
				<ele>423.409157</ele>
				<time>2024-12-14T22:23:02Z</time>
			</trkpt>
			<trkpt lat="35.241933" lon="135.920720">
				<ele>423.276506</ele>
				<time>2024-12-14T22:23:16Z</time>
			</trkpt>
			<trkpt lat="35.241977" lon="135.920622">
				<ele>429.257843</ele>
				<time>2024-12-14T22:23:41Z</time>
			</trkpt>
			<trkpt lat="35.241987" lon="135.920510">
				<ele>436.736318</ele>
				<time>2024-12-14T22:23:50Z</time>
			</trkpt>
			<trkpt lat="35.241991" lon="135.920388">
				<ele>435.858376</ele>
				<time>2024-12-14T22:23:56Z</time>
			</trkpt>
			<trkpt lat="35.241946" lon="135.920486">
				<ele>433.128750</ele>
				<time>2024-12-14T22:24:20Z</time>
			</trkpt>
			<trkpt lat="35.241939" lon="135.920367">
				<ele>433.461954</ele>
				<time>2024-12-14T22:26:35Z</time>
			</trkpt>
			<trkpt lat="35.241978" lon="135.920264">
				<ele>435.135361</ele>
				<time>2024-12-14T22:26:43Z</time>
			</trkpt>
			<trkpt lat="35.242065" lon="135.920175">
				<ele>437.049887</ele>
				<time>2024-12-14T22:26:53Z</time>
			</trkpt>
			<trkpt lat="35.242048" lon="135.920066">
				<ele>442.395626</ele>
				<time>2024-12-14T22:27:00Z</time>
			</trkpt>
			<trkpt lat="35.242089" lon="135.919968">
				<ele>439.410044</ele>
				<time>2024-12-14T22:27:09Z</time>
			</trkpt>
			<trkpt lat="35.242137" lon="135.919874">
				<ele>443.778232</ele>
				<time>2024-12-14T22:27:16Z</time>
			</trkpt>
			<trkpt lat="35.242162" lon="135.919750">
				<ele>442.913043</ele>
				<time>2024-12-14T22:27:26Z</time>
			</trkpt>
			<trkpt lat="35.242177" lon="135.919627">
				<ele>446.057239</ele>
				<time>2024-12-14T22:27:37Z</time>
			</trkpt>
			<trkpt lat="35.242189" lon="135.919518">
				<ele>452.364561</ele>
				<time>2024-12-14T22:27:47Z</time>
			</trkpt>
			<trkpt lat="35.242243" lon="135.919422">
				<ele>456.337464</ele>
				<time>2024-12-14T22:27:53Z</time>
			</trkpt>
			<trkpt lat="35.242333" lon="135.919409">
				<ele>460.151034</ele>
				<time>2024-12-14T22:28:01Z</time>
			</trkpt>
			<trkpt lat="35.242370" lon="135.919298">
				<ele>463.413079</ele>
				<time>2024-12-14T22:28:11Z</time>
			</trkpt>
			<trkpt lat="35.242365" lon="135.919170">
				<ele>464.803164</ele>
				<time>2024-12-14T22:28:19Z</time>
			</trkpt>
			<trkpt lat="35.242389" lon="135.919060">
				<ele>470.225329</ele>
				<time>2024-12-14T22:28:33Z</time>
			</trkpt>
			<trkpt lat="35.242474" lon="135.919017">
				<ele>469.126363</ele>
				<time>2024-12-14T22:28:42Z</time>
			</trkpt>
			<trkpt lat="35.242431" lon="135.918918">
				<ele>479.270548</ele>
				<time>2024-12-14T22:28:53Z</time>
			</trkpt>
			<trkpt lat="35.242477" lon="135.918821">
				<ele>484.333670</ele>
				<time>2024-12-14T22:29:08Z</time>
			</trkpt>
			<trkpt lat="35.242588" lon="135.918934">
				<ele>471.180330</ele>
				<time>2024-12-14T22:29:36Z</time>
			</trkpt>
			<trkpt lat="35.242588" lon="135.918804">
				<ele>471.996369</ele>
				<time>2024-12-14T22:29:45Z</time>
			</trkpt>
			<trkpt lat="35.242576" lon="135.918602">
				<ele>478.645871</ele>
				<time>2024-12-14T22:30:00Z</time>
			</trkpt>
			<trkpt lat="35.242660" lon="135.918550">
				<ele>484.332630</ele>
				<time>2024-12-14T22:30:09Z</time>
			</trkpt>
			<trkpt lat="35.242573" lon="135.918579">
				<ele>473.236874</ele>
				<time>2024-12-14T22:30:29Z</time>
			</trkpt>
			<trkpt lat="35.242669" lon="135.918614">
				<ele>460.057262</ele>
				<time>2024-12-14T22:30:58Z</time>
			</trkpt>
			<trkpt lat="35.242523" lon="135.918597">
				<ele>466.305941</ele>
				<time>2024-12-14T22:31:29Z</time>
			</trkpt>
			<trkpt lat="35.242609" lon="135.918556">
				<ele>461.168253</ele>
				<time>2024-12-14T22:32:23Z</time>
			</trkpt>
			<trkpt lat="35.242690" lon="135.918478">
				<ele>470.707335</ele>
				<time>2024-12-14T22:33:29Z</time>
			</trkpt>
			<trkpt lat="35.242622" lon="135.918377">
				<ele>475.046994</ele>
				<time>2024-12-14T22:33:34Z</time>
			</trkpt>
			<trkpt lat="35.242711" lon="135.918314">
				<ele>485.027296</ele>
				<time>2024-12-14T22:33:47Z</time>
			</trkpt>
			<trkpt lat="35.242742" lon="135.918207">
				<ele>488.019389</ele>
				<time>2024-12-14T22:33:54Z</time>
			</trkpt>
			<trkpt lat="35.242790" lon="135.918109">
				<ele>493.468013</ele>
				<time>2024-12-14T22:34:04Z</time>
			</trkpt>
			<trkpt lat="35.242840" lon="135.918010">
				<ele>504.165621</ele>
				<time>2024-12-14T22:34:19Z</time>
			</trkpt>
			<trkpt lat="35.242851" lon="135.917900">
				<ele>501.052274</ele>
				<time>2024-12-14T22:34:32Z</time>
			</trkpt>
			<trkpt lat="35.242727" lon="135.917993">
				<ele>496.216356</ele>
				<time>2024-12-14T22:34:40Z</time>
			</trkpt>
			<trkpt lat="35.242770" lon="135.917893">
				<ele>497.136162</ele>
				<time>2024-12-14T22:34:47Z</time>
			</trkpt>
			<trkpt lat="35.242819" lon="135.917795">
				<ele>509.392726</ele>
				<time>2024-12-14T22:35:00Z</time>
			</trkpt>
			<trkpt lat="35.242913" lon="135.917845">
				<ele>507.706369</ele>
				<time>2024-12-14T22:35:07Z</time>
			</trkpt>
			<trkpt lat="35.242859" lon="135.917750">
				<ele>502.105975</ele>
				<time>2024-12-14T22:35:18Z</time>
			</trkpt>
			<trkpt lat="35.242757" lon="135.917744">
				<ele>510.400260</ele>
				<time>2024-12-14T22:35:39Z</time>
			</trkpt>
			<trkpt lat="35.242683" lon="135.917673">
				<ele>504.829204</ele>
				<time>2024-12-14T22:35:52Z</time>
			</trkpt>
			<trkpt lat="35.242787" lon="135.917664">
				<ele>496.650280</ele>
				<time>2024-12-14T22:36:10Z</time>
			</trkpt>
			<trkpt lat="35.242746" lon="135.917545">
				<ele>499.270621</ele>
				<time>2024-12-14T22:36:17Z</time>
			</trkpt>
			<trkpt lat="35.242847" lon="135.917512">
				<ele>513.016260</ele>
				<time>2024-12-14T22:36:23Z</time>
			</trkpt>
			<trkpt lat="35.242911" lon="135.917404">
				<ele>516.343427</ele>
				<time>2024-12-14T22:36:34Z</time>
			</trkpt>
			<trkpt lat="35.242995" lon="135.917341">
				<ele>517.052796</ele>
				<time>2024-12-14T22:37:00Z</time>
			</trkpt>
			<trkpt lat="35.242997" lon="135.917231">
				<ele>520.055364</ele>
				<time>2024-12-14T22:37:12Z</time>
			</trkpt>
			<trkpt lat="35.243035" lon="135.917124">
				<ele>525.715629</ele>
				<time>2024-12-14T22:37:24Z</time>
			</trkpt>
			<trkpt lat="35.243031" lon="135.917013">
				<ele>526.747600</ele>
				<time>2024-12-14T22:37:31Z</time>
			</trkpt>
			<trkpt lat="35.243128" lon="135.917025">
				<ele>529.274511</ele>
				<time>2024-12-14T22:37:36Z</time>
			</trkpt>
			<trkpt lat="35.243207" lon="135.917114">
				<ele>519.676821</ele>
				<time>2024-12-14T22:37:49Z</time>
			</trkpt>
			<trkpt lat="35.243107" lon="135.917139">
				<ele>517.797318</ele>
				<time>2024-12-14T22:37:53Z</time>
			</trkpt>
			<trkpt lat="35.243116" lon="135.917030">
				<ele>514.585324</ele>
				<time>2024-12-14T22:38:13Z</time>
			</trkpt>
			<trkpt lat="35.243202" lon="135.916984">
				<ele>510.151429</ele>
				<time>2024-12-14T22:38:37Z</time>
			</trkpt>
			<trkpt lat="35.243235" lon="135.916876">
				<ele>511.106476</ele>
				<time>2024-12-14T22:38:44Z</time>
			</trkpt>
			<trkpt lat="35.243171" lon="135.916773">
				<ele>512.097582</ele>
				<time>2024-12-14T22:38:49Z</time>
			</trkpt>
			<trkpt lat="35.243249" lon="135.916714">
				<ele>505.487657</ele>
				<time>2024-12-14T22:39:02Z</time>
			</trkpt>
			<trkpt lat="35.243374" lon="135.916688">
				<ele>518.533881</ele>
				<time>2024-12-14T22:39:16Z</time>
			</trkpt>
			<trkpt lat="35.243431" lon="135.916592">
				<ele>524.614011</ele>
				<time>2024-12-14T22:39:31Z</time>
			</trkpt>
			<trkpt lat="35.243421" lon="135.916470">
				<ele>527.978191</ele>
				<time>2024-12-14T22:39:40Z</time>
			</trkpt>
			<trkpt lat="35.243493" lon="135.916393">
				<ele>536.388378</ele>
				<time>2024-12-14T22:39:51Z</time>
			</trkpt>
			<trkpt lat="35.243517" lon="135.916281">
				<ele>539.611369</ele>
				<time>2024-12-14T22:40:01Z</time>
			</trkpt>
			<trkpt lat="35.243548" lon="135.916170">
				<ele>537.024570</ele>
				<time>2024-12-14T22:40:13Z</time>
			</trkpt>
			<trkpt lat="35.243643" lon="135.916144">
				<ele>536.294040</ele>
				<time>2024-12-14T22:40:31Z</time>
			</trkpt>
			<trkpt lat="35.243730" lon="135.916110">
				<ele>536.182855</ele>
				<time>2024-12-14T22:40:42Z</time>
			</trkpt>
			<trkpt lat="35.243664" lon="135.916026">
				<ele>539.607694</ele>
				<time>2024-12-14T22:40:45Z</time>
			</trkpt>
			<trkpt lat="35.243705" lon="135.915925">
				<ele>544.062021</ele>
				<time>2024-12-14T22:40:55Z</time>
			</trkpt>
			<trkpt lat="35.243793" lon="135.915861">
				<ele>544.185863</ele>
				<time>2024-12-14T22:41:05Z</time>
			</trkpt>
			<trkpt lat="35.243902" lon="135.915968">
				<ele>542.135377</ele>
				<time>2024-12-14T22:41:29Z</time>
			</trkpt>
			<trkpt lat="35.243909" lon="135.915852">
				<ele>543.101971</ele>
				<time>2024-12-14T22:41:39Z</time>
			</trkpt>
			<trkpt lat="35.243943" lon="135.915744">
				<ele>552.699810</ele>
				<time>2024-12-14T22:41:47Z</time>
			</trkpt>
			<trkpt lat="35.243958" lon="135.915628">
				<ele>558.265672</ele>
				<time>2024-12-14T22:41:53Z</time>
			</trkpt>
			<trkpt lat="35.244018" lon="135.915545">
				<ele>566.394285</ele>
				<time>2024-12-14T22:42:00Z</time>
			</trkpt>
			<trkpt lat="35.243962" lon="135.915645">
				<ele>553.551030</ele>
				<time>2024-12-14T22:42:46Z</time>
			</trkpt>
			<trkpt lat="35.244028" lon="135.915551">
				<ele>553.071871</ele>
				<time>2024-12-14T22:43:05Z</time>
			</trkpt>
			<trkpt lat="35.244041" lon="135.915440">
				<ele>564.506763</ele>
				<time>2024-12-14T22:43:47Z</time>
			</trkpt>
			<trkpt lat="35.244016" lon="135.915552">
				<ele>563.291852</ele>
				<time>2024-12-14T22:43:55Z</time>
			</trkpt>
			<trkpt lat="35.244047" lon="135.915435">
				<ele>562.401341</ele>
				<time>2024-12-14T22:44:12Z</time>
			</trkpt>
			<trkpt lat="35.244113" lon="135.915357">
				<ele>565.149464</ele>
				<time>2024-12-14T22:44:20Z</time>
			</trkpt>
			<trkpt lat="35.244228" lon="135.915359">
				<ele>563.870276</ele>
				<time>2024-12-14T22:44:23Z</time>
			</trkpt>
			<trkpt lat="35.244209" lon="135.915243">
				<ele>567.150314</ele>
				<time>2024-12-14T22:44:54Z</time>
			</trkpt>
			<trkpt lat="35.244325" lon="135.915246">
				<ele>565.452353</ele>
				<time>2024-12-14T22:45:20Z</time>
			</trkpt>
			<trkpt lat="35.244485" lon="135.915095">
				<ele>567.907007</ele>
				<time>2024-12-14T22:45:30Z</time>
			</trkpt>
			<trkpt lat="35.244468" lon="135.914965">
				<ele>568.420584</ele>
				<time>2024-12-14T22:45:41Z</time>
			</trkpt>
			<trkpt lat="35.244487" lon="135.914857">
				<ele>586.302178</ele>
				<time>2024-12-14T22:46:01Z</time>
			</trkpt>
			<trkpt lat="35.244406" lon="135.914777">
				<ele>580.005111</ele>
				<time>2024-12-14T22:46:08Z</time>
			</trkpt>
			<trkpt lat="35.244356" lon="135.914875">
				<ele>577.123256</ele>
				<time>2024-12-14T22:46:36Z</time>
			</trkpt>
			<trkpt lat="35.244264" lon="135.914844">
				<ele>582.183226</ele>
				<time>2024-12-14T22:46:42Z</time>
			</trkpt>
			<trkpt lat="35.244344" lon="135.914779">
				<ele>583.408517</ele>
				<time>2024-12-14T22:46:51Z</time>
			</trkpt>
			<trkpt lat="35.244403" lon="135.914666">
				<ele>585.027189</ele>
				<time>2024-12-14T22:46:59Z</time>
			</trkpt>
			<trkpt lat="35.244475" lon="135.914587">
				<ele>581.985008</ele>
				<time>2024-12-14T22:47:10Z</time>
			</trkpt>
			<trkpt lat="35.244495" lon="135.914465">
				<ele>580.998502</ele>
				<time>2024-12-14T22:47:18Z</time>
			</trkpt>
			<trkpt lat="35.244562" lon="135.914391">
				<ele>589.065316</ele>
				<time>2024-12-14T22:47:35Z</time>
			</trkpt>
			<trkpt lat="35.244563" lon="135.914271">
				<ele>584.522536</ele>
				<time>2024-12-14T22:48:10Z</time>
			</trkpt>
			<trkpt lat="35.244662" lon="135.914241">
				<ele>595.980634</ele>
				<time>2024-12-14T22:48:27Z</time>
			</trkpt>
			<trkpt lat="35.244715" lon="135.914146">
				<ele>587.763746</ele>
				<time>2024-12-14T22:48:46Z</time>
			</trkpt>
			<trkpt lat="35.244622" lon="135.914120">
				<ele>590.374649</ele>
				<time>2024-12-14T22:48:57Z</time>
			</trkpt>
			<trkpt lat="35.244652" lon="135.914012">
				<ele>607.221198</ele>
				<time>2024-12-14T22:49:31Z</time>
			</trkpt>
			<trkpt lat="35.244639" lon="135.913901">
				<ele>594.607864</ele>
				<time>2024-12-14T22:49:44Z</time>
			</trkpt>
			<trkpt lat="35.244541" lon="135.913891">
				<ele>598.184918</ele>
				<time>2024-12-14T22:49:58Z</time>
			</trkpt>
			<trkpt lat="35.244617" lon="135.913767">
				<ele>608.391811</ele>
				<time>2024-12-14T22:50:06Z</time>
			</trkpt>
			<trkpt lat="35.244533" lon="135.913818">
				<ele>604.449840</ele>
				<time>2024-12-14T22:50:15Z</time>
			</trkpt>
			<trkpt lat="35.244636" lon="135.913767">
				<ele>610.155342</ele>
				<time>2024-12-14T22:50:27Z</time>
			</trkpt>
			<trkpt lat="35.244594" lon="135.913660">
				<ele>616.153074</ele>
				<time>2024-12-14T22:50:36Z</time>
			</trkpt>
			<trkpt lat="35.244542" lon="135.913512">
				<ele>609.584720</ele>
				<time>2024-12-14T22:51:02Z</time>
			</trkpt>
			<trkpt lat="35.244480" lon="135.913596">
				<ele>609.319928</ele>
				<time>2024-12-14T22:51:09Z</time>
			</trkpt>
			<trkpt lat="35.244436" lon="135.913699">
				<ele>608.117548</ele>
				<time>2024-12-14T22:51:17Z</time>
			</trkpt>
			<trkpt lat="35.244523" lon="135.913737">
				<ele>609.061329</ele>
				<time>2024-12-14T22:51:22Z</time>
			</trkpt>
			<trkpt lat="35.244426" lon="135.913781">
				<ele>606.258125</ele>
				<time>2024-12-14T22:52:04Z</time>
			</trkpt>
			<trkpt lat="35.244574" lon="135.913791">
				<ele>596.982498</ele>
				<time>2024-12-14T22:52:54Z</time>
			</trkpt>
			<trkpt lat="35.244677" lon="135.913753">
				<ele>590.227596</ele>
				<time>2024-12-14T22:53:52Z</time>
			</trkpt>
			<trkpt lat="35.244575" lon="135.913705">
				<ele>592.059308</ele>
				<time>2024-12-14T22:54:25Z</time>
			</trkpt>
			<trkpt lat="35.244559" lon="135.913588">
				<ele>591.334456</ele>
				<time>2024-12-14T22:54:32Z</time>
			</trkpt>
			<trkpt lat="35.244527" lon="135.913480">
				<ele>604.141138</ele>
				<time>2024-12-14T22:54:42Z</time>
			</trkpt>
			<trkpt lat="35.244628" lon="135.913489">
				<ele>598.959718</ele>
				<time>2024-12-14T22:54:52Z</time>
			</trkpt>
			<trkpt lat="35.244710" lon="135.913441">
				<ele>598.774166</ele>
				<time>2024-12-14T22:55:04Z</time>
			</trkpt>
			<trkpt lat="35.244713" lon="135.913319">
				<ele>598.849970</ele>
				<time>2024-12-14T22:55:19Z</time>
			</trkpt>
			<trkpt lat="35.244709" lon="135.913189">
				<ele>601.219185</ele>
				<time>2024-12-14T22:55:29Z</time>
			</trkpt>
			<trkpt lat="35.244652" lon="135.913104">
				<ele>603.492122</ele>
				<time>2024-12-14T22:55:36Z</time>
			</trkpt>
			<trkpt lat="35.244586" lon="135.912999">
				<ele>618.631387</ele>
				<time>2024-12-14T22:55:46Z</time>
			</trkpt>
			<trkpt lat="35.244570" lon="135.912885">
				<ele>614.312688</ele>
				<time>2024-12-14T22:55:55Z</time>
			</trkpt>
			<trkpt lat="35.244568" lon="135.913000">
				<ele>626.385238</ele>
				<time>2024-12-14T22:56:03Z</time>
			</trkpt>
			<trkpt lat="35.244481" lon="135.912902">
				<ele>630.503530</ele>
				<time>2024-12-14T22:56:38Z</time>
			</trkpt>
			<trkpt lat="35.244396" lon="135.912959">
				<ele>641.229629</ele>
				<time>2024-12-14T22:56:50Z</time>
			</trkpt>
			<trkpt lat="35.244495" lon="135.912912">
				<ele>639.373853</ele>
				<time>2024-12-14T22:56:57Z</time>
			</trkpt>
			<trkpt lat="35.244566" lon="135.912844">
				<ele>640.018608</ele>
				<time>2024-12-14T22:57:26Z</time>
			</trkpt>
			<trkpt lat="35.244682" lon="135.912821">
				<ele>644.015762</ele>
				<time>2024-12-14T22:57:35Z</time>
			</trkpt>
			<trkpt lat="35.244766" lon="135.912865">
				<ele>630.076363</ele>
				<time>2024-12-14T22:57:55Z</time>
			</trkpt>
			<trkpt lat="35.244774" lon="135.912749">
				<ele>628.040158</ele>
				<time>2024-12-14T22:58:30Z</time>
			</trkpt>
			<trkpt lat="35.244785" lon="135.912637">
				<ele>632.771511</ele>
				<time>2024-12-14T22:58:41Z</time>
			</trkpt>
			<trkpt lat="35.244811" lon="135.912529">
				<ele>638.021595</ele>
				<time>2024-12-14T22:58:52Z</time>
			</trkpt>
			<trkpt lat="35.244909" lon="135.912507">
				<ele>642.620190</ele>
				<time>2024-12-14T22:59:12Z</time>
			</trkpt>
			<trkpt lat="35.244934" lon="135.912375">
				<ele>647.991747</ele>
				<time>2024-12-14T22:59:30Z</time>
			</trkpt>
			<trkpt lat="35.244991" lon="135.912270">
				<ele>647.143864</ele>
				<time>2024-12-14T22:59:38Z</time>
			</trkpt>
			<trkpt lat="35.244962" lon="135.912157">
				<ele>636.644306</ele>
				<time>2024-12-14T23:00:12Z</time>
			</trkpt>
			<trkpt lat="35.245013" lon="135.912067">
				<ele>651.361413</ele>
				<time>2024-12-14T23:00:20Z</time>
			</trkpt>
			<trkpt lat="35.245086" lon="135.911994">
				<ele>650.326147</ele>
				<time>2024-12-14T23:00:31Z</time>
			</trkpt>
			<trkpt lat="35.245084" lon="135.911876">
				<ele>653.400047</ele>
				<time>2024-12-14T23:00:52Z</time>
			</trkpt>
			<trkpt lat="35.245145" lon="135.911746">
				<ele>641.329062</ele>
				<time>2024-12-14T23:01:21Z</time>
			</trkpt>
			<trkpt lat="35.245216" lon="135.911826">
				<ele>638.822313</ele>
				<time>2024-12-14T23:01:41Z</time>
			</trkpt>
			<trkpt lat="35.245157" lon="135.911727">
				<ele>637.041382</ele>
				<time>2024-12-14T23:01:59Z</time>
			</trkpt>
			<trkpt lat="35.245156" lon="135.911614">
				<ele>639.363209</ele>
				<time>2024-12-14T23:02:11Z</time>
			</trkpt>
			<trkpt lat="35.245192" lon="135.911512">
				<ele>642.000783</ele>
				<time>2024-12-14T23:02:52Z</time>
			</trkpt>
			<trkpt lat="35.245284" lon="135.911487">
				<ele>663.464603</ele>
				<time>2024-12-14T23:03:00Z</time>
			</trkpt>
			<trkpt lat="35.245306" lon="135.911374">
				<ele>670.750568</ele>
				<time>2024-12-14T23:03:21Z</time>
			</trkpt>
			<trkpt lat="35.245294" lon="135.911264">
				<ele>673.069321</ele>
				<time>2024-12-14T23:03:34Z</time>
			</trkpt>
			<trkpt lat="35.245307" lon="135.911404">
				<ele>670.737696</ele>
				<time>2024-12-14T23:03:54Z</time>
			</trkpt>
			<trkpt lat="35.245294" lon="135.911296">
				<ele>666.440473</ele>
				<time>2024-12-14T23:04:28Z</time>
			</trkpt>
			<trkpt lat="35.245387" lon="135.911276">
				<ele>669.883103</ele>
				<time>2024-12-14T23:05:00Z</time>
			</trkpt>
			<trkpt lat="35.245298" lon="135.911241">
				<ele>666.972666</ele>
				<time>2024-12-14T23:05:22Z</time>
			</trkpt>
			<trkpt lat="35.245215" lon="135.911310">
				<ele>671.366248</ele>
				<time>2024-12-14T23:05:47Z</time>
			</trkpt>
			<trkpt lat="35.245318" lon="135.911311">
				<ele>667.204478</ele>
				<time>2024-12-14T23:06:25Z</time>
			</trkpt>
			<trkpt lat="35.245345" lon="135.911194">
				<ele>671.215010</ele>
				<time>2024-12-14T23:06:37Z</time>
			</trkpt>
			<trkpt lat="35.245285" lon="135.911294">
				<ele>670.347748</ele>
				<time>2024-12-14T23:06:46Z</time>
			</trkpt>
			<trkpt lat="35.245217" lon="135.911216">
				<ele>668.967514</ele>
				<time>2024-12-14T23:07:07Z</time>
			</trkpt>
			<trkpt lat="35.245245" lon="135.911337">
				<ele>667.276234</ele>
				<time>2024-12-14T23:07:21Z</time>
			</trkpt>
			<trkpt lat="35.245402" lon="135.911187">
				<ele>671.494642</ele>
				<time>2024-12-14T23:07:34Z</time>
			</trkpt>
			<trkpt lat="35.245314" lon="135.911265">
				<ele>682.374989</ele>
				<time>2024-12-14T23:07:46Z</time>
			</trkpt>
			<trkpt lat="35.245311" lon="135.911148">
				<ele>681.216191</ele>
				<time>2024-12-14T23:08:08Z</time>
			</trkpt>
			<trkpt lat="35.245230" lon="135.911078">
				<ele>678.648744</ele>
				<time>2024-12-14T23:08:44Z</time>
			</trkpt>
			<trkpt lat="35.245128" lon="135.911096">
				<ele>681.454937</ele>
				<time>2024-12-14T23:09:19Z</time>
			</trkpt>
			<trkpt lat="35.245225" lon="135.911117">
				<ele>677.571166</ele>
				<time>2024-12-14T23:09:22Z</time>
			</trkpt>
			<trkpt lat="35.245333" lon="135.911141">
				<ele>677.313545</ele>
				<time>2024-12-14T23:09:25Z</time>
			</trkpt>
			<trkpt lat="35.245291" lon="135.911039">
				<ele>677.277575</ele>
				<time>2024-12-14T23:09:52Z</time>
			</trkpt>
			<trkpt lat="35.245297" lon="135.910894">
				<ele>673.623470</ele>
				<time>2024-12-14T23:10:00Z</time>
			</trkpt>
			<trkpt lat="35.245314" lon="135.911007">
				<ele>673.660771</ele>
				<time>2024-12-14T23:10:31Z</time>
			</trkpt>
			<trkpt lat="35.245342" lon="135.911118">
				<ele>672.253268</ele>
				<time>2024-12-14T23:11:17Z</time>
			</trkpt>
			<trkpt lat="35.245395" lon="135.911214">
				<ele>668.956669</ele>
				<time>2024-12-14T23:11:55Z</time>
			</trkpt>
			<trkpt lat="35.245349" lon="135.911314">
				<ele>669.626246</ele>
				<time>2024-12-14T23:12:31Z</time>
			</trkpt>
			<trkpt lat="35.245437" lon="135.911290">
				<ele>670.080343</ele>
				<time>2024-12-14T23:12:59Z</time>
			</trkpt>
			<trkpt lat="35.245460" lon="135.911146">
				<ele>670.488755</ele>
				<time>2024-12-14T23:13:14Z</time>
			</trkpt>
			<trkpt lat="35.245554" lon="135.911164">
				<ele>671.536868</ele>
				<time>2024-12-14T23:13:45Z</time>
			</trkpt>
			<trkpt lat="35.245498" lon="135.911058">
				<ele>675.336336</ele>
				<time>2024-12-14T23:14:23Z</time>
			</trkpt>
			<trkpt lat="35.245598" lon="135.911066">
				<ele>675.971976</ele>
				<time>2024-12-14T23:14:38Z</time>
			</trkpt>
			<trkpt lat="35.245660" lon="135.910980">
				<ele>680.833349</ele>
				<time>2024-12-14T23:15:42Z</time>
			</trkpt>
			<trkpt lat="35.245727" lon="135.910886">
				<ele>689.937296</ele>
				<time>2024-12-14T23:19:03Z</time>
			</trkpt>
			<trkpt lat="35.245803" lon="135.910824">
				<ele>695.983516</ele>
				<time>2024-12-14T23:19:28Z</time>
			</trkpt>
			<trkpt lat="35.245821" lon="135.910713">
				<ele>692.659392</ele>
				<time>2024-12-14T23:20:05Z</time>
			</trkpt>
			<trkpt lat="35.245843" lon="135.910597">
				<ele>709.851753</ele>
				<time>2024-12-14T23:20:57Z</time>
			</trkpt>
			<trkpt lat="35.245941" lon="135.910601">
				<ele>710.409081</ele>
				<time>2024-12-14T23:22:44Z</time>
			</trkpt>
			<trkpt lat="35.245919" lon="135.910713">
				<ele>713.328832</ele>
				<time>2024-12-14T23:22:52Z</time>
			</trkpt>
			<trkpt lat="35.245910" lon="135.910592">
				<ele>705.683949</ele>
				<time>2024-12-14T23:23:14Z</time>
			</trkpt>
			<trkpt lat="35.245930" lon="135.910480">
				<ele>710.292845</ele>
				<time>2024-12-14T23:23:24Z</time>
			</trkpt>
			<trkpt lat="35.245973" lon="135.910383">
				<ele>710.587633</ele>
				<time>2024-12-14T23:23:46Z</time>
			</trkpt>
			<trkpt lat="35.246065" lon="135.910334">
				<ele>716.320606</ele>
				<time>2024-12-14T23:24:01Z</time>
			</trkpt>
			<trkpt lat="35.246115" lon="135.910239">
				<ele>716.152100</ele>
				<time>2024-12-14T23:24:10Z</time>
			</trkpt>
			<trkpt lat="35.246121" lon="135.910125">
				<ele>721.945660</ele>
				<time>2024-12-14T23:24:17Z</time>
			</trkpt>
			<trkpt lat="35.246174" lon="135.910025">
				<ele>719.912550</ele>
				<time>2024-12-14T23:24:43Z</time>
			</trkpt>
			<trkpt lat="35.246083" lon="135.909961">
				<ele>725.926431</ele>
				<time>2024-12-14T23:24:57Z</time>
			</trkpt>
			<trkpt lat="35.246142" lon="135.909872">
				<ele>732.853648</ele>
				<time>2024-12-14T23:25:51Z</time>
			</trkpt>
			<trkpt lat="35.246102" lon="135.909763">
				<ele>737.202810</ele>
				<time>2024-12-14T23:26:16Z</time>
			</trkpt>
			<trkpt lat="35.246180" lon="135.909704">
				<ele>739.224406</ele>
				<time>2024-12-14T23:26:23Z</time>
			</trkpt>
			<trkpt lat="35.246256" lon="135.909599">
				<ele>739.746615</ele>
				<time>2024-12-14T23:26:43Z</time>
			</trkpt>
			<trkpt lat="35.246211" lon="135.909706">
				<ele>757.640740</ele>
				<time>2024-12-14T23:27:02Z</time>
			</trkpt>
			<trkpt lat="35.246152" lon="135.909623">
				<ele>750.983868</ele>
				<time>2024-12-14T23:27:05Z</time>
			</trkpt>
			<trkpt lat="35.246244" lon="135.909632">
				<ele>754.697937</ele>
				<time>2024-12-14T23:27:15Z</time>
			</trkpt>
			<trkpt lat="35.246304" lon="135.909540">
				<ele>749.918356</ele>
				<time>2024-12-14T23:27:27Z</time>
			</trkpt>
			<trkpt lat="35.246389" lon="135.909498">
				<ele>744.148130</ele>
				<time>2024-12-14T23:27:39Z</time>
			</trkpt>
			<trkpt lat="35.246476" lon="135.909439">
				<ele>737.204297</ele>
				<time>2024-12-14T23:27:59Z</time>
			</trkpt>
			<trkpt lat="35.246424" lon="135.909337">
				<ele>751.392079</ele>
				<time>2024-12-14T23:28:16Z</time>
			</trkpt>
			<trkpt lat="35.246400" lon="135.909227">
				<ele>755.888549</ele>
				<time>2024-12-14T23:28:44Z</time>
			</trkpt>
			<trkpt lat="35.246427" lon="135.909107">
				<ele>767.193760</ele>
				<time>2024-12-14T23:29:03Z</time>
			</trkpt>
			<trkpt lat="35.246522" lon="135.909136">
				<ele>773.924265</ele>
				<time>2024-12-14T23:29:24Z</time>
			</trkpt>
			<trkpt lat="35.246501" lon="135.909249">
				<ele>771.701935</ele>
				<time>2024-12-14T23:29:43Z</time>
			</trkpt>
			<trkpt lat="35.246543" lon="135.909149">
				<ele>771.529659</ele>
				<time>2024-12-14T23:31:24Z</time>
			</trkpt>
			<trkpt lat="35.246610" lon="135.909050">
				<ele>774.719322</ele>
				<time>2024-12-14T23:32:32Z</time>
			</trkpt>
			<trkpt lat="35.246493" lon="135.909026">
				<ele>785.038687</ele>
				<time>2024-12-14T23:32:38Z</time>
			</trkpt>
			<trkpt lat="35.246401" lon="135.908977">
				<ele>781.331479</ele>
				<time>2024-12-14T23:32:46Z</time>
			</trkpt>
			<trkpt lat="35.246509" lon="135.908923">
				<ele>781.041632</ele>
				<time>2024-12-14T23:32:58Z</time>
			</trkpt>
			<trkpt lat="35.246606" lon="135.908886">
				<ele>790.338898</ele>
				<time>2024-12-14T23:33:05Z</time>
			</trkpt>
			<trkpt lat="35.246710" lon="135.908850">
				<ele>786.714276</ele>
				<time>2024-12-14T23:33:46Z</time>
			</trkpt>
			<trkpt lat="35.246781" lon="135.908749">
				<ele>779.475728</ele>
				<time>2024-12-14T23:33:58Z</time>
			</trkpt>
			<trkpt lat="35.246688" lon="135.908756">
				<ele>774.345129</ele>
				<time>2024-12-14T23:34:47Z</time>
			</trkpt>
			<trkpt lat="35.246752" lon="135.908675">
				<ele>797.391728</ele>
				<time>2024-12-14T23:35:17Z</time>
			</trkpt>
			<trkpt lat="35.246667" lon="135.908634">
				<ele>797.957429</ele>
				<time>2024-12-14T23:35:25Z</time>
			</trkpt>
			<trkpt lat="35.246751" lon="135.908574">
				<ele>795.771851</ele>
				<time>2024-12-14T23:35:32Z</time>
			</trkpt>
			<trkpt lat="35.246706" lon="135.908468">
				<ele>792.407547</ele>
				<time>2024-12-14T23:35:51Z</time>
			</trkpt>
			<trkpt lat="35.246800" lon="135.908427">
				<ele>792.093271</ele>
				<time>2024-12-14T23:36:02Z</time>
			</trkpt>
			<trkpt lat="35.246857" lon="135.908341">
				<ele>818.124011</ele>
				<time>2024-12-14T23:37:06Z</time>
			</trkpt>
			<trkpt lat="35.246944" lon="135.908307">
				<ele>808.654742</ele>
				<time>2024-12-14T23:38:00Z</time>
			</trkpt>
			<trkpt lat="35.246924" lon="135.908193">
				<ele>813.360296</ele>
				<time>2024-12-14T23:38:10Z</time>
			</trkpt>
			<trkpt lat="35.247011" lon="135.908228">
				<ele>812.070753</ele>
				<time>2024-12-14T23:38:17Z</time>
			</trkpt>
			<trkpt lat="35.246961" lon="135.908127">
				<ele>823.953753</ele>
				<time>2024-12-14T23:38:57Z</time>
			</trkpt>
			<trkpt lat="35.246868" lon="135.908151">
				<ele>824.668331</ele>
				<time>2024-12-14T23:39:04Z</time>
			</trkpt>
			<trkpt lat="35.246959" lon="135.908124">
				<ele>826.584981</ele>
				<time>2024-12-14T23:39:21Z</time>
			</trkpt>
			<trkpt lat="35.247024" lon="135.908207">
				<ele>829.700171</ele>
				<time>2024-12-14T23:39:27Z</time>
			</trkpt>
			<trkpt lat="35.246938" lon="135.908134">
				<ele>829.262362</ele>
				<time>2024-12-14T23:39:35Z</time>
			</trkpt>
			<trkpt lat="35.247030" lon="135.908100">
				<ele>825.932212</ele>
				<time>2024-12-14T23:39:50Z</time>
			</trkpt>
			<trkpt lat="35.247093" lon="135.908013">
				<ele>821.502063</ele>
				<time>2024-12-14T23:40:27Z</time>
			</trkpt>
			<trkpt lat="35.247152" lon="135.907924">
				<ele>835.872723</ele>
				<time>2024-12-14T23:41:22Z</time>
			</trkpt>
			<trkpt lat="35.247219" lon="135.907832">
				<ele>846.849081</ele>
				<time>2024-12-14T23:42:04Z</time>
			</trkpt>
			<trkpt lat="35.247297" lon="135.907771">
				<ele>845.883274</ele>
				<time>2024-12-14T23:43:06Z</time>
			</trkpt>
			<trkpt lat="35.247253" lon="135.907670">
				<ele>849.475504</ele>
				<time>2024-12-14T23:43:15Z</time>
			</trkpt>
			<trkpt lat="35.247258" lon="135.907805">
				<ele>857.688235</ele>
				<time>2024-12-14T23:44:03Z</time>
			</trkpt>
			<trkpt lat="35.247316" lon="135.907715">
				<ele>854.856391</ele>
				<time>2024-12-14T23:44:11Z</time>
			</trkpt>
			<trkpt lat="35.247298" lon="135.907601">
				<ele>857.812306</ele>
				<time>2024-12-14T23:44:21Z</time>
			</trkpt>
			<trkpt lat="35.247324" lon="135.907471">
				<ele>863.317984</ele>
				<time>2024-12-14T23:44:33Z</time>
			</trkpt>
			<trkpt lat="35.247374" lon="135.907580">
				<ele>863.063465</ele>
				<time>2024-12-14T23:44:48Z</time>
			</trkpt>
			<trkpt lat="35.247329" lon="135.907474">
				<ele>862.880149</ele>
				<time>2024-12-14T23:45:42Z</time>
			</trkpt>
			<trkpt lat="35.247422" lon="135.907450">
				<ele>864.814528</ele>
				<time>2024-12-14T23:45:49Z</time>
			</trkpt>
			<trkpt lat="35.247343" lon="135.907373">
				<ele>862.744960</ele>
				<time>2024-12-14T23:45:56Z</time>
			</trkpt>
			<trkpt lat="35.247429" lon="135.907327">
				<ele>870.516444</ele>
				<time>2024-12-14T23:46:33Z</time>
			</trkpt>
			<trkpt lat="35.247407" lon="135.907215">
				<ele>871.657386</ele>
				<time>2024-12-14T23:46:50Z</time>
			</trkpt>
			<trkpt lat="35.247305" lon="135.907209">
				<ele>873.906114</ele>
				<time>2024-12-14T23:46:59Z</time>
			</trkpt>
			<trkpt lat="35.247411" lon="135.907212">
				<ele>872.943620</ele>
				<time>2024-12-14T23:47:07Z</time>
			</trkpt>
			<trkpt lat="35.247436" lon="135.907100">
				<ele>874.258419</ele>
				<time>2024-12-14T23:47:54Z</time>
			</trkpt>
			<trkpt lat="35.247515" lon="135.907038">
				<ele>869.943234</ele>
				<time>2024-12-14T23:48:59Z</time>
			</trkpt>
			<trkpt lat="35.247581" lon="135.906953">
				<ele>873.230255</ele>
				<time>2024-12-14T23:49:37Z</time>
			</trkpt>
			<trkpt lat="35.247588" lon="135.906831">
				<ele>879.508742</ele>
				<time>2024-12-14T23:50:00Z</time>
			</trkpt>
			<trkpt lat="35.247631" lon="135.906732">
				<ele>878.777007</ele>
				<time>2024-12-14T23:50:33Z</time>
			</trkpt>
			<trkpt lat="35.247664" lon="135.906628">
				<ele>883.384458</ele>
				<time>2024-12-14T23:51:05Z</time>
			</trkpt>
			<trkpt lat="35.247654" lon="135.906512">
				<ele>886.437605</ele>
				<time>2024-12-14T23:51:20Z</time>
			</trkpt>
			<trkpt lat="35.247696" lon="135.906411">
				<ele>882.048374</ele>
				<time>2024-12-14T23:58:05Z</time>
			</trkpt>
			<trkpt lat="35.247719" lon="135.906259">
				<ele>878.486186</ele>
				<time>2024-12-14T23:58:24Z</time>
			</trkpt>
			<trkpt lat="35.247747" lon="135.906152">
				<ele>877.466364</ele>
				<time>2024-12-14T23:58:28Z</time>
			</trkpt>
			<trkpt lat="35.247810" lon="135.906073">
				<ele>877.687517</ele>
				<time>2024-12-14T23:58:36Z</time>
			</trkpt>
			<trkpt lat="35.247906" lon="135.906054">
				<ele>877.460623</ele>
				<time>2024-12-14T23:58:44Z</time>
			</trkpt>
			<trkpt lat="35.247983" lon="135.905977">
				<ele>876.477808</ele>
				<time>2024-12-14T23:58:52Z</time>
			</trkpt>
			<trkpt lat="35.248073" lon="135.905985">
				<ele>873.653504</ele>
				<time>2024-12-14T23:59:10Z</time>
			</trkpt>
			<trkpt lat="35.248115" lon="135.905886">
				<ele>872.941786</ele>
				<time>2024-12-14T23:59:21Z</time>
			</trkpt>
			<trkpt lat="35.248187" lon="135.905816">
				<ele>873.875463</ele>
				<time>2024-12-14T23:59:35Z</time>
			</trkpt>
			<trkpt lat="35.248279" lon="135.905803">
				<ele>872.682241</ele>
				<time>2024-12-14T23:59:44Z</time>
			</trkpt>
			<trkpt lat="35.248352" lon="135.905721">
				<ele>869.033322</ele>
				<time>2024-12-14T23:59:53Z</time>
			</trkpt>
			<trkpt lat="35.248437" lon="135.905648">
				<ele>866.636162</ele>
				<time>2024-12-15T00:00:43Z</time>
			</trkpt>
			<trkpt lat="35.248390" lon="135.905554">
				<ele>865.493315</ele>
				<time>2024-12-15T00:00:53Z</time>
			</trkpt>
			<trkpt lat="35.248365" lon="135.905448">
				<ele>864.836180</ele>
				<time>2024-12-15T00:01:00Z</time>
			</trkpt>
			<trkpt lat="35.248463" lon="135.905442">
				<ele>868.675811</ele>
				<time>2024-12-15T00:01:19Z</time>
			</trkpt>
			<trkpt lat="35.248363" lon="135.905393">
				<ele>868.976444</ele>
				<time>2024-12-15T00:01:35Z</time>
			</trkpt>
			<trkpt lat="35.248461" lon="135.905432">
				<ele>868.827187</ele>
				<time>2024-12-15T00:02:26Z</time>
			</trkpt>
			<trkpt lat="35.248404" lon="135.905340">
				<ele>867.651335</ele>
				<time>2024-12-15T00:03:19Z</time>
			</trkpt>
			<trkpt lat="35.248415" lon="135.905230">
				<ele>873.716679</ele>
				<time>2024-12-15T00:03:25Z</time>
			</trkpt>
			<trkpt lat="35.248427" lon="135.905108">
				<ele>870.419565</ele>
				<time>2024-12-15T00:03:32Z</time>
			</trkpt>
			<trkpt lat="35.248447" lon="135.904988">
				<ele>869.068414</ele>
				<time>2024-12-15T00:03:41Z</time>
			</trkpt>
			<trkpt lat="35.248447" lon="135.904872">
				<ele>869.548114</ele>
				<time>2024-12-15T00:03:48Z</time>
			</trkpt>
			<trkpt lat="35.248501" lon="135.904759">
				<ele>867.480606</ele>
				<time>2024-12-15T00:04:08Z</time>
			</trkpt>
			<trkpt lat="35.248528" lon="135.904651">
				<ele>862.781934</ele>
				<time>2024-12-15T00:04:17Z</time>
			</trkpt>
			<trkpt lat="35.248507" lon="135.904539">
				<ele>863.124061</ele>
				<time>2024-12-15T00:04:32Z</time>
			</trkpt>
			<trkpt lat="35.248424" lon="135.904622">
				<ele>861.979051</ele>
				<time>2024-12-15T00:04:45Z</time>
			</trkpt>
			<trkpt lat="35.248459" lon="135.904511">
				<ele>863.069599</ele>
				<time>2024-12-15T00:05:07Z</time>
			</trkpt>
			<trkpt lat="35.248518" lon="135.904410">
				<ele>865.076138</ele>
				<time>2024-12-15T00:05:17Z</time>
			</trkpt>
			<trkpt lat="35.248433" lon="135.904366">
				<ele>865.307558</ele>
				<time>2024-12-15T00:05:44Z</time>
			</trkpt>
			<trkpt lat="35.248512" lon="135.904309">
				<ele>864.627060</ele>
				<time>2024-12-15T00:05:51Z</time>
			</trkpt>
			<trkpt lat="35.248558" lon="135.904208">
				<ele>857.687429</ele>
				<time>2024-12-15T00:06:05Z</time>
			</trkpt>
			<trkpt lat="35.248571" lon="135.904092">
				<ele>857.756004</ele>
				<time>2024-12-15T00:06:16Z</time>
			</trkpt>
			<trkpt lat="35.248652" lon="135.904043">
				<ele>861.464563</ele>
				<time>2024-12-15T00:06:24Z</time>
			</trkpt>
			<trkpt lat="35.248696" lon="135.903941">
				<ele>863.314330</ele>
				<time>2024-12-15T00:06:38Z</time>
			</trkpt>
			<trkpt lat="35.248710" lon="135.903827">
				<ele>866.698999</ele>
				<time>2024-12-15T00:06:47Z</time>
			</trkpt>
			<trkpt lat="35.248772" lon="135.903716">
				<ele>868.085520</ele>
				<time>2024-12-15T00:06:58Z</time>
			</trkpt>
			<trkpt lat="35.248863" lon="135.903715">
				<ele>867.758947</ele>
				<time>2024-12-15T00:07:27Z</time>
			</trkpt>
			<trkpt lat="35.248960" lon="135.903680">
				<ele>872.005239</ele>
				<time>2024-12-15T00:07:34Z</time>
			</trkpt>
			<trkpt lat="35.249034" lon="135.903613">
				<ele>866.969120</ele>
				<time>2024-12-15T00:07:43Z</time>
			</trkpt>
			<trkpt lat="35.249044" lon="135.903499">
				<ele>871.588143</ele>
				<time>2024-12-15T00:07:51Z</time>
			</trkpt>
			<trkpt lat="35.249110" lon="135.903424">
				<ele>872.239247</ele>
				<time>2024-12-15T00:07:59Z</time>
			</trkpt>
			<trkpt lat="35.249196" lon="135.903494">
				<ele>875.539091</ele>
				<time>2024-12-15T00:08:10Z</time>
			</trkpt>
			<trkpt lat="35.249277" lon="135.903418">
				<ele>871.403060</ele>
				<time>2024-12-15T00:08:28Z</time>
			</trkpt>
			<trkpt lat="35.249374" lon="135.903369">
				<ele>875.084394</ele>
				<time>2024-12-15T00:08:36Z</time>
			</trkpt>
			<trkpt lat="35.249299" lon="135.903432">
				<ele>885.385275</ele>
				<time>2024-12-15T00:08:56Z</time>
			</trkpt>
			<trkpt lat="35.249328" lon="135.903325">
				<ele>884.839581</ele>
				<time>2024-12-15T00:09:08Z</time>
			</trkpt>
			<trkpt lat="35.249415" lon="135.903279">
				<ele>886.642284</ele>
				<time>2024-12-15T00:09:14Z</time>
			</trkpt>
			<trkpt lat="35.249517" lon="135.903238">
				<ele>882.740665</ele>
				<time>2024-12-15T00:09:21Z</time>
			</trkpt>
			<trkpt lat="35.249567" lon="135.903141">
				<ele>885.422083</ele>
				<time>2024-12-15T00:09:32Z</time>
			</trkpt>
			<trkpt lat="35.249596" lon="135.903247">
				<ele>883.825921</ele>
				<time>2024-12-15T00:09:43Z</time>
			</trkpt>
			<trkpt lat="35.249622" lon="135.903131">
				<ele>877.088968</ele>
				<time>2024-12-15T00:11:16Z</time>
			</trkpt>
			<trkpt lat="35.249687" lon="135.903050">
				<ele>881.656366</ele>
				<time>2024-12-15T00:11:28Z</time>
			</trkpt>
			<trkpt lat="35.249758" lon="135.902979">
				<ele>881.048959</ele>
				<time>2024-12-15T00:11:37Z</time>
			</trkpt>
			<trkpt lat="35.249739" lon="135.902869">
				<ele>882.614247</ele>
				<time>2024-12-15T00:11:49Z</time>
			</trkpt>
			<trkpt lat="35.249741" lon="135.902985">
				<ele>882.445690</ele>
				<time>2024-12-15T00:11:53Z</time>
			</trkpt>
			<trkpt lat="35.249772" lon="135.902872">
				<ele>882.387006</ele>
				<time>2024-12-15T00:12:01Z</time>
			</trkpt>
			<trkpt lat="35.249854" lon="135.902810">
				<ele>888.753278</ele>
				<time>2024-12-15T00:12:09Z</time>
			</trkpt>
			<trkpt lat="35.249855" lon="135.902679">
				<ele>885.570301</ele>
				<time>2024-12-15T00:12:17Z</time>
			</trkpt>
			<trkpt lat="35.249884" lon="135.902564">
				<ele>891.102996</ele>
				<time>2024-12-15T00:12:26Z</time>
			</trkpt>
			<trkpt lat="35.249965" lon="135.902514">
				<ele>893.353384</ele>
				<time>2024-12-15T00:12:32Z</time>
			</trkpt>
			<trkpt lat="35.249899" lon="135.902418">
				<ele>891.402933</ele>
				<time>2024-12-15T00:12:45Z</time>
			</trkpt>
			<trkpt lat="35.249950" lon="135.902320">
				<ele>899.700285</ele>
				<time>2024-12-15T00:13:22Z</time>
			</trkpt>
			<trkpt lat="35.250020" lon="135.902249">
				<ele>900.276206</ele>
				<time>2024-12-15T00:13:32Z</time>
			</trkpt>
			<trkpt lat="35.250115" lon="135.902214">
				<ele>901.748257</ele>
				<time>2024-12-15T00:13:50Z</time>
			</trkpt>
			<trkpt lat="35.250201" lon="135.902168">
				<ele>897.363697</ele>
				<time>2024-12-15T00:14:02Z</time>
			</trkpt>
			<trkpt lat="35.250282" lon="135.902118">
				<ele>897.617794</ele>
				<time>2024-12-15T00:14:26Z</time>
			</trkpt>
			<trkpt lat="35.250359" lon="135.902048">
				<ele>897.827354</ele>
				<time>2024-12-15T00:14:35Z</time>
			</trkpt>
			<trkpt lat="35.250357" lon="135.901929">
				<ele>900.158258</ele>
				<time>2024-12-15T00:14:43Z</time>
			</trkpt>
			<trkpt lat="35.250409" lon="135.901830">
				<ele>902.215895</ele>
				<time>2024-12-15T00:14:58Z</time>
			</trkpt>
			<trkpt lat="35.250440" lon="135.901944">
				<ele>902.295647</ele>
				<time>2024-12-15T00:15:11Z</time>
			</trkpt>
			<trkpt lat="35.250391" lon="135.901850">
				<ele>905.019421</ele>
				<time>2024-12-15T00:15:36Z</time>
			</trkpt>
			<trkpt lat="35.250460" lon="135.901930">
				<ele>899.327709</ele>
				<time>2024-12-15T00:15:58Z</time>
			</trkpt>
			<trkpt lat="35.250526" lon="135.902024">
				<ele>898.719679</ele>
				<time>2024-12-15T00:16:30Z</time>
			</trkpt>
			<trkpt lat="35.250595" lon="135.901927">
				<ele>894.136617</ele>
				<time>2024-12-15T00:16:38Z</time>
			</trkpt>
			<trkpt lat="35.250663" lon="135.902020">
				<ele>901.372677</ele>
				<time>2024-12-15T00:17:05Z</time>
			</trkpt>
			<trkpt lat="35.250739" lon="135.901932">
				<ele>900.652404</ele>
				<time>2024-12-15T00:17:29Z</time>
			</trkpt>
			<trkpt lat="35.250775" lon="135.901829">
				<ele>907.490108</ele>
				<time>2024-12-15T00:17:50Z</time>
			</trkpt>
			<trkpt lat="35.250873" lon="135.901809">
				<ele>906.302016</ele>
				<time>2024-12-15T00:18:31Z</time>
			</trkpt>
			<trkpt lat="35.250850" lon="135.901938">
				<ele>901.391965</ele>
				<time>2024-12-15T00:19:04Z</time>
			</trkpt>
			<trkpt lat="35.250938" lon="135.901909">
				<ele>906.065601</ele>
				<time>2024-12-15T00:19:33Z</time>
			</trkpt>
			<trkpt lat="35.250936" lon="135.902040">
				<ele>906.140964</ele>
				<time>2024-12-15T00:19:50Z</time>
			</trkpt>
			<trkpt lat="35.250876" lon="135.902125">
				<ele>907.046636</ele>
				<time>2024-12-15T00:20:04Z</time>
			</trkpt>
			<trkpt lat="35.250973" lon="135.902163">
				<ele>909.838528</ele>
				<time>2024-12-15T00:20:18Z</time>
			</trkpt>
			<trkpt lat="35.251056" lon="135.902118">
				<ele>913.228470</ele>
				<time>2024-12-15T00:20:37Z</time>
			</trkpt>
			<trkpt lat="35.251150" lon="135.902124">
				<ele>914.538550</ele>
				<time>2024-12-15T00:21:11Z</time>
			</trkpt>
			<trkpt lat="35.251200" lon="135.902031">
				<ele>914.759071</ele>
				<time>2024-12-15T00:22:02Z</time>
			</trkpt>
			<trkpt lat="35.251204" lon="135.901920">
				<ele>927.601434</ele>
				<time>2024-12-15T00:22:15Z</time>
			</trkpt>
			<trkpt lat="35.251296" lon="135.901909">
				<ele>927.284674</ele>
				<time>2024-12-15T00:22:49Z</time>
			</trkpt>
			<trkpt lat="35.251261" lon="135.901779">
				<ele>920.927505</ele>
				<time>2024-12-15T00:23:37Z</time>
			</trkpt>
			<trkpt lat="35.251354" lon="135.901791">
				<ele>929.153350</ele>
				<time>2024-12-15T00:24:24Z</time>
			</trkpt>
			<trkpt lat="35.251443" lon="135.901808">
				<ele>927.027906</ele>
				<time>2024-12-15T00:24:53Z</time>
			</trkpt>
			<trkpt lat="35.251540" lon="135.901838">
				<ele>927.827400</ele>
				<time>2024-12-15T00:25:07Z</time>
			</trkpt>
			<trkpt lat="35.251633" lon="135.901809">
				<ele>930.523356</ele>
				<time>2024-12-15T00:25:31Z</time>
			</trkpt>
			<trkpt lat="35.251724" lon="135.901782">
				<ele>936.953493</ele>
				<time>2024-12-15T00:26:21Z</time>
			</trkpt>
			<trkpt lat="35.251657" lon="135.901857">
				<ele>939.843833</ele>
				<time>2024-12-15T00:26:30Z</time>
			</trkpt>
			<trkpt lat="35.251746" lon="135.901803">
				<ele>942.703492</ele>
				<time>2024-12-15T00:27:06Z</time>
			</trkpt>
			<trkpt lat="35.251843" lon="135.901794">
				<ele>943.047807</ele>
				<time>2024-12-15T00:27:16Z</time>
			</trkpt>
			<trkpt lat="35.251875" lon="135.901686">
				<ele>947.772936</ele>
				<time>2024-12-15T00:27:32Z</time>
			</trkpt>
			<trkpt lat="35.251963" lon="135.901722">
				<ele>949.399674</ele>
				<time>2024-12-15T00:28:16Z</time>
			</trkpt>
			<trkpt lat="35.252046" lon="135.901660">
				<ele>945.156353</ele>
				<time>2024-12-15T00:28:56Z</time>
			</trkpt>
			<trkpt lat="35.252128" lon="135.901607">
				<ele>960.510616</ele>
				<time>2024-12-15T00:31:08Z</time>
			</trkpt>
			<trkpt lat="35.252194" lon="135.901524">
				<ele>960.573160</ele>
				<time>2024-12-15T00:31:25Z</time>
			</trkpt>
			<trkpt lat="35.252273" lon="135.901435">
				<ele>962.046646</ele>
				<time>2024-12-15T00:31:33Z</time>
			</trkpt>
			<trkpt lat="35.252370" lon="135.901441">
				<ele>975.198135</ele>
				<time>2024-12-15T00:32:02Z</time>
			</trkpt>
			<trkpt lat="35.252403" lon="135.901322">
				<ele>974.111985</ele>
				<time>2024-12-15T00:32:55Z</time>
			</trkpt>
			<trkpt lat="35.252491" lon="135.901298">
				<ele>980.287585</ele>
				<time>2024-12-15T00:33:38Z</time>
			</trkpt>
			<trkpt lat="35.252575" lon="135.901342">
				<ele>977.281603</ele>
				<time>2024-12-15T00:34:13Z</time>
			</trkpt>
			<trkpt lat="35.252613" lon="135.901235">
				<ele>979.718661</ele>
				<time>2024-12-15T00:34:28Z</time>
			</trkpt>
			<trkpt lat="35.252553" lon="135.901132">
				<ele>982.080167</ele>
				<time>2024-12-15T00:34:35Z</time>
			</trkpt>
			<trkpt lat="35.252631" lon="135.901197">
				<ele>988.579251</ele>
				<time>2024-12-15T00:34:45Z</time>
			</trkpt>
			<trkpt lat="35.252724" lon="135.901209">
				<ele>982.312200</ele>
				<time>2024-12-15T00:35:07Z</time>
			</trkpt>
			<trkpt lat="35.252812" lon="135.901171">
				<ele>985.405080</ele>
				<time>2024-12-15T00:37:16Z</time>
			</trkpt>
			<trkpt lat="35.252910" lon="135.901187">
				<ele>996.099908</ele>
				<time>2024-12-15T00:37:44Z</time>
			</trkpt>
			<trkpt lat="35.253007" lon="135.901194">
				<ele>997.052910</ele>
				<time>2024-12-15T00:38:16Z</time>
			</trkpt>
			<trkpt lat="35.252907" lon="135.901192">
				<ele>994.007286</ele>
				<time>2024-12-15T00:38:27Z</time>
			</trkpt>
			<trkpt lat="35.252999" lon="135.901162">
				<ele>997.686733</ele>
				<time>2024-12-15T00:38:54Z</time>
			</trkpt>
			<trkpt lat="35.253092" lon="135.901159">
				<ele>997.417669</ele>
				<time>2024-12-15T00:39:41Z</time>
			</trkpt>
			<trkpt lat="35.253180" lon="135.901116">
				<ele>1002.069497</ele>
				<time>2024-12-15T00:39:53Z</time>
			</trkpt>
			<trkpt lat="35.253275" lon="135.901116">
				<ele>1008.290886</ele>
				<time>2024-12-15T00:40:53Z</time>
			</trkpt>
			<trkpt lat="35.253337" lon="135.901030">
				<ele>1012.357561</ele>
				<time>2024-12-15T00:41:10Z</time>
			</trkpt>
			<trkpt lat="35.253425" lon="135.900980">
				<ele>1020.341942</ele>
				<time>2024-12-15T00:41:22Z</time>
			</trkpt>
			<trkpt lat="35.253493" lon="135.900897">
				<ele>1012.914006</ele>
				<time>2024-12-15T00:41:45Z</time>
			</trkpt>
			<trkpt lat="35.253595" lon="135.900923">
				<ele>1022.433125</ele>
				<time>2024-12-15T00:42:07Z</time>
			</trkpt>
			<trkpt lat="35.253617" lon="135.900814">
				<ele>1023.437122</ele>
				<time>2024-12-15T00:43:18Z</time>
			</trkpt>
			<trkpt lat="35.253703" lon="135.900735">
				<ele>1023.257770</ele>
				<time>2024-12-15T00:43:41Z</time>
			</trkpt>
			<trkpt lat="35.253620" lon="135.900784">
				<ele>1025.741318</ele>
				<time>2024-12-15T00:43:52Z</time>
			</trkpt>
			<trkpt lat="35.253716" lon="135.900814">
				<ele>1017.417591</ele>
				<time>2024-12-15T00:44:10Z</time>
			</trkpt>
			<trkpt lat="35.253814" lon="135.900812">
				<ele>1028.490095</ele>
				<time>2024-12-15T00:44:28Z</time>
			</trkpt>
			<trkpt lat="35.253881" lon="135.900736">
				<ele>1036.371825</ele>
				<time>2024-12-15T00:44:57Z</time>
			</trkpt>
			<trkpt lat="35.253971" lon="135.900781">
				<ele>1024.770542</ele>
				<time>2024-12-15T00:45:18Z</time>
			</trkpt>
			<trkpt lat="35.254080" lon="135.900769">
				<ele>1036.327633</ele>
				<time>2024-12-15T00:45:31Z</time>
			</trkpt>
			<trkpt lat="35.254167" lon="135.900738">
				<ele>1041.774545</ele>
				<time>2024-12-15T00:46:34Z</time>
			</trkpt>
			<trkpt lat="35.254263" lon="135.900722">
				<ele>1043.853824</ele>
				<time>2024-12-15T00:48:41Z</time>
			</trkpt>
			<trkpt lat="35.254369" lon="135.900743">
				<ele>1042.312112</ele>
				<time>2024-12-15T00:48:49Z</time>
			</trkpt>
			<trkpt lat="35.254462" lon="135.900741">
				<ele>1047.989663</ele>
				<time>2024-12-15T00:49:08Z</time>
			</trkpt>
			<trkpt lat="35.254567" lon="135.900751">
				<ele>1055.133538</ele>
				<time>2024-12-15T00:50:07Z</time>
			</trkpt>
			<trkpt lat="35.254656" lon="135.900699">
				<ele>1063.019508</ele>
				<time>2024-12-15T00:50:17Z</time>
			</trkpt>
			<trkpt lat="35.254707" lon="135.900791">
				<ele>1061.144775</ele>
				<time>2024-12-15T00:50:39Z</time>
			</trkpt>
			<trkpt lat="35.254782" lon="135.900728">
				<ele>1057.468428</ele>
				<time>2024-12-15T00:51:17Z</time>
			</trkpt>
			<trkpt lat="35.254919" lon="135.900738">
				<ele>1068.766136</ele>
				<time>2024-12-15T00:51:46Z</time>
			</trkpt>
			<trkpt lat="35.254821" lon="135.900747">
				<ele>1062.276948</ele>
				<time>2024-12-15T00:52:25Z</time>
			</trkpt>
			<trkpt lat="35.254909" lon="135.900680">
				<ele>1063.970286</ele>
				<time>2024-12-15T00:55:34Z</time>
			</trkpt>
			<trkpt lat="35.255000" lon="135.900659">
				<ele>1068.427818</ele>
				<time>2024-12-15T00:55:43Z</time>
			</trkpt>
			<trkpt lat="35.255077" lon="135.900596">
				<ele>1074.214847</ele>
				<time>2024-12-15T00:56:10Z</time>
			</trkpt>
			<trkpt lat="35.255179" lon="135.900592">
				<ele>1081.508055</ele>
				<time>2024-12-15T00:56:25Z</time>
			</trkpt>
			<trkpt lat="35.255250" lon="135.900508">
				<ele>1084.883686</ele>
				<time>2024-12-15T00:56:55Z</time>
			</trkpt>
			<trkpt lat="35.255295" lon="135.900413">
				<ele>1092.659470</ele>
				<time>2024-12-15T00:57:31Z</time>
			</trkpt>
			<trkpt lat="35.255322" lon="135.900304">
				<ele>1083.069773</ele>
				<time>2024-12-15T00:57:51Z</time>
			</trkpt>
			<trkpt lat="35.255421" lon="135.900341">
				<ele>1090.150084</ele>
				<time>2024-12-15T00:58:16Z</time>
			</trkpt>
			<trkpt lat="35.255517" lon="135.900302">
				<ele>1092.531253</ele>
				<time>2024-12-15T00:58:43Z</time>
			</trkpt>
			<trkpt lat="35.255419" lon="135.900322">
				<ele>1096.519400</ele>
				<time>2024-12-15T01:03:23Z</time>
			</trkpt>
			<trkpt lat="35.255516" lon="135.900292">
				<ele>1092.011558</ele>
				<time>2024-12-15T01:03:44Z</time>
			</trkpt>
			<trkpt lat="35.255591" lon="135.900207">
				<ele>1102.132218</ele>
				<time>2024-12-15T01:04:08Z</time>
			</trkpt>
			<trkpt lat="35.255680" lon="135.900228">
				<ele>1100.702215</ele>
				<time>2024-12-15T01:04:19Z</time>
			</trkpt>
			<trkpt lat="35.255774" lon="135.900195">
				<ele>1105.813018</ele>
				<time>2024-12-15T01:04:39Z</time>
			</trkpt>
			<trkpt lat="35.255862" lon="135.900247">
				<ele>1102.404577</ele>
				<time>2024-12-15T01:05:06Z</time>
			</trkpt>
			<trkpt lat="35.255973" lon="135.900247">
				<ele>1105.445564</ele>
				<time>2024-12-15T01:05:32Z</time>
			</trkpt>
			<trkpt lat="35.256051" lon="135.900304">
				<ele>1122.156133</ele>
				<time>2024-12-15T01:05:47Z</time>
			</trkpt>
			<trkpt lat="35.256168" lon="135.900271">
				<ele>1129.555408</ele>
				<time>2024-12-15T01:06:49Z</time>
			</trkpt>
			<trkpt lat="35.256252" lon="135.900316">
				<ele>1125.957244</ele>
				<time>2024-12-15T01:07:33Z</time>
			</trkpt>
			<trkpt lat="35.256347" lon="135.900270">
				<ele>1130.233139</ele>
				<time>2024-12-15T01:08:02Z</time>
			</trkpt>
			<trkpt lat="35.256418" lon="135.900200">
				<ele>1131.077495</ele>
				<time>2024-12-15T01:08:48Z</time>
			</trkpt>
			<trkpt lat="35.256461" lon="135.900102">
				<ele>1134.361304</ele>
				<time>2024-12-15T01:09:09Z</time>
			</trkpt>
			<trkpt lat="35.256529" lon="135.900022">
				<ele>1140.396423</ele>
				<time>2024-12-15T01:09:30Z</time>
			</trkpt>
			<trkpt lat="35.256618" lon="135.899968">
				<ele>1140.654803</ele>
				<time>2024-12-15T01:09:47Z</time>
			</trkpt>
			<trkpt lat="35.256719" lon="135.899983">
				<ele>1141.198718</ele>
				<time>2024-12-15T01:10:19Z</time>
			</trkpt>
			<trkpt lat="35.256801" lon="135.899934">
				<ele>1144.319686</ele>
				<time>2024-12-15T01:10:32Z</time>
			</trkpt>
			<trkpt lat="35.256867" lon="135.899832">
				<ele>1149.362595</ele>
				<time>2024-12-15T01:10:44Z</time>
			</trkpt>
			<trkpt lat="35.256970" lon="135.899793">
				<ele>1146.993190</ele>
				<time>2024-12-15T01:11:56Z</time>
			</trkpt>
			<trkpt lat="35.257047" lon="135.899734">
				<ele>1144.107162</ele>
				<time>2024-12-15T01:12:04Z</time>
			</trkpt>
			<trkpt lat="35.257143" lon="135.899734">
				<ele>1148.295817</ele>
				<time>2024-12-15T01:12:15Z</time>
			</trkpt>
			<trkpt lat="35.257236" lon="135.899711">
				<ele>1151.839525</ele>
				<time>2024-12-15T01:12:23Z</time>
			</trkpt>
			<trkpt lat="35.257322" lon="135.899664">
				<ele>1150.340792</ele>
				<time>2024-12-15T01:12:38Z</time>
			</trkpt>
			<trkpt lat="35.257418" lon="135.899695">
				<ele>1156.899024</ele>
				<time>2024-12-15T01:12:48Z</time>
			</trkpt>
			<trkpt lat="35.257495" lon="135.899636">
				<ele>1155.644051</ele>
				<time>2024-12-15T01:13:59Z</time>
			</trkpt>
			<trkpt lat="35.257605" lon="135.899629">
				<ele>1154.978393</ele>
				<time>2024-12-15T01:14:32Z</time>
			</trkpt>
			<trkpt lat="35.257703" lon="135.899594">
				<ele>1155.627435</ele>
				<time>2024-12-15T01:14:46Z</time>
			</trkpt>
			<trkpt lat="35.257790" lon="135.899545">
				<ele>1164.189109</ele>
				<time>2024-12-15T01:14:57Z</time>
			</trkpt>
			<trkpt lat="35.257876" lon="135.899494">
				<ele>1161.678415</ele>
				<time>2024-12-15T01:15:40Z</time>
			</trkpt>
			<trkpt lat="35.257964" lon="135.899459">
				<ele>1166.275811</ele>
				<time>2024-12-15T01:16:58Z</time>
			</trkpt>
			<trkpt lat="35.258047" lon="135.899505">
				<ele>1166.167328</ele>
				<time>2024-12-15T01:17:04Z</time>
			</trkpt>
			<trkpt lat="35.258108" lon="135.899590">
				<ele>1174.058284</ele>
				<time>2024-12-15T01:21:34Z</time>
			</trkpt>
			<trkpt lat="35.258157" lon="135.899694">
				<ele>1175.774426</ele>
				<time>2024-12-15T01:21:43Z</time>
			</trkpt>
			<trkpt lat="35.258248" lon="135.899769">
				<ele>1171.025133</ele>
				<time>2024-12-15T01:21:49Z</time>
			</trkpt>
			<trkpt lat="35.258322" lon="135.899860">
				<ele>1176.321505</ele>
				<time>2024-12-15T01:22:27Z</time>
			</trkpt>
			<trkpt lat="35.258401" lon="135.899921">
				<ele>1176.501034</ele>
				<time>2024-12-15T01:22:36Z</time>
			</trkpt>
			<trkpt lat="35.258470" lon="135.899847">
				<ele>1177.189461</ele>
				<time>2024-12-15T01:23:33Z</time>
			</trkpt>
			<trkpt lat="35.258569" lon="135.899833">
				<ele>1177.895034</ele>
				<time>2024-12-15T01:23:48Z</time>
			</trkpt>
			<trkpt lat="35.258658" lon="135.899862">
				<ele>1177.264532</ele>
				<time>2024-12-15T01:24:00Z</time>
			</trkpt>
			<trkpt lat="35.258745" lon="135.899805">
				<ele>1181.714252</ele>
				<time>2024-12-15T01:24:13Z</time>
			</trkpt>
			<trkpt lat="35.258840" lon="135.899801">
				<ele>1182.372412</ele>
				<time>2024-12-15T01:24:40Z</time>
			</trkpt>
			<trkpt lat="35.258930" lon="135.899775">
				<ele>1182.292632</ele>
				<time>2024-12-15T01:25:05Z</time>
			</trkpt>
			<trkpt lat="35.259014" lon="135.899730">
				<ele>1180.525060</ele>
				<time>2024-12-15T01:25:18Z</time>
			</trkpt>
			<trkpt lat="35.259105" lon="135.899680">
				<ele>1183.426597</ele>
				<time>2024-12-15T01:27:57Z</time>
			</trkpt>
			<trkpt lat="35.259191" lon="135.899641">
				<ele>1182.398323</ele>
				<time>2024-12-15T01:28:08Z</time>
			</trkpt>
			<trkpt lat="35.259280" lon="135.899597">
				<ele>1180.207229</ele>
				<time>2024-12-15T01:28:30Z</time>
			</trkpt>
			<trkpt lat="35.259374" lon="135.899556">
				<ele>1180.590762</ele>
				<time>2024-12-15T01:28:42Z</time>
			</trkpt>
			<trkpt lat="35.259468" lon="135.899542">
				<ele>1178.703757</ele>
				<time>2024-12-15T01:28:54Z</time>
			</trkpt>
			<trkpt lat="35.259563" lon="135.899573">
				<ele>1175.580081</ele>
				<time>2024-12-15T01:29:07Z</time>
			</trkpt>
			<trkpt lat="35.259654" lon="135.899558">
				<ele>1174.909692</ele>
				<time>2024-12-15T01:29:26Z</time>
			</trkpt>
			<trkpt lat="35.259747" lon="135.899603">
				<ele>1174.252056</ele>
				<time>2024-12-15T01:29:36Z</time>
			</trkpt>
			<trkpt lat="35.259845" lon="135.899569">
				<ele>1173.747411</ele>
				<time>2024-12-15T01:29:45Z</time>
			</trkpt>
			<trkpt lat="35.259938" lon="135.899558">
				<ele>1172.782551</ele>
				<time>2024-12-15T01:29:55Z</time>
			</trkpt>
			<trkpt lat="35.260031" lon="135.899546">
				<ele>1169.084510</ele>
				<time>2024-12-15T01:30:07Z</time>
			</trkpt>
			<trkpt lat="35.260108" lon="135.899480">
				<ele>1167.745555</ele>
				<time>2024-12-15T01:30:32Z</time>
			</trkpt>
			<trkpt lat="35.260209" lon="135.899490">
				<ele>1167.257152</ele>
				<time>2024-12-15T01:30:43Z</time>
			</trkpt>
			<trkpt lat="35.260306" lon="135.899507">
				<ele>1167.290986</ele>
				<time>2024-12-15T01:30:51Z</time>
			</trkpt>
			<trkpt lat="35.260398" lon="135.899467">
				<ele>1162.552497</ele>
				<time>2024-12-15T01:31:04Z</time>
			</trkpt>
			<trkpt lat="35.260485" lon="135.899418">
				<ele>1165.958976</ele>
				<time>2024-12-15T01:31:21Z</time>
			</trkpt>
			<trkpt lat="35.260569" lon="135.899358">
				<ele>1167.021898</ele>
				<time>2024-12-15T01:31:33Z</time>
			</trkpt>
			<trkpt lat="35.260631" lon="135.899277">
				<ele>1162.948533</ele>
				<time>2024-12-15T01:31:48Z</time>
			</trkpt>
			<trkpt lat="35.260700" lon="135.899203">
				<ele>1163.615671</ele>
				<time>2024-12-15T01:32:07Z</time>
			</trkpt>
			<trkpt lat="35.260779" lon="135.899150">
				<ele>1162.803619</ele>
				<time>2024-12-15T01:32:26Z</time>
			</trkpt>
			<trkpt lat="35.260874" lon="135.899118">
				<ele>1161.710119</ele>
				<time>2024-12-15T01:32:34Z</time>
			</trkpt>
			<trkpt lat="35.260970" lon="135.899086">
				<ele>1162.411915</ele>
				<time>2024-12-15T01:32:46Z</time>
			</trkpt>
			<trkpt lat="35.261062" lon="135.899033">
				<ele>1163.252693</ele>
				<time>2024-12-15T01:32:56Z</time>
			</trkpt>
			<trkpt lat="35.261147" lon="135.898972">
				<ele>1161.943883</ele>
				<time>2024-12-15T01:33:02Z</time>
			</trkpt>
			<trkpt lat="35.261218" lon="135.898894">
				<ele>1160.060467</ele>
				<time>2024-12-15T01:33:14Z</time>
			</trkpt>
			<trkpt lat="35.261317" lon="135.898909">
				<ele>1160.667442</ele>
				<time>2024-12-15T01:33:35Z</time>
			</trkpt>
			<trkpt lat="35.261409" lon="135.898869">
				<ele>1156.900483</ele>
				<time>2024-12-15T01:33:47Z</time>
			</trkpt>
			<trkpt lat="35.261512" lon="135.898879">
				<ele>1155.002497</ele>
				<time>2024-12-15T01:33:57Z</time>
			</trkpt>
			<trkpt lat="35.261606" lon="135.898864">
				<ele>1153.792650</ele>
				<time>2024-12-15T01:34:08Z</time>
			</trkpt>
			<trkpt lat="35.261667" lon="135.898775">
				<ele>1150.196410</ele>
				<time>2024-12-15T01:34:29Z</time>
			</trkpt>
			<trkpt lat="35.261760" lon="135.898820">
				<ele>1149.899487</ele>
				<time>2024-12-15T01:34:39Z</time>
			</trkpt>
			<trkpt lat="35.261822" lon="135.898730">
				<ele>1151.706150</ele>
				<time>2024-12-15T01:34:50Z</time>
			</trkpt>
			<trkpt lat="35.261912" lon="135.898679">
				<ele>1143.471733</ele>
				<time>2024-12-15T01:35:09Z</time>
			</trkpt>
			<trkpt lat="35.261989" lon="135.898607">
				<ele>1141.219582</ele>
				<time>2024-12-15T01:35:17Z</time>
			</trkpt>
			<trkpt lat="35.262068" lon="135.898549">
				<ele>1141.732072</ele>
				<time>2024-12-15T01:35:26Z</time>
			</trkpt>
			<trkpt lat="35.262088" lon="135.898428">
				<ele>1138.006441</ele>
				<time>2024-12-15T01:35:34Z</time>
			</trkpt>
			<trkpt lat="35.262136" lon="135.898331">
				<ele>1137.989055</ele>
				<time>2024-12-15T01:35:42Z</time>
			</trkpt>
			<trkpt lat="35.262125" lon="135.898215">
				<ele>1134.564363</ele>
				<time>2024-12-15T01:35:51Z</time>
			</trkpt>
			<trkpt lat="35.262176" lon="135.898123">
				<ele>1134.114075</ele>
				<time>2024-12-15T01:36:32Z</time>
			</trkpt>
			<trkpt lat="35.262240" lon="135.898029">
				<ele>1136.120069</ele>
				<time>2024-12-15T01:36:42Z</time>
			</trkpt>
			<trkpt lat="35.262331" lon="135.898020">
				<ele>1136.984094</ele>
				<time>2024-12-15T01:38:09Z</time>
			</trkpt>
			<trkpt lat="35.262320" lon="135.897909">
				<ele>1136.004067</ele>
				<time>2024-12-15T01:38:43Z</time>
			</trkpt>
			<trkpt lat="35.262386" lon="135.897812">
				<ele>1137.462746</ele>
				<time>2024-12-15T01:38:54Z</time>
			</trkpt>
			<trkpt lat="35.262475" lon="135.897775">
				<ele>1131.850599</ele>
				<time>2024-12-15T01:39:08Z</time>
			</trkpt>
			<trkpt lat="35.262567" lon="135.897751">
				<ele>1139.157432</ele>
				<time>2024-12-15T01:39:19Z</time>
			</trkpt>
			<trkpt lat="35.262554" lon="135.897608">
				<ele>1140.228808</ele>
				<time>2024-12-15T01:39:35Z</time>
			</trkpt>
			<trkpt lat="35.262645" lon="135.897562">
				<ele>1141.706045</ele>
				<time>2024-12-15T01:39:47Z</time>
			</trkpt>
			<trkpt lat="35.262741" lon="135.897537">
				<ele>1138.068071</ele>
				<time>2024-12-15T01:40:01Z</time>
			</trkpt>
			<trkpt lat="35.262748" lon="135.897425">
				<ele>1145.346151</ele>
				<time>2024-12-15T01:40:19Z</time>
			</trkpt>
			<trkpt lat="35.262819" lon="135.897350">
				<ele>1146.757673</ele>
				<time>2024-12-15T01:40:40Z</time>
			</trkpt>
			<trkpt lat="35.262834" lon="135.897236">
				<ele>1150.520181</ele>
				<time>2024-12-15T01:40:54Z</time>
			</trkpt>
			<trkpt lat="35.262879" lon="135.897138">
				<ele>1154.060769</ele>
				<time>2024-12-15T01:41:19Z</time>
			</trkpt>
			<trkpt lat="35.262942" lon="135.897055">
				<ele>1155.726718</ele>
				<time>2024-12-15T01:41:45Z</time>
			</trkpt>
			<trkpt lat="35.263032" lon="135.897043">
				<ele>1161.644488</ele>
				<time>2024-12-15T01:42:16Z</time>
			</trkpt>
			<trkpt lat="35.263104" lon="135.896974">
				<ele>1159.337715</ele>
				<time>2024-12-15T01:42:32Z</time>
			</trkpt>
			<trkpt lat="35.263174" lon="135.896897">
				<ele>1164.985855</ele>
				<time>2024-12-15T01:43:29Z</time>
			</trkpt>
			<trkpt lat="35.263267" lon="135.896867">
				<ele>1172.174829</ele>
				<time>2024-12-15T01:43:42Z</time>
			</trkpt>
			<trkpt lat="35.263343" lon="135.896783">
				<ele>1175.391492</ele>
				<time>2024-12-15T01:44:02Z</time>
			</trkpt>
			<trkpt lat="35.263358" lon="135.896674">
				<ele>1176.929988</ele>
				<time>2024-12-15T01:44:42Z</time>
			</trkpt>
			<trkpt lat="35.263444" lon="135.896632">
				<ele>1182.681539</ele>
				<time>2024-12-15T01:45:19Z</time>
			</trkpt>
			<trkpt lat="35.263529" lon="135.896586">
				<ele>1184.628067</ele>
				<time>2024-12-15T01:46:15Z</time>
			</trkpt>
			<trkpt lat="35.263612" lon="135.896536">
				<ele>1190.997493</ele>
				<time>2024-12-15T01:46:30Z</time>
			</trkpt>
			<trkpt lat="35.263691" lon="135.896462">
				<ele>1188.547056</ele>
				<time>2024-12-15T01:46:55Z</time>
			</trkpt>
			<trkpt lat="35.263769" lon="135.896397">
				<ele>1201.440899</ele>
				<time>2024-12-15T01:47:34Z</time>
			</trkpt>
			<trkpt lat="35.263861" lon="135.896383">
				<ele>1204.953580</ele>
				<time>2024-12-15T01:47:54Z</time>
			</trkpt>
			<trkpt lat="35.263926" lon="135.896462">
				<ele>1204.506754</ele>
				<time>2024-12-15T01:48:10Z</time>
			</trkpt>
			<trkpt lat="35.263850" lon="135.896402">
				<ele>1197.778360</ele>
				<time>2024-12-15T01:50:30Z</time>
			</trkpt>
			<trkpt lat="35.263940" lon="135.896435">
				<ele>1198.413127</ele>
				<time>2024-12-15T01:53:44Z</time>
			</trkpt>
			<trkpt lat="35.263859" lon="135.896371">
				<ele>1202.607937</ele>
				<time>2024-12-15T01:58:02Z</time>
			</trkpt>
			<trkpt lat="35.263931" lon="135.896440">
				<ele>1202.556181</ele>
				<time>2024-12-15T01:58:53Z</time>
			</trkpt>
			<trkpt lat="35.264015" lon="135.896489">
				<ele>1201.642336</ele>
				<time>2024-12-15T01:59:03Z</time>
			</trkpt>
			<trkpt lat="35.264087" lon="135.896557">
				<ele>1203.451307</ele>
				<time>2024-12-15T01:59:13Z</time>
			</trkpt>
			<trkpt lat="35.264179" lon="135.896598">
				<ele>1202.011695</ele>
				<time>2024-12-15T01:59:21Z</time>
			</trkpt>
			<trkpt lat="35.264251" lon="135.896665">
				<ele>1202.156684</ele>
				<time>2024-12-15T01:59:30Z</time>
			</trkpt>
			<trkpt lat="35.264341" lon="135.896734">
				<ele>1205.846449</ele>
				<time>2024-12-15T01:59:40Z</time>
			</trkpt>
			<trkpt lat="35.264423" lon="135.896794">
				<ele>1205.977533</ele>
				<time>2024-12-15T01:59:51Z</time>
			</trkpt>
			<trkpt lat="35.264509" lon="135.896836">
				<ele>1201.603136</ele>
				<time>2024-12-15T02:00:00Z</time>
			</trkpt>
			<trkpt lat="35.264590" lon="135.896891">
				<ele>1202.968898</ele>
				<time>2024-12-15T02:00:11Z</time>
			</trkpt>
			<trkpt lat="35.264626" lon="135.896994">
				<ele>1213.049815</ele>
				<time>2024-12-15T02:00:36Z</time>
			</trkpt>
			<trkpt lat="35.264709" lon="135.897047">
				<ele>1213.938603</ele>
				<time>2024-12-15T02:01:17Z</time>
			</trkpt>
			<trkpt lat="35.264807" lon="135.897076">
				<ele>1209.092360</ele>
				<time>2024-12-15T02:02:20Z</time>
			</trkpt>
			<trkpt lat="35.264897" lon="135.897110">
				<ele>1208.651568</ele>
				<time>2024-12-15T02:02:31Z</time>
			</trkpt>
			<trkpt lat="35.264982" lon="135.897063">
				<ele>1205.403699</ele>
				<time>2024-12-15T02:02:51Z</time>
			</trkpt>
			<trkpt lat="35.265076" lon="135.897082">
				<ele>1206.321479</ele>
				<time>2024-12-15T02:03:01Z</time>
			</trkpt>
			<trkpt lat="35.265169" lon="135.897081">
				<ele>1203.379938</ele>
				<time>2024-12-15T02:03:09Z</time>
			</trkpt>
			<trkpt lat="35.265070" lon="135.897078">
				<ele>1207.599334</ele>
				<time>2024-12-15T02:04:16Z</time>
			</trkpt>
			<trkpt lat="35.264978" lon="135.897100">
				<ele>1206.999466</ele>
				<time>2024-12-15T02:16:24Z</time>
			</trkpt>
			<trkpt lat="35.264883" lon="135.897075">
				<ele>1214.885843</ele>
				<time>2024-12-15T02:16:51Z</time>
			</trkpt>
			<trkpt lat="35.264795" lon="135.897047">
				<ele>1215.406510</ele>
				<time>2024-12-15T02:17:07Z</time>
			</trkpt>
			<trkpt lat="35.264705" lon="135.897021">
				<ele>1216.287642</ele>
				<time>2024-12-15T02:17:31Z</time>
			</trkpt>
			<trkpt lat="35.264616" lon="135.896989">
				<ele>1214.654228</ele>
				<time>2024-12-15T02:18:17Z</time>
			</trkpt>
			<trkpt lat="35.264558" lon="135.896900">
				<ele>1213.741998</ele>
				<time>2024-12-15T02:18:29Z</time>
			</trkpt>
			<trkpt lat="35.264480" lon="135.896828">
				<ele>1212.028709</ele>
				<time>2024-12-15T02:18:40Z</time>
			</trkpt>
			<trkpt lat="35.264401" lon="135.896762">
				<ele>1210.698264</ele>
				<time>2024-12-15T02:18:48Z</time>
			</trkpt>
			<trkpt lat="35.264324" lon="135.896703">
				<ele>1209.456255</ele>
				<time>2024-12-15T02:19:05Z</time>
			</trkpt>
			<trkpt lat="35.264235" lon="135.896658">
				<ele>1207.670467</ele>
				<time>2024-12-15T02:19:52Z</time>
			</trkpt>
			<trkpt lat="35.264159" lon="135.896592">
				<ele>1207.209458</ele>
				<time>2024-12-15T02:20:01Z</time>
			</trkpt>
			<trkpt lat="35.264071" lon="135.896537">
				<ele>1208.207347</ele>
				<time>2024-12-15T02:20:22Z</time>
			</trkpt>
			<trkpt lat="35.263991" lon="135.896474">
				<ele>1206.880599</ele>
				<time>2024-12-15T02:20:31Z</time>
			</trkpt>
			<trkpt lat="35.263908" lon="135.896422">
				<ele>1205.999994</ele>
				<time>2024-12-15T02:20:39Z</time>
			</trkpt>
			<trkpt lat="35.263830" lon="135.896365">
				<ele>1204.208630</ele>
				<time>2024-12-15T02:20:48Z</time>
			</trkpt>
			<trkpt lat="35.263743" lon="135.896407">
				<ele>1205.651732</ele>
				<time>2024-12-15T02:21:07Z</time>
			</trkpt>
			<trkpt lat="35.263659" lon="135.896447">
				<ele>1201.461504</ele>
				<time>2024-12-15T02:21:29Z</time>
			</trkpt>
			<trkpt lat="35.263589" lon="135.896521">
				<ele>1195.917695</ele>
				<time>2024-12-15T02:22:19Z</time>
			</trkpt>
			<trkpt lat="35.263502" lon="135.896555">
				<ele>1192.980364</ele>
				<time>2024-12-15T02:22:36Z</time>
			</trkpt>
			<trkpt lat="35.263428" lon="135.896621">
				<ele>1187.156674</ele>
				<time>2024-12-15T02:22:56Z</time>
			</trkpt>
			<trkpt lat="35.263355" lon="135.896687">
				<ele>1183.413526</ele>
				<time>2024-12-15T02:23:21Z</time>
			</trkpt>
			<trkpt lat="35.263312" lon="135.896793">
				<ele>1180.296081</ele>
				<time>2024-12-15T02:24:11Z</time>
			</trkpt>
			<trkpt lat="35.263234" lon="135.896853">
				<ele>1176.289785</ele>
				<time>2024-12-15T02:24:38Z</time>
			</trkpt>
			<trkpt lat="35.263159" lon="135.896934">
				<ele>1169.922193</ele>
				<time>2024-12-15T02:24:54Z</time>
			</trkpt>
			<trkpt lat="35.263067" lon="135.896963">
				<ele>1167.207771</ele>
				<time>2024-12-15T02:25:10Z</time>
			</trkpt>
			<trkpt lat="35.262984" lon="135.897017">
				<ele>1161.581651</ele>
				<time>2024-12-15T02:25:25Z</time>
			</trkpt>
			<trkpt lat="35.262897" lon="135.897057">
				<ele>1158.822905</ele>
				<time>2024-12-15T02:25:39Z</time>
			</trkpt>
			<trkpt lat="35.262874" lon="135.897167">
				<ele>1156.112158</ele>
				<time>2024-12-15T02:26:14Z</time>
			</trkpt>
			<trkpt lat="35.262859" lon="135.897281">
				<ele>1153.900050</ele>
				<time>2024-12-15T02:26:33Z</time>
			</trkpt>
			<trkpt lat="35.262788" lon="135.897358">
				<ele>1150.057818</ele>
				<time>2024-12-15T02:26:46Z</time>
			</trkpt>
			<trkpt lat="35.262754" lon="135.897460">
				<ele>1147.880372</ele>
				<time>2024-12-15T02:27:45Z</time>
			</trkpt>
			<trkpt lat="35.262670" lon="135.897520">
				<ele>1144.162938</ele>
				<time>2024-12-15T02:29:45Z</time>
			</trkpt>
			<trkpt lat="35.262590" lon="135.897582">
				<ele>1141.371894</ele>
				<time>2024-12-15T02:30:03Z</time>
			</trkpt>
			<trkpt lat="35.262573" lon="135.897693">
				<ele>1140.829642</ele>
				<time>2024-12-15T02:30:13Z</time>
			</trkpt>
			<trkpt lat="35.262481" lon="135.897720">
				<ele>1139.671320</ele>
				<time>2024-12-15T02:30:23Z</time>
			</trkpt>
			<trkpt lat="35.262397" lon="135.897780">
				<ele>1140.244426</ele>
				<time>2024-12-15T02:30:38Z</time>
			</trkpt>
			<trkpt lat="35.262322" lon="135.897868">
				<ele>1137.588509</ele>
				<time>2024-12-15T02:30:46Z</time>
			</trkpt>
			<trkpt lat="35.262268" lon="135.897960">
				<ele>1136.962262</ele>
				<time>2024-12-15T02:30:52Z</time>
			</trkpt>
			<trkpt lat="35.262199" lon="135.898050">
				<ele>1133.121208</ele>
				<time>2024-12-15T02:31:03Z</time>
			</trkpt>
			<trkpt lat="35.262150" lon="135.898154">
				<ele>1133.898954</ele>
				<time>2024-12-15T02:31:13Z</time>
			</trkpt>
			<trkpt lat="35.262138" lon="135.898265">
				<ele>1134.380971</ele>
				<time>2024-12-15T02:31:24Z</time>
			</trkpt>
			<trkpt lat="35.262091" lon="135.898366">
				<ele>1138.247609</ele>
				<time>2024-12-15T02:31:38Z</time>
			</trkpt>
			<trkpt lat="35.262079" lon="135.898487">
				<ele>1135.512955</ele>
				<time>2024-12-15T02:31:49Z</time>
			</trkpt>
			<trkpt lat="35.262005" lon="135.898557">
				<ele>1139.317719</ele>
				<time>2024-12-15T02:32:14Z</time>
			</trkpt>
			<trkpt lat="35.261926" lon="135.898617">
				<ele>1141.946687</ele>
				<time>2024-12-15T02:32:52Z</time>
			</trkpt>
			<trkpt lat="35.261844" lon="135.898667">
				<ele>1142.978281</ele>
				<time>2024-12-15T02:33:03Z</time>
			</trkpt>
			<trkpt lat="35.261788" lon="135.898754">
				<ele>1143.658705</ele>
				<time>2024-12-15T02:33:14Z</time>
			</trkpt>
			<trkpt lat="35.261700" lon="135.898722">
				<ele>1145.731745</ele>
				<time>2024-12-15T02:33:27Z</time>
			</trkpt>
			<trkpt lat="35.261618" lon="135.898776">
				<ele>1148.735613</ele>
				<time>2024-12-15T02:33:41Z</time>
			</trkpt>
			<trkpt lat="35.261522" lon="135.898792">
				<ele>1152.890908</ele>
				<time>2024-12-15T02:34:18Z</time>
			</trkpt>
			<trkpt lat="35.261431" lon="135.898796">
				<ele>1152.630598</ele>
				<time>2024-12-15T02:34:32Z</time>
			</trkpt>
			<trkpt lat="35.261340" lon="135.898837">
				<ele>1153.675958</ele>
				<time>2024-12-15T02:34:45Z</time>
			</trkpt>
			<trkpt lat="35.261244" lon="135.898824">
				<ele>1151.347136</ele>
				<time>2024-12-15T02:35:03Z</time>
			</trkpt>
			<trkpt lat="35.261214" lon="135.898933">
				<ele>1155.478666</ele>
				<time>2024-12-15T02:35:36Z</time>
			</trkpt>
			<trkpt lat="35.261118" lon="135.898910">
				<ele>1160.126740</ele>
				<time>2024-12-15T02:36:29Z</time>
			</trkpt>
			<trkpt lat="35.261040" lon="135.898978">
				<ele>1159.861382</ele>
				<time>2024-12-15T02:36:38Z</time>
			</trkpt>
			<trkpt lat="35.260951" lon="135.899014">
				<ele>1162.652170</ele>
				<time>2024-12-15T02:36:47Z</time>
			</trkpt>
			<trkpt lat="35.260858" lon="135.899044">
				<ele>1161.388269</ele>
				<time>2024-12-15T02:36:57Z</time>
			</trkpt>
			<trkpt lat="35.260766" lon="135.899089">
				<ele>1163.026307</ele>
				<time>2024-12-15T02:37:05Z</time>
			</trkpt>
			<trkpt lat="35.260680" lon="135.899152">
				<ele>1163.943583</ele>
				<time>2024-12-15T02:37:15Z</time>
			</trkpt>
			<trkpt lat="35.260618" lon="135.899235">
				<ele>1160.281980</ele>
				<time>2024-12-15T02:38:12Z</time>
			</trkpt>
			<trkpt lat="35.260533" lon="135.899290">
				<ele>1163.283397</ele>
				<time>2024-12-15T02:38:40Z</time>
			</trkpt>
			<trkpt lat="35.260452" lon="135.899345">
				<ele>1164.741834</ele>
				<time>2024-12-15T02:38:49Z</time>
			</trkpt>
			<trkpt lat="35.260368" lon="135.899411">
				<ele>1164.332345</ele>
				<time>2024-12-15T02:39:20Z</time>
			</trkpt>
			<trkpt lat="35.260272" lon="135.899423">
				<ele>1165.999418</ele>
				<time>2024-12-15T02:39:32Z</time>
			</trkpt>
			<trkpt lat="35.260181" lon="135.899393">
				<ele>1169.783039</ele>
				<time>2024-12-15T02:39:40Z</time>
			</trkpt>
			<trkpt lat="35.260091" lon="135.899428">
				<ele>1164.633007</ele>
				<time>2024-12-15T02:39:58Z</time>
			</trkpt>
			<trkpt lat="35.260006" lon="135.899472">
				<ele>1167.430411</ele>
				<time>2024-12-15T02:40:11Z</time>
			</trkpt>
			<trkpt lat="35.259909" lon="135.899469">
				<ele>1169.568637</ele>
				<time>2024-12-15T02:40:20Z</time>
			</trkpt>
			<trkpt lat="35.259821" lon="135.899512">
				<ele>1172.314673</ele>
				<time>2024-12-15T02:40:30Z</time>
			</trkpt>
			<trkpt lat="35.259731" lon="135.899556">
				<ele>1172.294277</ele>
				<time>2024-12-15T02:40:49Z</time>
			</trkpt>
			<trkpt lat="35.259634" lon="135.899569">
				<ele>1174.630209</ele>
				<time>2024-12-15T02:41:13Z</time>
			</trkpt>
			<trkpt lat="35.259547" lon="135.899517">
				<ele>1177.804675</ele>
				<time>2024-12-15T02:42:02Z</time>
			</trkpt>
			<trkpt lat="35.259457" lon="135.899487">
				<ele>1177.990095</ele>
				<time>2024-12-15T02:42:20Z</time>
			</trkpt>
			<trkpt lat="35.259366" lon="135.899500">
				<ele>1181.588996</ele>
				<time>2024-12-15T02:42:37Z</time>
			</trkpt>
			<trkpt lat="35.259272" lon="135.899531">
				<ele>1182.176321</ele>
				<time>2024-12-15T02:42:51Z</time>
			</trkpt>
			<trkpt lat="35.259221" lon="135.899627">
				<ele>1181.702201</ele>
				<time>2024-12-15T02:43:58Z</time>
			</trkpt>
			<trkpt lat="35.259129" lon="135.899653">
				<ele>1183.394933</ele>
				<time>2024-12-15T02:44:11Z</time>
			</trkpt>
			<trkpt lat="35.259042" lon="135.899682">
				<ele>1184.677031</ele>
				<time>2024-12-15T02:44:22Z</time>
			</trkpt>
			<trkpt lat="35.258942" lon="135.899709">
				<ele>1184.763707</ele>
				<time>2024-12-15T02:44:35Z</time>
			</trkpt>
			<trkpt lat="35.258854" lon="135.899738">
				<ele>1181.685945</ele>
				<time>2024-12-15T02:44:51Z</time>
			</trkpt>
			<trkpt lat="35.258763" lon="135.899759">
				<ele>1182.977423</ele>
				<time>2024-12-15T02:45:18Z</time>
			</trkpt>
			<trkpt lat="35.258662" lon="135.899747">
				<ele>1181.583102</ele>
				<time>2024-12-15T02:45:27Z</time>
			</trkpt>
			<trkpt lat="35.258568" lon="135.899754">
				<ele>1182.777451</ele>
				<time>2024-12-15T02:45:41Z</time>
			</trkpt>
			<trkpt lat="35.258478" lon="135.899775">
				<ele>1183.392188</ele>
				<time>2024-12-15T02:45:50Z</time>
			</trkpt>
			<trkpt lat="35.258406" lon="135.899847">
				<ele>1182.939573</ele>
				<time>2024-12-15T02:45:59Z</time>
			</trkpt>
			<trkpt lat="35.258484" lon="135.899904">
				<ele>1180.296465</ele>
				<time>2024-12-15T02:46:27Z</time>
			</trkpt>
			<trkpt lat="35.258395" lon="135.899881">
				<ele>1184.792814</ele>
				<time>2024-12-15T02:51:09Z</time>
			</trkpt>
			<trkpt lat="35.258322" lon="135.899809">
				<ele>1178.901731</ele>
				<time>2024-12-15T02:51:20Z</time>
			</trkpt>
			<trkpt lat="35.258260" lon="135.899719">
				<ele>1177.387468</ele>
				<time>2024-12-15T02:51:30Z</time>
			</trkpt>
			<trkpt lat="35.258178" lon="135.899669">
				<ele>1176.693592</ele>
				<time>2024-12-15T02:51:39Z</time>
			</trkpt>
			<trkpt lat="35.258124" lon="135.899569">
				<ele>1174.612278</ele>
				<time>2024-12-15T02:51:50Z</time>
			</trkpt>
			<trkpt lat="35.258055" lon="135.899496">
				<ele>1173.745842</ele>
				<time>2024-12-15T02:52:00Z</time>
			</trkpt>
			<trkpt lat="35.257954" lon="135.899470">
				<ele>1169.218124</ele>
				<time>2024-12-15T02:52:14Z</time>
			</trkpt>
			<trkpt lat="35.257857" lon="135.899451">
				<ele>1168.395451</ele>
				<time>2024-12-15T02:52:29Z</time>
			</trkpt>
			<trkpt lat="35.257768" lon="135.899493">
				<ele>1165.915967</ele>
				<time>2024-12-15T02:52:39Z</time>
			</trkpt>
			<trkpt lat="35.257676" lon="135.899539">
				<ele>1162.847999</ele>
				<time>2024-12-15T02:52:50Z</time>
			</trkpt>
			<trkpt lat="35.257583" lon="135.899565">
				<ele>1160.298808</ele>
				<time>2024-12-15T02:53:03Z</time>
			</trkpt>
			<trkpt lat="35.257495" lon="135.899600">
				<ele>1157.511594</ele>
				<time>2024-12-15T02:53:12Z</time>
			</trkpt>
			<trkpt lat="35.257399" lon="135.899627">
				<ele>1156.538582</ele>
				<time>2024-12-15T02:53:24Z</time>
			</trkpt>
			<trkpt lat="35.257304" lon="135.899645">
				<ele>1154.896417</ele>
				<time>2024-12-15T02:53:34Z</time>
			</trkpt>
			<trkpt lat="35.257210" lon="135.899659">
				<ele>1152.568723</ele>
				<time>2024-12-15T02:53:44Z</time>
			</trkpt>
			<trkpt lat="35.257113" lon="135.899696">
				<ele>1150.886029</ele>
				<time>2024-12-15T02:53:54Z</time>
			</trkpt>
			<trkpt lat="35.257019" lon="135.899718">
				<ele>1151.895796</ele>
				<time>2024-12-15T02:54:04Z</time>
			</trkpt>
			<trkpt lat="35.256939" lon="135.899774">
				<ele>1149.210660</ele>
				<time>2024-12-15T02:54:15Z</time>
			</trkpt>
			<trkpt lat="35.256850" lon="135.899800">
				<ele>1148.726459</ele>
				<time>2024-12-15T02:54:25Z</time>
			</trkpt>
			<trkpt lat="35.256787" lon="135.899892">
				<ele>1146.899397</ele>
				<time>2024-12-15T02:54:34Z</time>
			</trkpt>
			<trkpt lat="35.256704" lon="135.899936">
				<ele>1145.967408</ele>
				<time>2024-12-15T02:54:43Z</time>
			</trkpt>
			<trkpt lat="35.256609" lon="135.899931">
				<ele>1142.959056</ele>
				<time>2024-12-15T02:54:53Z</time>
			</trkpt>
			<trkpt lat="35.256540" lon="135.900001">
				<ele>1139.757173</ele>
				<time>2024-12-15T02:55:06Z</time>
			</trkpt>
			<trkpt lat="35.256465" lon="135.900065">
				<ele>1138.516228</ele>
				<time>2024-12-15T02:55:15Z</time>
			</trkpt>
			<trkpt lat="35.256400" lon="135.900143">
				<ele>1135.719447</ele>
				<time>2024-12-15T02:55:27Z</time>
			</trkpt>
			<trkpt lat="35.256326" lon="135.900214">
				<ele>1132.906464</ele>
				<time>2024-12-15T02:55:43Z</time>
			</trkpt>
			<trkpt lat="35.256262" lon="135.900296">
				<ele>1132.522921</ele>
				<time>2024-12-15T02:56:01Z</time>
			</trkpt>
			<trkpt lat="35.256172" lon="135.900279">
				<ele>1129.450835</ele>
				<time>2024-12-15T02:56:20Z</time>
			</trkpt>
			<trkpt lat="35.256086" lon="135.900243">
				<ele>1124.838255</ele>
				<time>2024-12-15T02:56:57Z</time>
			</trkpt>
			<trkpt lat="35.255997" lon="135.900217">
				<ele>1121.002024</ele>
				<time>2024-12-15T02:57:22Z</time>
			</trkpt>
			<trkpt lat="35.255905" lon="135.900195">
				<ele>1116.075311</ele>
				<time>2024-12-15T02:57:34Z</time>
			</trkpt>
			<trkpt lat="35.255817" lon="135.900160">
				<ele>1112.039562</ele>
				<time>2024-12-15T02:57:48Z</time>
			</trkpt>
			<trkpt lat="35.255723" lon="135.900151">
				<ele>1112.866546</ele>
				<time>2024-12-15T02:57:58Z</time>
			</trkpt>
			<trkpt lat="35.255625" lon="135.900166">
				<ele>1106.849842</ele>
				<time>2024-12-15T02:58:14Z</time>
			</trkpt>
			<trkpt lat="35.255536" lon="135.900203">
				<ele>1101.789605</ele>
				<time>2024-12-15T02:58:29Z</time>
			</trkpt>
			<trkpt lat="35.255443" lon="135.900247">
				<ele>1098.514606</ele>
				<time>2024-12-15T02:58:40Z</time>
			</trkpt>
			<trkpt lat="35.255348" lon="135.900284">
				<ele>1091.897564</ele>
				<time>2024-12-15T02:58:52Z</time>
			</trkpt>
			<trkpt lat="35.255288" lon="135.900371">
				<ele>1093.491007</ele>
				<time>2024-12-15T02:59:15Z</time>
			</trkpt>
			<trkpt lat="35.255251" lon="135.900476">
				<ele>1089.722173</ele>
				<time>2024-12-15T02:59:31Z</time>
			</trkpt>
			<trkpt lat="35.255165" lon="135.900517">
				<ele>1082.533754</ele>
				<time>2024-12-15T03:00:02Z</time>
			</trkpt>
			<trkpt lat="35.255075" lon="135.900534">
				<ele>1081.893702</ele>
				<time>2024-12-15T03:00:16Z</time>
			</trkpt>
			<trkpt lat="35.255007" lon="135.900611">
				<ele>1076.456190</ele>
				<time>2024-12-15T03:00:30Z</time>
			</trkpt>
			<trkpt lat="35.254911" lon="135.900610">
				<ele>1075.856943</ele>
				<time>2024-12-15T03:00:40Z</time>
			</trkpt>
			<trkpt lat="35.254831" lon="135.900662">
				<ele>1071.246476</ele>
				<time>2024-12-15T03:00:54Z</time>
			</trkpt>
			<trkpt lat="35.254745" lon="135.900705">
				<ele>1067.502024</ele>
				<time>2024-12-15T03:01:09Z</time>
			</trkpt>
			<trkpt lat="35.254651" lon="135.900666">
				<ele>1061.368159</ele>
				<time>2024-12-15T03:01:28Z</time>
			</trkpt>
			<trkpt lat="35.254574" lon="135.900725">
				<ele>1056.771261</ele>
				<time>2024-12-15T03:01:51Z</time>
			</trkpt>
			<trkpt lat="35.254485" lon="135.900707">
				<ele>1052.906740</ele>
				<time>2024-12-15T03:02:00Z</time>
			</trkpt>
			<trkpt lat="35.254397" lon="135.900669">
				<ele>1052.044572</ele>
				<time>2024-12-15T03:02:12Z</time>
			</trkpt>
			<trkpt lat="35.254310" lon="135.900696">
				<ele>1043.687522</ele>
				<time>2024-12-15T03:02:27Z</time>
			</trkpt>
			<trkpt lat="35.254219" lon="135.900668">
				<ele>1043.321327</ele>
				<time>2024-12-15T03:02:43Z</time>
			</trkpt>
			<trkpt lat="35.254131" lon="135.900710">
				<ele>1040.064532</ele>
				<time>2024-12-15T03:02:51Z</time>
			</trkpt>
			<trkpt lat="35.254037" lon="135.900734">
				<ele>1042.602481</ele>
				<time>2024-12-15T03:03:01Z</time>
			</trkpt>
			<trkpt lat="35.253947" lon="135.900705">
				<ele>1039.121413</ele>
				<time>2024-12-15T03:03:16Z</time>
			</trkpt>
			<trkpt lat="35.253856" lon="135.900745">
				<ele>1039.096012</ele>
				<time>2024-12-15T03:03:25Z</time>
			</trkpt>
			<trkpt lat="35.253769" lon="135.900794">
				<ele>1033.386998</ele>
				<time>2024-12-15T03:03:41Z</time>
			</trkpt>
			<trkpt lat="35.253684" lon="135.900751">
				<ele>1026.091983</ele>
				<time>2024-12-15T03:03:57Z</time>
			</trkpt>
			<trkpt lat="35.253618" lon="135.900837">
				<ele>1026.459687</ele>
				<time>2024-12-15T03:04:21Z</time>
			</trkpt>
			<trkpt lat="35.253554" lon="135.900923">
				<ele>1020.152900</ele>
				<time>2024-12-15T03:04:49Z</time>
			</trkpt>
			<trkpt lat="35.253463" lon="135.900921">
				<ele>1018.050155</ele>
				<time>2024-12-15T03:05:32Z</time>
			</trkpt>
			<trkpt lat="35.253388" lon="135.900987">
				<ele>1017.779839</ele>
				<time>2024-12-15T03:05:53Z</time>
			</trkpt>
			<trkpt lat="35.253321" lon="135.901070">
				<ele>1011.747121</ele>
				<time>2024-12-15T03:06:38Z</time>
			</trkpt>
			<trkpt lat="35.253230" lon="135.901079">
				<ele>1011.664902</ele>
				<time>2024-12-15T03:06:49Z</time>
			</trkpt>
			<trkpt lat="35.253135" lon="135.901082">
				<ele>1009.596132</ele>
				<time>2024-12-15T03:06:59Z</time>
			</trkpt>
			<trkpt lat="35.253049" lon="135.901124">
				<ele>1003.191626</ele>
				<time>2024-12-15T03:07:47Z</time>
			</trkpt>
			<trkpt lat="35.252955" lon="135.901153">
				<ele>1001.687236</ele>
				<time>2024-12-15T03:07:57Z</time>
			</trkpt>
			<trkpt lat="35.252864" lon="135.901158">
				<ele>997.209938</ele>
				<time>2024-12-15T03:08:18Z</time>
			</trkpt>
			<trkpt lat="35.252769" lon="135.901140">
				<ele>994.779287</ele>
				<time>2024-12-15T03:08:30Z</time>
			</trkpt>
			<trkpt lat="35.252677" lon="135.901151">
				<ele>993.829277</ele>
				<time>2024-12-15T03:08:41Z</time>
			</trkpt>
			<trkpt lat="35.252592" lon="135.901210">
				<ele>986.122845</ele>
				<time>2024-12-15T03:08:57Z</time>
			</trkpt>
			<trkpt lat="35.252522" lon="135.901301">
				<ele>981.469629</ele>
				<time>2024-12-15T03:09:18Z</time>
			</trkpt>
			<trkpt lat="35.252432" lon="135.901296">
				<ele>979.230953</ele>
				<time>2024-12-15T03:09:40Z</time>
			</trkpt>
			<trkpt lat="35.252378" lon="135.901390">
				<ele>978.697629</ele>
				<time>2024-12-15T03:09:56Z</time>
			</trkpt>
			<trkpt lat="35.252316" lon="135.901504">
				<ele>974.846537</ele>
				<time>2024-12-15T03:10:30Z</time>
			</trkpt>
			<trkpt lat="35.252225" lon="135.901463">
				<ele>971.163157</ele>
				<time>2024-12-15T03:10:53Z</time>
			</trkpt>
			<trkpt lat="35.252141" lon="135.901510">
				<ele>967.551942</ele>
				<time>2024-12-15T03:11:29Z</time>
			</trkpt>
			<trkpt lat="35.252057" lon="135.901566">
				<ele>963.682614</ele>
				<time>2024-12-15T03:11:56Z</time>
			</trkpt>
			<trkpt lat="35.252004" lon="135.901657">
				<ele>958.956174</ele>
				<time>2024-12-15T03:12:12Z</time>
			</trkpt>
			<trkpt lat="35.251916" lon="135.901696">
				<ele>955.809052</ele>
				<time>2024-12-15T03:12:38Z</time>
			</trkpt>
			<trkpt lat="35.251855" lon="135.901783">
				<ele>949.147322</ele>
				<time>2024-12-15T03:12:56Z</time>
			</trkpt>
			<trkpt lat="35.251756" lon="135.901814">
				<ele>946.121715</ele>
				<time>2024-12-15T03:13:59Z</time>
			</trkpt>
			<trkpt lat="35.251667" lon="135.901771">
				<ele>942.001314</ele>
				<time>2024-12-15T03:14:21Z</time>
			</trkpt>
			<trkpt lat="35.251576" lon="135.901779">
				<ele>938.794187</ele>
				<time>2024-12-15T03:14:35Z</time>
			</trkpt>
			<trkpt lat="35.251479" lon="135.901774">
				<ele>935.226167</ele>
				<time>2024-12-15T03:14:49Z</time>
			</trkpt>
			<trkpt lat="35.251388" lon="135.901773">
				<ele>930.126439</ele>
				<time>2024-12-15T03:15:09Z</time>
			</trkpt>
			<trkpt lat="35.251311" lon="135.901831">
				<ele>928.286975</ele>
				<time>2024-12-15T03:15:42Z</time>
			</trkpt>
			<trkpt lat="35.251251" lon="135.901913">
				<ele>923.788857</ele>
				<time>2024-12-15T03:16:03Z</time>
			</trkpt>
			<trkpt lat="35.251193" lon="135.902018">
				<ele>921.573277</ele>
				<time>2024-12-15T03:16:21Z</time>
			</trkpt>
			<trkpt lat="35.251103" lon="135.902052">
				<ele>919.675456</ele>
				<time>2024-12-15T03:16:36Z</time>
			</trkpt>
			<trkpt lat="35.251003" lon="135.902094">
				<ele>916.858361</ele>
				<time>2024-12-15T03:16:47Z</time>
			</trkpt>
			<trkpt lat="35.250934" lon="135.902003">
				<ele>914.998673</ele>
				<time>2024-12-15T03:17:14Z</time>
			</trkpt>
			<trkpt lat="35.250902" lon="135.901897">
				<ele>911.034827</ele>
				<time>2024-12-15T03:17:31Z</time>
			</trkpt>
			<trkpt lat="35.250863" lon="135.901794">
				<ele>906.040767</ele>
				<time>2024-12-15T03:18:04Z</time>
			</trkpt>
			<trkpt lat="35.250772" lon="135.901802">
				<ele>904.371028</ele>
				<time>2024-12-15T03:18:19Z</time>
			</trkpt>
			<trkpt lat="35.250708" lon="135.901891">
				<ele>902.033971</ele>
				<time>2024-12-15T03:18:41Z</time>
			</trkpt>
			<trkpt lat="35.250611" lon="135.901883">
				<ele>896.367205</ele>
				<time>2024-12-15T03:19:15Z</time>
			</trkpt>
			<trkpt lat="35.250521" lon="135.901887">
				<ele>894.899324</ele>
				<time>2024-12-15T03:19:27Z</time>
			</trkpt>
			<trkpt lat="35.250437" lon="135.901834">
				<ele>897.595132</ele>
				<time>2024-12-15T03:20:05Z</time>
			</trkpt>
			<trkpt lat="35.250371" lon="135.901929">
				<ele>902.231266</ele>
				<time>2024-12-15T03:20:19Z</time>
			</trkpt>
			<trkpt lat="35.250298" lon="135.901995">
				<ele>896.299923</ele>
				<time>2024-12-15T03:20:29Z</time>
			</trkpt>
			<trkpt lat="35.250223" lon="135.902065">
				<ele>895.855780</ele>
				<time>2024-12-15T03:20:42Z</time>
			</trkpt>
			<trkpt lat="35.250156" lon="135.902157">
				<ele>895.399499</ele>
				<time>2024-12-15T03:21:08Z</time>
			</trkpt>
			<trkpt lat="35.250067" lon="135.902212">
				<ele>894.109298</ele>
				<time>2024-12-15T03:21:24Z</time>
			</trkpt>
			<trkpt lat="35.249976" lon="135.902245">
				<ele>892.107196</ele>
				<time>2024-12-15T03:21:34Z</time>
			</trkpt>
			<trkpt lat="35.249927" lon="135.902338">
				<ele>892.677394</ele>
				<time>2024-12-15T03:21:50Z</time>
			</trkpt>
			<trkpt lat="35.249858" lon="135.902433">
				<ele>892.929842</ele>
				<time>2024-12-15T03:22:02Z</time>
			</trkpt>
			<trkpt lat="35.249848" lon="135.902555">
				<ele>891.423216</ele>
				<time>2024-12-15T03:22:12Z</time>
			</trkpt>
			<trkpt lat="35.249814" lon="135.902667">
				<ele>885.679039</ele>
				<time>2024-12-15T03:22:30Z</time>
			</trkpt>
			<trkpt lat="35.249830" lon="135.902791">
				<ele>889.779030</ele>
				<time>2024-12-15T03:22:41Z</time>
			</trkpt>
			<trkpt lat="35.249936" lon="135.902716">
				<ele>882.934978</ele>
				<time>2024-12-15T03:24:00Z</time>
			</trkpt>
			<trkpt lat="35.249848" lon="135.902776">
				<ele>880.794127</ele>
				<time>2024-12-15T03:24:18Z</time>
			</trkpt>
			<trkpt lat="35.249761" lon="135.902826">
				<ele>879.844958</ele>
				<time>2024-12-15T03:24:24Z</time>
			</trkpt>
			<trkpt lat="35.249685" lon="135.902905">
				<ele>883.537295</ele>
				<time>2024-12-15T03:24:33Z</time>
			</trkpt>
			<trkpt lat="35.249661" lon="135.903018">
				<ele>876.965164</ele>
				<time>2024-12-15T03:24:43Z</time>
			</trkpt>
			<trkpt lat="35.249624" lon="135.903125">
				<ele>879.496611</ele>
				<time>2024-12-15T03:24:51Z</time>
			</trkpt>
			<trkpt lat="35.249539" lon="135.903175">
				<ele>880.904264</ele>
				<time>2024-12-15T03:25:03Z</time>
			</trkpt>
			<trkpt lat="35.249464" lon="135.903249">
				<ele>879.565232</ele>
				<time>2024-12-15T03:25:12Z</time>
			</trkpt>
			<trkpt lat="35.249396" lon="135.903169">
				<ele>882.149327</ele>
				<time>2024-12-15T03:26:14Z</time>
			</trkpt>
			<trkpt lat="35.249470" lon="135.903094">
				<ele>883.733525</ele>
				<time>2024-12-15T03:26:39Z</time>
			</trkpt>
			<trkpt lat="35.249390" lon="135.903167">
				<ele>885.710913</ele>
				<time>2024-12-15T03:27:11Z</time>
			</trkpt>
			<trkpt lat="35.249347" lon="135.903268">
				<ele>884.451360</ele>
				<time>2024-12-15T03:27:29Z</time>
			</trkpt>
			<trkpt lat="35.249437" lon="135.903190">
				<ele>888.891751</ele>
				<time>2024-12-15T03:27:40Z</time>
			</trkpt>
			<trkpt lat="35.249349" lon="135.903137">
				<ele>879.283589</ele>
				<time>2024-12-15T03:29:08Z</time>
			</trkpt>
			<trkpt lat="35.249383" lon="135.903246">
				<ele>878.458193</ele>
				<time>2024-12-15T03:29:25Z</time>
			</trkpt>
			<trkpt lat="35.249349" lon="135.903359">
				<ele>878.185023</ele>
				<time>2024-12-15T03:29:32Z</time>
			</trkpt>
			<trkpt lat="35.249263" lon="135.903407">
				<ele>874.944973</ele>
				<time>2024-12-15T03:29:48Z</time>
			</trkpt>
			<trkpt lat="35.249177" lon="135.903452">
				<ele>874.914139</ele>
				<time>2024-12-15T03:29:58Z</time>
			</trkpt>
			<trkpt lat="35.249091" lon="135.903495">
				<ele>872.644108</ele>
				<time>2024-12-15T03:30:09Z</time>
			</trkpt>
			<trkpt lat="35.249006" lon="135.903561">
				<ele>871.914181</ele>
				<time>2024-12-15T03:30:20Z</time>
			</trkpt>
			<trkpt lat="35.248920" lon="135.903619">
				<ele>870.347102</ele>
				<time>2024-12-15T03:30:29Z</time>
			</trkpt>
			<trkpt lat="35.248828" lon="135.903673">
				<ele>867.607279</ele>
				<time>2024-12-15T03:30:38Z</time>
			</trkpt>
			<trkpt lat="35.248743" lon="135.903719">
				<ele>869.131555</ele>
				<time>2024-12-15T03:30:48Z</time>
			</trkpt>
			<trkpt lat="35.248700" lon="135.903832">
				<ele>866.999038</ele>
				<time>2024-12-15T03:30:56Z</time>
			</trkpt>
			<trkpt lat="35.248637" lon="135.903927">
				<ele>866.037946</ele>
				<time>2024-12-15T03:31:03Z</time>
			</trkpt>
			<trkpt lat="35.248605" lon="135.904041">
				<ele>863.567597</ele>
				<time>2024-12-15T03:31:11Z</time>
			</trkpt>
			<trkpt lat="35.248523" lon="135.904117">
				<ele>861.301579</ele>
				<time>2024-12-15T03:31:18Z</time>
			</trkpt>
			<trkpt lat="35.248498" lon="135.904227">
				<ele>859.659688</ele>
				<time>2024-12-15T03:31:28Z</time>
			</trkpt>
			<trkpt lat="35.248493" lon="135.904341">
				<ele>859.358785</ele>
				<time>2024-12-15T03:31:38Z</time>
			</trkpt>
			<trkpt lat="35.248461" lon="135.904456">
				<ele>861.008803</ele>
				<time>2024-12-15T03:31:52Z</time>
			</trkpt>
			<trkpt lat="35.248440" lon="135.904575">
				<ele>859.981246</ele>
				<time>2024-12-15T03:32:01Z</time>
			</trkpt>
			<trkpt lat="35.248464" lon="135.904698">
				<ele>857.009590</ele>
				<time>2024-12-15T03:32:11Z</time>
			</trkpt>
			<trkpt lat="35.248425" lon="135.904803">
				<ele>866.165863</ele>
				<time>2024-12-15T03:32:26Z</time>
			</trkpt>
			<trkpt lat="35.248382" lon="135.904916">
				<ele>864.030358</ele>
				<time>2024-12-15T03:32:34Z</time>
			</trkpt>
			<trkpt lat="35.248381" lon="135.905029">
				<ele>866.955356</ele>
				<time>2024-12-15T03:32:43Z</time>
			</trkpt>
			<trkpt lat="35.248388" lon="135.905144">
				<ele>864.956968</ele>
				<time>2024-12-15T03:32:51Z</time>
			</trkpt>
			<trkpt lat="35.248371" lon="135.905270">
				<ele>867.464563</ele>
				<time>2024-12-15T03:33:06Z</time>
			</trkpt>
			<trkpt lat="35.248385" lon="135.905385">
				<ele>865.237812</ele>
				<time>2024-12-15T03:33:14Z</time>
			</trkpt>
			<trkpt lat="35.248359" lon="135.905495">
				<ele>866.210421</ele>
				<time>2024-12-15T03:33:33Z</time>
			</trkpt>
			<trkpt lat="35.248424" lon="135.905412">
				<ele>867.310751</ele>
				<time>2024-12-15T03:33:51Z</time>
			</trkpt>
			<trkpt lat="35.248335" lon="135.905450">
				<ele>872.722368</ele>
				<time>2024-12-15T03:34:08Z</time>
			</trkpt>
			<trkpt lat="35.248334" lon="135.905562">
				<ele>865.608491</ele>
				<time>2024-12-15T03:34:18Z</time>
			</trkpt>
			<trkpt lat="35.248347" lon="135.905674">
				<ele>867.948293</ele>
				<time>2024-12-15T03:34:26Z</time>
			</trkpt>
			<trkpt lat="35.248259" lon="135.905709">
				<ele>872.603214</ele>
				<time>2024-12-15T03:34:37Z</time>
			</trkpt>
			<trkpt lat="35.248183" lon="135.905778">
				<ele>873.818761</ele>
				<time>2024-12-15T03:34:46Z</time>
			</trkpt>
			<trkpt lat="35.248105" lon="135.905836">
				<ele>874.758214</ele>
				<time>2024-12-15T03:35:00Z</time>
			</trkpt>
			<trkpt lat="35.248090" lon="135.905946">
				<ele>864.299466</ele>
				<time>2024-12-15T03:35:34Z</time>
			</trkpt>
			<trkpt lat="35.247996" lon="135.905939">
				<ele>872.106810</ele>
				<time>2024-12-15T03:35:46Z</time>
			</trkpt>
			<trkpt lat="35.247927" lon="135.906024">
				<ele>874.651094</ele>
				<time>2024-12-15T03:35:59Z</time>
			</trkpt>
			<trkpt lat="35.247844" lon="135.906066">
				<ele>875.588483</ele>
				<time>2024-12-15T03:36:08Z</time>
			</trkpt>
			<trkpt lat="35.247779" lon="135.906149">
				<ele>878.724951</ele>
				<time>2024-12-15T03:36:18Z</time>
			</trkpt>
			<trkpt lat="35.247716" lon="135.906235">
				<ele>879.346785</ele>
				<time>2024-12-15T03:36:48Z</time>
			</trkpt>
			<trkpt lat="35.247729" lon="135.906350">
				<ele>878.600822</ele>
				<time>2024-12-15T03:37:01Z</time>
			</trkpt>
			<trkpt lat="35.247668" lon="135.906435">
				<ele>886.017118</ele>
				<time>2024-12-15T03:37:26Z</time>
			</trkpt>
			<trkpt lat="35.247654" lon="135.906547">
				<ele>881.945125</ele>
				<time>2024-12-15T03:37:46Z</time>
			</trkpt>
			<trkpt lat="35.247636" lon="135.906656">
				<ele>881.479671</ele>
				<time>2024-12-15T03:42:36Z</time>
			</trkpt>
			<trkpt lat="35.247602" lon="135.906758">
				<ele>877.434183</ele>
				<time>2024-12-15T03:43:21Z</time>
			</trkpt>
			<trkpt lat="35.247583" lon="135.906880">
				<ele>875.479667</ele>
				<time>2024-12-15T03:43:44Z</time>
			</trkpt>
			<trkpt lat="35.247541" lon="135.906992">
				<ele>871.386500</ele>
				<time>2024-12-15T03:44:15Z</time>
			</trkpt>
			<trkpt lat="35.247512" lon="135.907097">
				<ele>868.070236</ele>
				<time>2024-12-15T03:44:28Z</time>
			</trkpt>
			<trkpt lat="35.247474" lon="135.907209">
				<ele>865.698460</ele>
				<time>2024-12-15T03:44:43Z</time>
			</trkpt>
			<trkpt lat="35.247451" lon="135.907334">
				<ele>862.867832</ele>
				<time>2024-12-15T03:44:57Z</time>
			</trkpt>
			<trkpt lat="35.247371" lon="135.907394">
				<ele>863.360131</ele>
				<time>2024-12-15T03:45:14Z</time>
			</trkpt>
			<trkpt lat="35.247406" lon="135.907520">
				<ele>861.297138</ele>
				<time>2024-12-15T03:45:31Z</time>
			</trkpt>
			<trkpt lat="35.247369" lon="135.907622">
				<ele>851.652759</ele>
				<time>2024-12-15T03:46:24Z</time>
			</trkpt>
			<trkpt lat="35.247325" lon="135.907727">
				<ele>844.293680</ele>
				<time>2024-12-15T03:46:41Z</time>
			</trkpt>
			<trkpt lat="35.247254" lon="135.907801">
				<ele>841.392038</ele>
				<time>2024-12-15T03:47:01Z</time>
			</trkpt>
			<trkpt lat="35.247208" lon="135.907896">
				<ele>837.793019</ele>
				<time>2024-12-15T03:47:24Z</time>
			</trkpt>
			<trkpt lat="35.247110" lon="135.907911">
				<ele>837.224246</ele>
				<time>2024-12-15T03:47:54Z</time>
			</trkpt>
			<trkpt lat="35.247065" lon="135.908031">
				<ele>829.009343</ele>
				<time>2024-12-15T03:48:09Z</time>
			</trkpt>
			<trkpt lat="35.247031" lon="135.908156">
				<ele>820.775555</ele>
				<time>2024-12-15T03:48:24Z</time>
			</trkpt>
			<trkpt lat="35.247030" lon="135.908266">
				<ele>815.843195</ele>
				<time>2024-12-15T03:48:44Z</time>
			</trkpt>
			<trkpt lat="35.246940" lon="135.908287">
				<ele>813.312554</ele>
				<time>2024-12-15T03:48:59Z</time>
			</trkpt>
			<trkpt lat="35.246904" lon="135.908396">
				<ele>805.058796</ele>
				<time>2024-12-15T03:49:19Z</time>
			</trkpt>
			<trkpt lat="35.246846" lon="135.908487">
				<ele>801.660371</ele>
				<time>2024-12-15T03:49:26Z</time>
			</trkpt>
			<trkpt lat="35.246790" lon="135.908578">
				<ele>796.316851</ele>
				<time>2024-12-15T03:49:44Z</time>
			</trkpt>
			<trkpt lat="35.246825" lon="135.908686">
				<ele>790.808308</ele>
				<time>2024-12-15T03:49:56Z</time>
			</trkpt>
			<trkpt lat="35.246806" lon="135.908804">
				<ele>789.101101</ele>
				<time>2024-12-15T03:50:01Z</time>
			</trkpt>
			<trkpt lat="35.246745" lon="135.908887">
				<ele>779.978970</ele>
				<time>2024-12-15T03:50:16Z</time>
			</trkpt>
			<trkpt lat="35.246657" lon="135.908936">
				<ele>778.306496</ele>
				<time>2024-12-15T03:50:25Z</time>
			</trkpt>
			<trkpt lat="35.246599" lon="135.909031">
				<ele>774.347124</ele>
				<time>2024-12-15T03:50:36Z</time>
			</trkpt>
			<trkpt lat="35.246590" lon="135.909142">
				<ele>771.444178</ele>
				<time>2024-12-15T03:50:44Z</time>
			</trkpt>
			<trkpt lat="35.246499" lon="135.909172">
				<ele>765.290518</ele>
				<time>2024-12-15T03:51:07Z</time>
			</trkpt>
			<trkpt lat="35.246471" lon="135.909288">
				<ele>765.917602</ele>
				<time>2024-12-15T03:51:15Z</time>
			</trkpt>
			<trkpt lat="35.246493" lon="135.909402">
				<ele>756.992118</ele>
				<time>2024-12-15T03:51:29Z</time>
			</trkpt>
			<trkpt lat="35.246429" lon="135.909494">
				<ele>751.986431</ele>
				<time>2024-12-15T03:51:42Z</time>
			</trkpt>
			<trkpt lat="35.246356" lon="135.909585">
				<ele>750.232861</ele>
				<time>2024-12-15T03:51:49Z</time>
			</trkpt>
			<trkpt lat="35.246335" lon="135.909702">
				<ele>745.585548</ele>
				<time>2024-12-15T03:52:07Z</time>
			</trkpt>
			<trkpt lat="35.246273" lon="135.909784">
				<ele>737.688112</ele>
				<time>2024-12-15T03:52:41Z</time>
			</trkpt>
			<trkpt lat="35.246212" lon="135.909881">
				<ele>735.721283</ele>
				<time>2024-12-15T03:52:50Z</time>
			</trkpt>
			<trkpt lat="35.246193" lon="135.909998">
				<ele>734.114865</ele>
				<time>2024-12-15T03:52:58Z</time>
			</trkpt>
			<trkpt lat="35.246203" lon="135.910114">
				<ele>731.416332</ele>
				<time>2024-12-15T03:53:05Z</time>
			</trkpt>
			<trkpt lat="35.246174" lon="135.910223">
				<ele>728.614970</ele>
				<time>2024-12-15T03:53:12Z</time>
			</trkpt>
			<trkpt lat="35.246098" lon="135.910293">
				<ele>724.938769</ele>
				<time>2024-12-15T03:53:21Z</time>
			</trkpt>
			<trkpt lat="35.246053" lon="135.910406">
				<ele>720.371669</ele>
				<time>2024-12-15T03:53:30Z</time>
			</trkpt>
			<trkpt lat="35.245986" lon="135.910496">
				<ele>714.560553</ele>
				<time>2024-12-15T03:53:39Z</time>
			</trkpt>
			<trkpt lat="35.246002" lon="135.910616">
				<ele>711.848717</ele>
				<time>2024-12-15T03:53:48Z</time>
			</trkpt>
			<trkpt lat="35.245907" lon="135.910622">
				<ele>707.370539</ele>
				<time>2024-12-15T03:54:10Z</time>
			</trkpt>
			<trkpt lat="35.245867" lon="135.910725">
				<ele>704.492755</ele>
				<time>2024-12-15T03:54:35Z</time>
			</trkpt>
			<trkpt lat="35.245761" lon="135.910753">
				<ele>695.921654</ele>
				<time>2024-12-15T03:54:58Z</time>
			</trkpt>
			<trkpt lat="35.245742" lon="135.910869">
				<ele>692.808239</ele>
				<time>2024-12-15T03:55:06Z</time>
			</trkpt>
			<trkpt lat="35.245749" lon="135.910987">
				<ele>689.977683</ele>
				<time>2024-12-15T03:55:28Z</time>
			</trkpt>
			<trkpt lat="35.245658" lon="135.911048">
				<ele>688.573956</ele>
				<time>2024-12-15T03:55:46Z</time>
			</trkpt>
			<trkpt lat="35.245655" lon="135.911162">
				<ele>685.731923</ele>
				<time>2024-12-15T03:55:59Z</time>
			</trkpt>
			<trkpt lat="35.245609" lon="135.911063">
				<ele>674.619942</ele>
				<time>2024-12-15T03:56:43Z</time>
			</trkpt>
			<trkpt lat="35.245579" lon="135.911166">
				<ele>672.168374</ele>
				<time>2024-12-15T03:57:10Z</time>
			</trkpt>
			<trkpt lat="35.245522" lon="135.911253">
				<ele>669.570464</ele>
				<time>2024-12-15T03:57:37Z</time>
			</trkpt>
			<trkpt lat="35.245427" lon="135.911243">
				<ele>667.527684</ele>
				<time>2024-12-15T03:58:08Z</time>
			</trkpt>
			<trkpt lat="35.245339" lon="135.911278">
				<ele>669.416371</ele>
				<time>2024-12-15T03:58:38Z</time>
			</trkpt>
			<trkpt lat="35.245272" lon="135.911187">
				<ele>669.084049</ele>
				<time>2024-12-15T03:59:06Z</time>
			</trkpt>
			<trkpt lat="35.245342" lon="135.911106">
				<ele>671.115671</ele>
				<time>2024-12-15T03:59:17Z</time>
			</trkpt>
			<trkpt lat="35.245296" lon="135.911203">
				<ele>673.603069</ele>
				<time>2024-12-15T03:59:27Z</time>
			</trkpt>
			<trkpt lat="35.245243" lon="135.911328">
				<ele>670.936350</ele>
				<time>2024-12-15T03:59:44Z</time>
			</trkpt>
			<trkpt lat="35.245279" lon="135.911435">
				<ele>667.103544</ele>
				<time>2024-12-15T03:59:53Z</time>
			</trkpt>
			<trkpt lat="35.245263" lon="135.911543">
				<ele>663.851947</ele>
				<time>2024-12-15T04:00:07Z</time>
			</trkpt>
			<trkpt lat="35.245170" lon="135.911510">
				<ele>662.110609</ele>
				<time>2024-12-15T04:00:19Z</time>
			</trkpt>
			<trkpt lat="35.245230" lon="135.911617">
				<ele>661.086862</ele>
				<time>2024-12-15T04:00:27Z</time>
			</trkpt>
			<trkpt lat="35.245200" lon="135.911732">
				<ele>658.123075</ele>
				<time>2024-12-15T04:00:40Z</time>
			</trkpt>
			<trkpt lat="35.245136" lon="135.911840">
				<ele>655.542564</ele>
				<time>2024-12-15T04:00:48Z</time>
			</trkpt>
			<trkpt lat="35.245131" lon="135.911950">
				<ele>653.002752</ele>
				<time>2024-12-15T04:01:00Z</time>
			</trkpt>
			<trkpt lat="35.245153" lon="135.912066">
				<ele>651.435014</ele>
				<time>2024-12-15T04:01:14Z</time>
			</trkpt>
			<trkpt lat="35.245210" lon="135.911967">
				<ele>645.167469</ele>
				<time>2024-12-15T04:01:27Z</time>
			</trkpt>
			<trkpt lat="35.245131" lon="135.911868">
				<ele>640.677063</ele>
				<time>2024-12-15T04:01:44Z</time>
			</trkpt>
			<trkpt lat="35.245230" lon="135.911880">
				<ele>633.109028</ele>
				<time>2024-12-15T04:03:07Z</time>
			</trkpt>
			<trkpt lat="35.245269" lon="135.911777">
				<ele>641.133888</ele>
				<time>2024-12-15T04:03:36Z</time>
			</trkpt>
			<trkpt lat="35.245287" lon="135.911900">
				<ele>646.688969</ele>
				<time>2024-12-15T04:04:51Z</time>
			</trkpt>
			<trkpt lat="35.245202" lon="135.911841">
				<ele>646.757404</ele>
				<time>2024-12-15T04:04:57Z</time>
			</trkpt>
			<trkpt lat="35.245336" lon="135.911833">
				<ele>634.974189</ele>
				<time>2024-12-15T04:07:12Z</time>
			</trkpt>
			<trkpt lat="35.245257" lon="135.911767">
				<ele>645.660966</ele>
				<time>2024-12-15T04:08:37Z</time>
			</trkpt>
			<trkpt lat="35.245240" lon="135.911931">
				<ele>651.711427</ele>
				<time>2024-12-15T04:09:02Z</time>
			</trkpt>
			<trkpt lat="35.245317" lon="135.911860">
				<ele>649.661729</ele>
				<time>2024-12-15T04:09:13Z</time>
			</trkpt>
			<trkpt lat="35.245238" lon="135.911917">
				<ele>644.615184</ele>
				<time>2024-12-15T04:12:05Z</time>
			</trkpt>
			<trkpt lat="35.245147" lon="135.911936">
				<ele>640.217781</ele>
				<time>2024-12-15T04:12:23Z</time>
			</trkpt>
			<trkpt lat="35.245068" lon="135.912012">
				<ele>649.651949</ele>
				<time>2024-12-15T04:13:03Z</time>
			</trkpt>
			<trkpt lat="35.245118" lon="135.911903">
				<ele>639.294164</ele>
				<time>2024-12-15T04:14:39Z</time>
			</trkpt>
			<trkpt lat="35.245163" lon="135.911769">
				<ele>638.676449</ele>
				<time>2024-12-15T04:14:59Z</time>
			</trkpt>
			<trkpt lat="35.245149" lon="135.911878">
				<ele>633.248598</ele>
				<time>2024-12-15T04:15:22Z</time>
			</trkpt>
			<trkpt lat="35.245073" lon="135.911938">
				<ele>639.722757</ele>
				<time>2024-12-15T04:21:04Z</time>
			</trkpt>
			<trkpt lat="35.245035" lon="135.912046">
				<ele>638.322191</ele>
				<time>2024-12-15T04:21:12Z</time>
			</trkpt>
			<trkpt lat="35.244989" lon="135.912146">
				<ele>642.396727</ele>
				<time>2024-12-15T04:21:19Z</time>
			</trkpt>
			<trkpt lat="35.244930" lon="135.912232">
				<ele>640.853909</ele>
				<time>2024-12-15T04:21:24Z</time>
			</trkpt>
			<trkpt lat="35.244884" lon="135.912334">
				<ele>641.963641</ele>
				<time>2024-12-15T04:21:31Z</time>
			</trkpt>
			<trkpt lat="35.244816" lon="135.912418">
				<ele>643.374494</ele>
				<time>2024-12-15T04:21:41Z</time>
			</trkpt>
			<trkpt lat="35.244761" lon="135.912509">
				<ele>642.322507</ele>
				<time>2024-12-15T04:21:49Z</time>
			</trkpt>
			<trkpt lat="35.244716" lon="135.912604">
				<ele>640.541406</ele>
				<time>2024-12-15T04:21:59Z</time>
			</trkpt>
			<trkpt lat="35.244639" lon="135.912674">
				<ele>637.461969</ele>
				<time>2024-12-15T04:22:11Z</time>
			</trkpt>
			<trkpt lat="35.244575" lon="135.912759">
				<ele>634.446040</ele>
				<time>2024-12-15T04:22:22Z</time>
			</trkpt>
			<trkpt lat="35.244502" lon="135.912826">
				<ele>633.968930</ele>
				<time>2024-12-15T04:22:31Z</time>
			</trkpt>
			<trkpt lat="35.244445" lon="135.912923">
				<ele>630.437186</ele>
				<time>2024-12-15T04:22:40Z</time>
			</trkpt>
			<trkpt lat="35.244485" lon="135.913022">
				<ele>630.751316</ele>
				<time>2024-12-15T04:22:45Z</time>
			</trkpt>
			<trkpt lat="35.244504" lon="135.913134">
				<ele>620.401480</ele>
				<time>2024-12-15T04:23:03Z</time>
			</trkpt>
			<trkpt lat="35.244583" lon="135.913190">
				<ele>612.009671</ele>
				<time>2024-12-15T04:23:17Z</time>
			</trkpt>
			<trkpt lat="35.244640" lon="135.913296">
				<ele>607.521875</ele>
				<time>2024-12-15T04:23:28Z</time>
			</trkpt>
			<trkpt lat="35.244685" lon="135.913400">
				<ele>600.888815</ele>
				<time>2024-12-15T04:23:42Z</time>
			</trkpt>
			<trkpt lat="35.244663" lon="135.913507">
				<ele>597.191182</ele>
				<time>2024-12-15T04:23:52Z</time>
			</trkpt>
			<trkpt lat="35.244657" lon="135.913387">
				<ele>603.796263</ele>
				<time>2024-12-15T04:24:11Z</time>
			</trkpt>
			<trkpt lat="35.244571" lon="135.913425">
				<ele>603.921221</ele>
				<time>2024-12-15T04:24:19Z</time>
			</trkpt>
			<trkpt lat="35.244564" lon="135.913542">
				<ele>603.601662</ele>
				<time>2024-12-15T04:24:31Z</time>
			</trkpt>
			<trkpt lat="35.244558" lon="135.913653">
				<ele>603.401719</ele>
				<time>2024-12-15T04:24:40Z</time>
			</trkpt>
			<trkpt lat="35.244540" lon="135.913785">
				<ele>603.541970</ele>
				<time>2024-12-15T04:24:50Z</time>
			</trkpt>
			<trkpt lat="35.244566" lon="135.913893">
				<ele>599.063827</ele>
				<time>2024-12-15T04:25:26Z</time>
			</trkpt>
			<trkpt lat="35.244625" lon="135.913982">
				<ele>594.241017</ele>
				<time>2024-12-15T04:25:52Z</time>
			</trkpt>
			<trkpt lat="35.244597" lon="135.914087">
				<ele>586.755292</ele>
				<time>2024-12-15T04:26:30Z</time>
			</trkpt>
			<trkpt lat="35.244617" lon="135.914198">
				<ele>586.183089</ele>
				<time>2024-12-15T04:26:42Z</time>
			</trkpt>
			<trkpt lat="35.244550" lon="135.914277">
				<ele>584.275042</ele>
				<time>2024-12-15T04:27:03Z</time>
			</trkpt>
			<trkpt lat="35.244502" lon="135.914382">
				<ele>583.474681</ele>
				<time>2024-12-15T04:27:47Z</time>
			</trkpt>
			<trkpt lat="35.244542" lon="135.914482">
				<ele>580.153015</ele>
				<time>2024-12-15T04:28:02Z</time>
			</trkpt>
			<trkpt lat="35.244446" lon="135.914528">
				<ele>580.703167</ele>
				<time>2024-12-15T04:28:24Z</time>
			</trkpt>
			<trkpt lat="35.244420" lon="135.914643">
				<ele>581.041480</ele>
				<time>2024-12-15T04:28:37Z</time>
			</trkpt>
			<trkpt lat="35.244369" lon="135.914744">
				<ele>578.742032</ele>
				<time>2024-12-15T04:28:47Z</time>
			</trkpt>
			<trkpt lat="35.244330" lon="135.914856">
				<ele>579.012889</ele>
				<time>2024-12-15T04:29:03Z</time>
			</trkpt>
			<trkpt lat="35.244428" lon="135.914872">
				<ele>574.733273</ele>
				<time>2024-12-15T04:29:14Z</time>
			</trkpt>
			<trkpt lat="35.244411" lon="135.914984">
				<ele>569.871702</ele>
				<time>2024-12-15T04:29:36Z</time>
			</trkpt>
			<trkpt lat="35.244381" lon="135.915094">
				<ele>565.598531</ele>
				<time>2024-12-15T04:29:47Z</time>
			</trkpt>
			<trkpt lat="35.244310" lon="135.915170">
				<ele>563.650198</ele>
				<time>2024-12-15T04:29:58Z</time>
			</trkpt>
			<trkpt lat="35.244224" lon="135.915211">
				<ele>563.871633</ele>
				<time>2024-12-15T04:30:10Z</time>
			</trkpt>
			<trkpt lat="35.244155" lon="135.915302">
				<ele>562.425869</ele>
				<time>2024-12-15T04:30:23Z</time>
			</trkpt>
			<trkpt lat="35.244135" lon="135.915410">
				<ele>560.801605</ele>
				<time>2024-12-15T04:30:32Z</time>
			</trkpt>
			<trkpt lat="35.244061" lon="135.915477">
				<ele>557.329810</ele>
				<time>2024-12-15T04:30:48Z</time>
			</trkpt>
			<trkpt lat="35.244014" lon="135.915572">
				<ele>553.478431</ele>
				<time>2024-12-15T04:30:56Z</time>
			</trkpt>
			<trkpt lat="35.243976" lon="135.915683">
				<ele>547.187729</ele>
				<time>2024-12-15T04:31:12Z</time>
			</trkpt>
			<trkpt lat="35.243892" lon="135.915743">
				<ele>546.120440</ele>
				<time>2024-12-15T04:31:23Z</time>
			</trkpt>
			<trkpt lat="35.243816" lon="135.915835">
				<ele>545.009588</ele>
				<time>2024-12-15T04:31:33Z</time>
			</trkpt>
			<trkpt lat="35.243729" lon="135.915874">
				<ele>544.585891</ele>
				<time>2024-12-15T04:31:41Z</time>
			</trkpt>
			<trkpt lat="35.243667" lon="135.915960">
				<ele>542.730777</ele>
				<time>2024-12-15T04:31:49Z</time>
			</trkpt>
			<trkpt lat="35.243586" lon="135.916032">
				<ele>541.858489</ele>
				<time>2024-12-15T04:31:58Z</time>
			</trkpt>
			<trkpt lat="35.243540" lon="135.916131">
				<ele>540.083512</ele>
				<time>2024-12-15T04:32:04Z</time>
			</trkpt>
			<trkpt lat="35.243494" lon="135.916240">
				<ele>537.134172</ele>
				<time>2024-12-15T04:32:12Z</time>
			</trkpt>
			<trkpt lat="35.243438" lon="135.916328">
				<ele>536.855106</ele>
				<time>2024-12-15T04:32:19Z</time>
			</trkpt>
			<trkpt lat="35.243409" lon="135.916432">
				<ele>534.914170</ele>
				<time>2024-12-15T04:32:25Z</time>
			</trkpt>
			<trkpt lat="35.243367" lon="135.916539">
				<ele>532.267994</ele>
				<time>2024-12-15T04:32:37Z</time>
			</trkpt>
			<trkpt lat="35.243302" lon="135.916625">
				<ele>530.170509</ele>
				<time>2024-12-15T04:32:46Z</time>
			</trkpt>
			<trkpt lat="35.243226" lon="135.916707">
				<ele>528.255547</ele>
				<time>2024-12-15T04:32:54Z</time>
			</trkpt>
			<trkpt lat="35.243160" lon="135.916801">
				<ele>527.711994</ele>
				<time>2024-12-15T04:33:02Z</time>
			</trkpt>
			<trkpt lat="35.243112" lon="135.916897">
				<ele>526.242087</ele>
				<time>2024-12-15T04:33:08Z</time>
			</trkpt>
			<trkpt lat="35.243049" lon="135.916990">
				<ele>526.288986</ele>
				<time>2024-12-15T04:33:16Z</time>
			</trkpt>
			<trkpt lat="35.243004" lon="135.917101">
				<ele>523.056174</ele>
				<time>2024-12-15T04:33:25Z</time>
			</trkpt>
			<trkpt lat="35.242944" lon="135.917194">
				<ele>521.172313</ele>
				<time>2024-12-15T04:33:46Z</time>
			</trkpt>
			<trkpt lat="35.242900" lon="135.917307">
				<ele>518.212065</ele>
				<time>2024-12-15T04:33:54Z</time>
			</trkpt>
			<trkpt lat="35.242853" lon="135.917401">
				<ele>516.699613</ele>
				<time>2024-12-15T04:34:00Z</time>
			</trkpt>
			<trkpt lat="35.242804" lon="135.917499">
				<ele>516.214885</ele>
				<time>2024-12-15T04:34:08Z</time>
			</trkpt>
			<trkpt lat="35.242778" lon="135.917605">
				<ele>511.224158</ele>
				<time>2024-12-15T04:34:27Z</time>
			</trkpt>
			<trkpt lat="35.242717" lon="135.917696">
				<ele>507.773909</ele>
				<time>2024-12-15T04:34:45Z</time>
			</trkpt>
			<trkpt lat="35.242728" lon="135.917805">
				<ele>504.232416</ele>
				<time>2024-12-15T04:34:59Z</time>
			</trkpt>
			<trkpt lat="35.242817" lon="135.917839">
				<ele>494.888392</ele>
				<time>2024-12-15T04:35:29Z</time>
			</trkpt>
			<trkpt lat="35.242767" lon="135.917950">
				<ele>492.555968</ele>
				<time>2024-12-15T04:35:50Z</time>
			</trkpt>
			<trkpt lat="35.242850" lon="135.918015">
				<ele>489.408574</ele>
				<time>2024-12-15T04:36:06Z</time>
			</trkpt>
			<trkpt lat="35.242812" lon="135.918129">
				<ele>488.692196</ele>
				<time>2024-12-15T04:36:22Z</time>
			</trkpt>
			<trkpt lat="35.242731" lon="135.918180">
				<ele>486.302602</ele>
				<time>2024-12-15T04:36:37Z</time>
			</trkpt>
			<trkpt lat="35.242694" lon="135.918285">
				<ele>485.834243</ele>
				<time>2024-12-15T04:36:47Z</time>
			</trkpt>
			<trkpt lat="35.242634" lon="135.918374">
				<ele>485.179843</ele>
				<time>2024-12-15T04:36:57Z</time>
			</trkpt>
			<trkpt lat="35.242581" lon="135.918466">
				<ele>484.275929</ele>
				<time>2024-12-15T04:37:06Z</time>
			</trkpt>
			<trkpt lat="35.242551" lon="135.918582">
				<ele>485.023761</ele>
				<time>2024-12-15T04:37:15Z</time>
			</trkpt>
			<trkpt lat="35.242586" lon="135.918684">
				<ele>483.681471</ele>
				<time>2024-12-15T04:37:38Z</time>
			</trkpt>
			<trkpt lat="35.242517" lon="135.918772">
				<ele>478.434522</ele>
				<time>2024-12-15T04:37:49Z</time>
			</trkpt>
			<trkpt lat="35.242442" lon="135.918868">
				<ele>472.619865</ele>
				<time>2024-12-15T04:38:00Z</time>
			</trkpt>
			<trkpt lat="35.242392" lon="135.918964">
				<ele>471.762478</ele>
				<time>2024-12-15T04:38:06Z</time>
			</trkpt>
			<trkpt lat="35.242365" lon="135.919081">
				<ele>468.141367</ele>
				<time>2024-12-15T04:38:15Z</time>
			</trkpt>
			<trkpt lat="35.242349" lon="135.919190">
				<ele>465.929199</ele>
				<time>2024-12-15T04:38:27Z</time>
			</trkpt>
			<trkpt lat="35.242297" lon="135.919291">
				<ele>461.055341</ele>
				<time>2024-12-15T04:38:37Z</time>
			</trkpt>
			<trkpt lat="35.242263" lon="135.919400">
				<ele>458.216518</ele>
				<time>2024-12-15T04:38:46Z</time>
			</trkpt>
			<trkpt lat="35.242202" lon="135.919481">
				<ele>455.210760</ele>
				<time>2024-12-15T04:38:55Z</time>
			</trkpt>
			<trkpt lat="35.242167" lon="135.919594">
				<ele>452.509412</ele>
				<time>2024-12-15T04:39:02Z</time>
			</trkpt>
		</trkseg>
	</trk>
</gpx>
