<?xml version="1.0" encoding="UTF-8"?>
<gpx xmlns="http://www.topografix.com/GPX/1/1" version="1.1" creator="GPSBabel - http://www.gpsbabel.org">
	<metadata>
		<author>
			<name>Zetto</name>
		</author>
	</metadata>
	<trk>
		<trkseg>
			<trkpt lat="35.436022" lon="139.621055">
				<speed>0.000000</speed>
				<ele>6.976621</ele>
				<time>2026-09-05T00:29:53Z</time>
			</trkpt>
			<trkpt lat="35.436008" lon="139.621005">
				<speed>1.280310</speed>
				<ele>6.785600</ele>
				<time>2026-09-05T00:30:15Z</time>
			</trkpt>
			<trkpt lat="35.435996" lon="139.620939">
				<speed>3.280697</speed>
				<ele>6.794971</ele>
				<time>2026-09-05T00:30:22Z</time>
			</trkpt>
			<trkpt lat="35.435978" lon="139.620863">
				<speed>3.684712</speed>
				<ele>6.172337</ele>
				<time>2026-09-05T00:30:24Z</time>
			</trkpt>
			<trkpt lat="35.435955" lon="139.620768">
				<speed>3.684712</speed>
				<ele>5.280558</ele>
				<time>2026-09-05T00:30:25Z</time>
			</trkpt>
			<trkpt lat="35.435938" lon="139.620701">
				<speed>5.675805</speed>
				<ele>5.402482</ele>
				<time>2026-09-05T00:30:30Z</time>
			</trkpt>
			<trkpt lat="35.435912" lon="139.620605">
				<speed>5.500266</speed>
				<ele>3.575227</ele>
				<time>2026-09-05T00:30:32Z</time>
			</trkpt>
			<trkpt lat="35.435891" lon="139.620530">
				<speed>5.795695</speed>
				<ele>5.019606</ele>
				<time>2026-09-05T00:30:33Z</time>
			</trkpt>
			<trkpt lat="35.435866" lon="139.620442">
				<speed>5.856237</speed>
				<ele>5.189522</ele>
				<time>2026-09-05T00:30:34Z</time>
			</trkpt>
			<trkpt lat="35.435840" lon="139.620351">
				<speed>5.649218</speed>
				<ele>5.416946</ele>
				<time>2026-09-05T00:30:35Z</time>
			</trkpt>
			<trkpt lat="35.435814" lon="139.620259">
				<speed>5.913688</speed>
				<ele>5.434485</ele>
				<time>2026-09-05T00:30:36Z</time>
			</trkpt>
			<trkpt lat="35.435789" lon="139.620169">
				<speed>6.045878</speed>
				<ele>5.806760</ele>
				<time>2026-09-05T00:30:37Z</time>
			</trkpt>
			<trkpt lat="35.435764" lon="139.620082">
				<speed>5.918076</speed>
				<ele>5.979407</ele>
				<time>2026-09-05T00:30:38Z</time>
			</trkpt>
			<trkpt lat="35.435741" lon="139.620001">
				<speed>5.557664</speed>
				<ele>5.837987</ele>
				<time>2026-09-05T00:30:39Z</time>
			</trkpt>
			<trkpt lat="35.435720" lon="139.619926">
				<speed>5.317355</speed>
				<ele>6.097206</ele>
				<time>2026-09-05T00:30:40Z</time>
			</trkpt>
			<trkpt lat="35.435701" lon="139.619857">
				<speed>4.663338</speed>
				<ele>6.156606</ele>
				<time>2026-09-05T00:30:41Z</time>
			</trkpt>
			<trkpt lat="35.435672" lon="139.619741">
				<speed>4.322798</speed>
				<ele>6.457543</ele>
				<time>2026-09-05T00:30:43Z</time>
			</trkpt>
			<trkpt lat="35.435647" lon="139.619636">
				<speed>5.186379</speed>
				<ele>7.204948</ele>
				<time>2026-09-05T00:30:45Z</time>
			</trkpt>
			<trkpt lat="35.435621" lon="139.619531">
				<speed>5.830272</speed>
				<ele>6.777001</ele>
				<time>2026-09-05T00:30:47Z</time>
			</trkpt>
			<trkpt lat="35.435592" lon="139.619418">
				<speed>6.382094</speed>
				<ele>7.012931</ele>
				<time>2026-09-05T00:30:49Z</time>
			</trkpt>
			<trkpt lat="35.435560" lon="139.619293">
				<speed>6.384751</speed>
				<ele>6.934461</ele>
				<time>2026-09-05T00:30:51Z</time>
			</trkpt>
			<trkpt lat="35.435544" lon="139.619228">
				<speed>6.393861</speed>
				<ele>6.782173</ele>
				<time>2026-09-05T00:30:52Z</time>
			</trkpt>
			<trkpt lat="35.435527" lon="139.619162">
				<speed>6.560314</speed>
				<ele>6.944054</ele>
				<time>2026-09-05T00:30:53Z</time>
			</trkpt>
			<trkpt lat="35.435509" lon="139.619093">
				<speed>6.653879</speed>
				<ele>6.826950</ele>
				<time>2026-09-05T00:30:54Z</time>
			</trkpt>
			<trkpt lat="35.435491" lon="139.619024">
				<speed>6.678989</speed>
				<ele>6.864575</ele>
				<time>2026-09-05T00:30:55Z</time>
			</trkpt>
			<trkpt lat="35.435472" lon="139.618955">
				<speed>6.493554</speed>
				<ele>7.103368</ele>
				<time>2026-09-05T00:30:56Z</time>
			</trkpt>
			<trkpt lat="35.435453" lon="139.618885">
				<speed>6.540464</speed>
				<ele>7.026121</ele>
				<time>2026-09-05T00:30:57Z</time>
			</trkpt>
			<trkpt lat="35.435434" lon="139.618815">
				<speed>6.533420</speed>
				<ele>7.259834</ele>
				<time>2026-09-05T00:30:58Z</time>
			</trkpt>
			<trkpt lat="35.435414" lon="139.618746">
				<speed>6.437471</speed>
				<ele>7.122629</ele>
				<time>2026-09-05T00:30:59Z</time>
			</trkpt>
			<trkpt lat="35.435393" lon="139.618677">
				<speed>6.354758</speed>
				<ele>7.129566</ele>
				<time>2026-09-05T00:31:00Z</time>
			</trkpt>
			<trkpt lat="35.435372" lon="139.618609">
				<speed>6.484063</speed>
				<ele>7.095806</ele>
				<time>2026-09-05T00:31:01Z</time>
			</trkpt>
			<trkpt lat="35.435350" lon="139.618541">
				<speed>6.538231</speed>
				<ele>7.429593</ele>
				<time>2026-09-05T00:31:02Z</time>
			</trkpt>
			<trkpt lat="35.435329" lon="139.618474">
				<speed>6.232330</speed>
				<ele>7.270144</ele>
				<time>2026-09-05T00:31:03Z</time>
			</trkpt>
			<trkpt lat="35.435309" lon="139.618408">
				<speed>6.289279</speed>
				<ele>7.006426</ele>
				<time>2026-09-05T00:31:04Z</time>
			</trkpt>
			<trkpt lat="35.435290" lon="139.618341">
				<speed>6.463659</speed>
				<ele>6.701002</ele>
				<time>2026-09-05T00:31:05Z</time>
			</trkpt>
			<trkpt lat="35.435271" lon="139.618273">
				<speed>6.670993</speed>
				<ele>7.010743</ele>
				<time>2026-09-05T00:31:06Z</time>
			</trkpt>
			<trkpt lat="35.435252" lon="139.618205">
				<speed>6.659780</speed>
				<ele>6.850757</ele>
				<time>2026-09-05T00:31:07Z</time>
			</trkpt>
			<trkpt lat="35.435233" lon="139.618135">
				<speed>6.817848</speed>
				<ele>7.086982</ele>
				<time>2026-09-05T00:31:08Z</time>
			</trkpt>
			<trkpt lat="35.435214" lon="139.618065">
				<speed>6.790035</speed>
				<ele>6.873085</ele>
				<time>2026-09-05T00:31:09Z</time>
			</trkpt>
			<trkpt lat="35.435195" lon="139.617995">
				<speed>6.724776</speed>
				<ele>6.780347</ele>
				<time>2026-09-05T00:31:10Z</time>
			</trkpt>
			<trkpt lat="35.435175" lon="139.617924">
				<speed>7.021019</speed>
				<ele>6.959421</ele>
				<time>2026-09-05T00:31:11Z</time>
			</trkpt>
			<trkpt lat="35.435156" lon="139.617852">
				<speed>6.849692</speed>
				<ele>6.942669</ele>
				<time>2026-09-05T00:31:12Z</time>
			</trkpt>
			<trkpt lat="35.435135" lon="139.617780">
				<speed>6.896420</speed>
				<ele>7.111504</ele>
				<time>2026-09-05T00:31:13Z</time>
			</trkpt>
			<trkpt lat="35.435115" lon="139.617709">
				<speed>6.542539</speed>
				<ele>6.436250</ele>
				<time>2026-09-05T00:31:14Z</time>
			</trkpt>
			<trkpt lat="35.435096" lon="139.617638">
				<speed>6.763171</speed>
				<ele>6.987633</ele>
				<time>2026-09-05T00:31:15Z</time>
			</trkpt>
			<trkpt lat="35.435077" lon="139.617567">
				<speed>6.375217</speed>
				<ele>7.177313</ele>
				<time>2026-09-05T00:31:16Z</time>
			</trkpt>
			<trkpt lat="35.435059" lon="139.617498">
				<speed>6.241354</speed>
				<ele>7.008477</ele>
				<time>2026-09-05T00:31:17Z</time>
			</trkpt>
			<trkpt lat="35.435042" lon="139.617430">
				<speed>6.339429</speed>
				<ele>7.253929</ele>
				<time>2026-09-05T00:31:18Z</time>
			</trkpt>
			<trkpt lat="35.435026" lon="139.617364">
				<speed>5.931565</speed>
				<ele>7.160224</ele>
				<time>2026-09-05T00:31:19Z</time>
			</trkpt>
			<trkpt lat="35.435011" lon="139.617299">
				<speed>6.084387</speed>
				<ele>6.916982</ele>
				<time>2026-09-05T00:31:20Z</time>
			</trkpt>
			<trkpt lat="35.434995" lon="139.617234">
				<speed>6.217659</speed>
				<ele>7.121546</ele>
				<time>2026-09-05T00:31:21Z</time>
			</trkpt>
			<trkpt lat="35.434978" lon="139.617170">
				<speed>6.284110</speed>
				<ele>7.061496</ele>
				<time>2026-09-05T00:31:22Z</time>
			</trkpt>
			<trkpt lat="35.434960" lon="139.617107">
				<speed>6.233809</speed>
				<ele>6.789353</ele>
				<time>2026-09-05T00:31:23Z</time>
			</trkpt>
			<trkpt lat="35.434942" lon="139.617042">
				<speed>6.504326</speed>
				<ele>7.364393</ele>
				<time>2026-09-05T00:31:24Z</time>
			</trkpt>
			<trkpt lat="35.434923" lon="139.616979">
				<speed>6.066199</speed>
				<ele>7.121536</ele>
				<time>2026-09-05T00:31:25Z</time>
			</trkpt>
			<trkpt lat="35.434886" lon="139.616858">
				<speed>5.351247</speed>
				<ele>7.348128</ele>
				<time>2026-09-05T00:31:27Z</time>
			</trkpt>
			<trkpt lat="35.434850" lon="139.616745">
				<speed>5.313578</speed>
				<ele>7.303407</ele>
				<time>2026-09-05T00:31:29Z</time>
			</trkpt>
			<trkpt lat="35.434818" lon="139.616636">
				<speed>5.042919</speed>
				<ele>7.755175</ele>
				<time>2026-09-05T00:31:31Z</time>
			</trkpt>
			<trkpt lat="35.434787" lon="139.616530">
				<speed>5.246570</speed>
				<ele>7.643850</ele>
				<time>2026-09-05T00:31:33Z</time>
			</trkpt>
			<trkpt lat="35.434757" lon="139.616424">
				<speed>5.145584</speed>
				<ele>7.223059</ele>
				<time>2026-09-05T00:31:35Z</time>
			</trkpt>
			<trkpt lat="35.434728" lon="139.616315">
				<speed>5.752543</speed>
				<ele>7.527361</ele>
				<time>2026-09-05T00:31:37Z</time>
			</trkpt>
			<trkpt lat="35.434697" lon="139.616202">
				<speed>5.690584</speed>
				<ele>7.715857</ele>
				<time>2026-09-05T00:31:39Z</time>
			</trkpt>
			<trkpt lat="35.434665" lon="139.616085">
				<speed>5.688818</speed>
				<ele>7.986106</ele>
				<time>2026-09-05T00:31:41Z</time>
			</trkpt>
			<trkpt lat="35.434631" lon="139.615969">
				<speed>5.593381</speed>
				<ele>8.165097</ele>
				<time>2026-09-05T00:31:43Z</time>
			</trkpt>
			<trkpt lat="35.434591" lon="139.615857">
				<speed>4.972935</speed>
				<ele>8.223836</ele>
				<time>2026-09-05T00:31:45Z</time>
			</trkpt>
			<trkpt lat="35.434540" lon="139.615764">
				<speed>5.166697</speed>
				<ele>7.787288</ele>
				<time>2026-09-05T00:31:47Z</time>
			</trkpt>
			<trkpt lat="35.434474" lon="139.615681">
				<speed>5.442172</speed>
				<ele>8.285575</ele>
				<time>2026-09-05T00:31:49Z</time>
			</trkpt>
			<trkpt lat="35.434398" lon="139.615606">
				<speed>5.352518</speed>
				<ele>8.645323</ele>
				<time>2026-09-05T00:31:51Z</time>
			</trkpt>
			<trkpt lat="35.434319" lon="139.615544">
				<speed>4.198403</speed>
				<ele>9.235584</ele>
				<time>2026-09-05T00:31:53Z</time>
			</trkpt>
			<trkpt lat="35.434242" lon="139.615492">
				<speed>4.647082</speed>
				<ele>8.892630</ele>
				<time>2026-09-05T00:31:55Z</time>
			</trkpt>
			<trkpt lat="35.434159" lon="139.615442">
				<speed>5.211509</speed>
				<ele>8.416765</ele>
				<time>2026-09-05T00:31:57Z</time>
			</trkpt>
			<trkpt lat="35.434074" lon="139.615389">
				<speed>5.424038</speed>
				<ele>8.087572</ele>
				<time>2026-09-05T00:31:59Z</time>
			</trkpt>
			<trkpt lat="35.433985" lon="139.615322">
				<speed>6.733736</speed>
				<ele>7.224709</ele>
				<time>2026-09-05T00:32:01Z</time>
			</trkpt>
			<trkpt lat="35.433937" lon="139.615281">
				<speed>7.188130</speed>
				<ele>7.224845</ele>
				<time>2026-09-05T00:32:02Z</time>
			</trkpt>
			<trkpt lat="35.433887" lon="139.615237">
				<speed>7.361092</speed>
				<ele>6.953149</ele>
				<time>2026-09-05T00:32:03Z</time>
			</trkpt>
			<trkpt lat="35.433834" lon="139.615190">
				<speed>7.590022</speed>
				<ele>6.816200</ele>
				<time>2026-09-05T00:32:04Z</time>
			</trkpt>
			<trkpt lat="35.433779" lon="139.615140">
				<speed>7.765023</speed>
				<ele>6.707054</ele>
				<time>2026-09-05T00:32:05Z</time>
			</trkpt>
			<trkpt lat="35.433722" lon="139.615088">
				<speed>7.832048</speed>
				<ele>6.440300</ele>
				<time>2026-09-05T00:32:06Z</time>
			</trkpt>
			<trkpt lat="35.433664" lon="139.615034">
				<speed>7.928380</speed>
				<ele>6.433011</ele>
				<time>2026-09-05T00:32:07Z</time>
			</trkpt>
			<trkpt lat="35.433605" lon="139.614979">
				<speed>7.851724</speed>
				<ele>6.630369</ele>
				<time>2026-09-05T00:32:08Z</time>
			</trkpt>
			<trkpt lat="35.433547" lon="139.614923">
				<speed>7.789550</speed>
				<ele>6.559714</ele>
				<time>2026-09-05T00:32:09Z</time>
			</trkpt>
			<trkpt lat="35.433489" lon="139.614866">
				<speed>7.450369</speed>
				<ele>6.615583</ele>
				<time>2026-09-05T00:32:10Z</time>
			</trkpt>
			<trkpt lat="35.433434" lon="139.614807">
				<speed>7.456102</speed>
				<ele>6.517535</ele>
				<time>2026-09-05T00:32:11Z</time>
			</trkpt>
			<trkpt lat="35.433381" lon="139.614748">
				<speed>7.265070</speed>
				<ele>6.241870</ele>
				<time>2026-09-05T00:32:12Z</time>
			</trkpt>
			<trkpt lat="35.433331" lon="139.614688">
				<speed>7.224464</speed>
				<ele>6.398773</ele>
				<time>2026-09-05T00:32:13Z</time>
			</trkpt>
			<trkpt lat="35.433281" lon="139.614628">
				<speed>7.213371</speed>
				<ele>6.477450</ele>
				<time>2026-09-05T00:32:14Z</time>
			</trkpt>
			<trkpt lat="35.433232" lon="139.614571">
				<speed>7.259178</speed>
				<ele>6.243325</ele>
				<time>2026-09-05T00:32:15Z</time>
			</trkpt>
			<trkpt lat="35.433183" lon="139.614515">
				<speed>7.087156</speed>
				<ele>6.384923</ele>
				<time>2026-09-05T00:32:16Z</time>
			</trkpt>
			<trkpt lat="35.433135" lon="139.614460">
				<speed>7.058527</speed>
				<ele>6.323364</ele>
				<time>2026-09-05T00:32:17Z</time>
			</trkpt>
			<trkpt lat="35.433087" lon="139.614407">
				<speed>7.117878</speed>
				<ele>6.261055</ele>
				<time>2026-09-05T00:32:18Z</time>
			</trkpt>
			<trkpt lat="35.433040" lon="139.614354">
				<speed>6.863222</speed>
				<ele>6.248354</ele>
				<time>2026-09-05T00:32:19Z</time>
			</trkpt>
			<trkpt lat="35.432993" lon="139.614302">
				<speed>6.845527</speed>
				<ele>6.195443</ele>
				<time>2026-09-05T00:32:20Z</time>
			</trkpt>
			<trkpt lat="35.432948" lon="139.614251">
				<speed>6.591445</speed>
				<ele>6.261474</ele>
				<time>2026-09-05T00:32:21Z</time>
			</trkpt>
			<trkpt lat="35.432904" lon="139.614201">
				<speed>6.334682</speed>
				<ele>6.324868</ele>
				<time>2026-09-05T00:32:22Z</time>
			</trkpt>
			<trkpt lat="35.432862" lon="139.614152">
				<speed>6.021761</speed>
				<ele>6.477594</ele>
				<time>2026-09-05T00:32:23Z</time>
			</trkpt>
			<trkpt lat="35.432822" lon="139.614106">
				<speed>5.455849</speed>
				<ele>6.513636</ele>
				<time>2026-09-05T00:32:24Z</time>
			</trkpt>
			<trkpt lat="35.432754" lon="139.614029">
				<speed>3.374188</speed>
				<ele>6.116298</ele>
				<time>2026-09-05T00:32:26Z</time>
			</trkpt>
			<trkpt lat="35.432707" lon="139.613977">
				<speed>2.306854</speed>
				<ele>6.355695</ele>
				<time>2026-09-05T00:32:28Z</time>
			</trkpt>
			<trkpt lat="35.432669" lon="139.613918">
				<speed>4.428219</speed>
				<ele>6.614414</ele>
				<time>2026-09-05T00:33:03Z</time>
			</trkpt>
			<trkpt lat="35.432624" lon="139.613853">
				<speed>4.904014</speed>
				<ele>6.460800</ele>
				<time>2026-09-05T00:33:05Z</time>
			</trkpt>
			<trkpt lat="35.432559" lon="139.613761">
				<speed>5.120681</speed>
				<ele>6.659971</ele>
				<time>2026-09-05T00:33:07Z</time>
			</trkpt>
			<trkpt lat="35.432523" lon="139.613712">
				<speed>5.216551</speed>
				<ele>6.394662</ele>
				<time>2026-09-05T00:33:08Z</time>
			</trkpt>
			<trkpt lat="35.432486" lon="139.613660">
				<speed>5.412361</speed>
				<ele>6.774264</ele>
				<time>2026-09-05T00:33:09Z</time>
			</trkpt>
			<trkpt lat="35.432448" lon="139.613609">
				<speed>5.196820</speed>
				<ele>6.599453</ele>
				<time>2026-09-05T00:33:10Z</time>
			</trkpt>
			<trkpt lat="35.432410" lon="139.613557">
				<speed>5.319028</speed>
				<ele>6.605747</ele>
				<time>2026-09-05T00:33:11Z</time>
			</trkpt>
			<trkpt lat="35.432371" lon="139.613504">
				<speed>5.555499</speed>
				<ele>6.600204</ele>
				<time>2026-09-05T00:33:12Z</time>
			</trkpt>
			<trkpt lat="35.432333" lon="139.613452">
				<speed>5.591860</speed>
				<ele>6.586629</ele>
				<time>2026-09-05T00:33:13Z</time>
			</trkpt>
			<trkpt lat="35.432296" lon="139.613400">
				<speed>5.521414</speed>
				<ele>6.851175</ele>
				<time>2026-09-05T00:33:14Z</time>
			</trkpt>
			<trkpt lat="35.432258" lon="139.613349">
				<speed>5.556480</speed>
				<ele>6.794608</ele>
				<time>2026-09-05T00:33:15Z</time>
			</trkpt>
			<trkpt lat="35.432221" lon="139.613299">
				<speed>5.648815</speed>
				<ele>6.794854</ele>
				<time>2026-09-05T00:33:16Z</time>
			</trkpt>
			<trkpt lat="35.432184" lon="139.613248">
				<speed>5.763140</speed>
				<ele>6.873356</ele>
				<time>2026-09-05T00:33:17Z</time>
			</trkpt>
			<trkpt lat="35.432148" lon="139.613197">
				<speed>5.901589</speed>
				<ele>6.977481</ele>
				<time>2026-09-05T00:33:18Z</time>
			</trkpt>
			<trkpt lat="35.432111" lon="139.613145">
				<speed>5.977673</speed>
				<ele>6.981522</ele>
				<time>2026-09-05T00:33:19Z</time>
			</trkpt>
			<trkpt lat="35.432075" lon="139.613093">
				<speed>6.133997</speed>
				<ele>7.048509</ele>
				<time>2026-09-05T00:33:20Z</time>
			</trkpt>
			<trkpt lat="35.432038" lon="139.613041">
				<speed>6.049788</speed>
				<ele>7.037316</ele>
				<time>2026-09-05T00:33:21Z</time>
			</trkpt>
			<trkpt lat="35.432001" lon="139.612989">
				<speed>6.223641</speed>
				<ele>6.926550</ele>
				<time>2026-09-05T00:33:22Z</time>
			</trkpt>
			<trkpt lat="35.431963" lon="139.612938">
				<speed>6.132398</speed>
				<ele>6.930005</ele>
				<time>2026-09-05T00:33:23Z</time>
			</trkpt>
			<trkpt lat="35.431926" lon="139.612886">
				<speed>6.265571</speed>
				<ele>6.959013</ele>
				<time>2026-09-05T00:33:24Z</time>
			</trkpt>
			<trkpt lat="35.431890" lon="139.612833">
				<speed>6.243157</speed>
				<ele>6.953764</ele>
				<time>2026-09-05T00:33:25Z</time>
			</trkpt>
			<trkpt lat="35.431853" lon="139.612779">
				<speed>6.393695</speed>
				<ele>7.127751</ele>
				<time>2026-09-05T00:33:26Z</time>
			</trkpt>
			<trkpt lat="35.431818" lon="139.612723">
				<speed>6.340915</speed>
				<ele>7.077063</ele>
				<time>2026-09-05T00:33:27Z</time>
			</trkpt>
			<trkpt lat="35.431783" lon="139.612667">
				<speed>6.373467</speed>
				<ele>7.057517</ele>
				<time>2026-09-05T00:33:28Z</time>
			</trkpt>
			<trkpt lat="35.431747" lon="139.612611">
				<speed>6.410503</speed>
				<ele>7.187139</ele>
				<time>2026-09-05T00:33:29Z</time>
			</trkpt>
			<trkpt lat="35.431711" lon="139.612557">
				<speed>6.298168</speed>
				<ele>7.368571</ele>
				<time>2026-09-05T00:33:30Z</time>
			</trkpt>
			<trkpt lat="35.431674" lon="139.612502">
				<speed>6.367714</speed>
				<ele>7.249082</ele>
				<time>2026-09-05T00:33:31Z</time>
			</trkpt>
			<trkpt lat="35.431637" lon="139.612446">
				<speed>6.809768</speed>
				<ele>7.381191</ele>
				<time>2026-09-05T00:33:32Z</time>
			</trkpt>
			<trkpt lat="35.431598" lon="139.612391">
				<speed>6.625065</speed>
				<ele>7.449575</ele>
				<time>2026-09-05T00:33:33Z</time>
			</trkpt>
			<trkpt lat="35.431559" lon="139.612336">
				<speed>6.398605</speed>
				<ele>7.052841</ele>
				<time>2026-09-05T00:33:34Z</time>
			</trkpt>
			<trkpt lat="35.431520" lon="139.612282">
				<speed>6.440890</speed>
				<ele>7.297714</ele>
				<time>2026-09-05T00:33:35Z</time>
			</trkpt>
			<trkpt lat="35.431481" lon="139.612229">
				<speed>6.197713</speed>
				<ele>7.476202</ele>
				<time>2026-09-05T00:33:36Z</time>
			</trkpt>
			<trkpt lat="35.431442" lon="139.612176">
				<speed>6.326544</speed>
				<ele>7.839343</ele>
				<time>2026-09-05T00:33:37Z</time>
			</trkpt>
			<trkpt lat="35.431404" lon="139.612125">
				<speed>5.928759</speed>
				<ele>7.495823</ele>
				<time>2026-09-05T00:33:38Z</time>
			</trkpt>
			<trkpt lat="35.431366" lon="139.612075">
				<speed>5.914710</speed>
				<ele>7.499275</ele>
				<time>2026-09-05T00:33:39Z</time>
			</trkpt>
			<trkpt lat="35.431328" lon="139.612028">
				<speed>5.800623</speed>
				<ele>7.622388</ele>
				<time>2026-09-05T00:33:40Z</time>
			</trkpt>
			<trkpt lat="35.431253" lon="139.611935">
				<speed>5.914918</speed>
				<ele>7.478455</ele>
				<time>2026-09-05T00:33:42Z</time>
			</trkpt>
			<trkpt lat="35.431183" lon="139.611840">
				<speed>5.762299</speed>
				<ele>7.405573</ele>
				<time>2026-09-05T00:33:44Z</time>
			</trkpt>
			<trkpt lat="35.431116" lon="139.611748">
				<speed>5.301049</speed>
				<ele>7.737724</ele>
				<time>2026-09-05T00:33:46Z</time>
			</trkpt>
			<trkpt lat="35.431054" lon="139.611674">
				<speed>3.080284</speed>
				<ele>8.000404</ele>
				<time>2026-09-05T00:33:48Z</time>
			</trkpt>
			<trkpt lat="35.431000" lon="139.611606">
				<speed>4.599114</speed>
				<ele>7.853939</ele>
				<time>2026-09-05T00:34:04Z</time>
			</trkpt>
			<trkpt lat="35.430939" lon="139.611508">
				<speed>5.065094</speed>
				<ele>7.845274</ele>
				<time>2026-09-05T00:34:06Z</time>
			</trkpt>
			<trkpt lat="35.430901" lon="139.611449">
				<speed>5.184334</speed>
				<ele>7.927278</ele>
				<time>2026-09-05T00:34:07Z</time>
			</trkpt>
			<trkpt lat="35.430862" lon="139.611387">
				<speed>5.343188</speed>
				<ele>8.037592</ele>
				<time>2026-09-05T00:34:08Z</time>
			</trkpt>
			<trkpt lat="35.430821" lon="139.611325">
				<speed>5.466617</speed>
				<ele>7.895343</ele>
				<time>2026-09-05T00:34:09Z</time>
			</trkpt>
			<trkpt lat="35.430780" lon="139.611265">
				<speed>5.507794</speed>
				<ele>8.049559</ele>
				<time>2026-09-05T00:34:10Z</time>
			</trkpt>
			<trkpt lat="35.430740" lon="139.611206">
				<speed>5.399218</speed>
				<ele>8.014079</ele>
				<time>2026-09-05T00:34:11Z</time>
			</trkpt>
			<trkpt lat="35.430702" lon="139.611152">
				<speed>4.435368</speed>
				<ele>8.095686</ele>
				<time>2026-09-05T00:34:12Z</time>
			</trkpt>
			<trkpt lat="35.430668" lon="139.611108">
				<speed>2.865954</speed>
				<ele>8.127908</ele>
				<time>2026-09-05T00:34:13Z</time>
			</trkpt>
			<trkpt lat="35.430637" lon="139.611074">
				<speed>2.227434</speed>
				<ele>7.631501</ele>
				<time>2026-09-05T00:34:14Z</time>
			</trkpt>
			<trkpt lat="35.430587" lon="139.611022">
				<speed>2.691560</speed>
				<ele>7.665872</ele>
				<time>2026-09-05T00:34:16Z</time>
			</trkpt>
			<trkpt lat="35.430545" lon="139.610975">
				<speed>3.694326</speed>
				<ele>7.175333</ele>
				<time>2026-09-05T00:34:18Z</time>
			</trkpt>
			<trkpt lat="35.430503" lon="139.610925">
				<speed>3.998137</speed>
				<ele>7.257817</ele>
				<time>2026-09-05T00:34:20Z</time>
			</trkpt>
			<trkpt lat="35.430458" lon="139.610869">
				<speed>4.297711</speed>
				<ele>7.461276</ele>
				<time>2026-09-05T00:34:22Z</time>
			</trkpt>
			<trkpt lat="35.430413" lon="139.610809">
				<speed>3.561909</speed>
				<ele>8.395409</ele>
				<time>2026-09-05T00:34:24Z</time>
			</trkpt>
			<trkpt lat="35.430366" lon="139.610753">
				<speed>3.581361</speed>
				<ele>7.618611</ele>
				<time>2026-09-05T00:34:26Z</time>
			</trkpt>
			<trkpt lat="35.430326" lon="139.610703">
				<speed>2.069786</speed>
				<ele>7.115994</ele>
				<time>2026-09-05T00:34:28Z</time>
			</trkpt>
			<trkpt lat="35.430281" lon="139.610635">
				<speed>3.123221</speed>
				<ele>7.279847</ele>
				<time>2026-09-05T00:34:31Z</time>
			</trkpt>
			<trkpt lat="35.430233" lon="139.610564">
				<speed>3.081959</speed>
				<ele>6.640783</ele>
				<time>2026-09-05T00:34:34Z</time>
			</trkpt>
			<trkpt lat="35.430195" lon="139.610508">
				<speed>4.043383</speed>
				<ele>7.409587</ele>
				<time>2026-09-05T00:34:36Z</time>
			</trkpt>
			<trkpt lat="35.430154" lon="139.610448">
				<speed>3.345167</speed>
				<ele>6.988186</ele>
				<time>2026-09-05T00:34:38Z</time>
			</trkpt>
			<trkpt lat="35.430111" lon="139.610394">
				<speed>2.801332</speed>
				<ele>6.746164</ele>
				<time>2026-09-05T00:34:40Z</time>
			</trkpt>
			<trkpt lat="35.430073" lon="139.610347">
				<speed>2.686361</speed>
				<ele>6.250339</ele>
				<time>2026-09-05T00:34:42Z</time>
			</trkpt>
			<trkpt lat="35.430032" lon="139.610298">
				<speed>3.603384</speed>
				<ele>7.155115</ele>
				<time>2026-09-05T00:34:44Z</time>
			</trkpt>
			<trkpt lat="35.429991" lon="139.610246">
				<speed>2.913230</speed>
				<ele>7.667285</ele>
				<time>2026-09-05T00:34:46Z</time>
			</trkpt>
			<trkpt lat="35.429954" lon="139.610196">
				<speed>2.796379</speed>
				<ele>6.555477</ele>
				<time>2026-09-05T00:34:48Z</time>
			</trkpt>
			<trkpt lat="35.429919" lon="139.610151">
				<speed>2.193723</speed>
				<ele>7.924252</ele>
				<time>2026-09-05T00:34:50Z</time>
			</trkpt>
			<trkpt lat="35.429887" lon="139.610109">
				<speed>2.853629</speed>
				<ele>6.850320</ele>
				<time>2026-09-05T00:34:52Z</time>
			</trkpt>
			<trkpt lat="35.429861" lon="139.610065">
				<speed>2.191409</speed>
				<ele>7.477823</ele>
				<time>2026-09-05T00:34:54Z</time>
			</trkpt>
			<trkpt lat="35.429823" lon="139.609992">
				<speed>3.814372</speed>
				<ele>8.314440</ele>
				<time>2026-09-05T00:34:57Z</time>
			</trkpt>
			<trkpt lat="35.429787" lon="139.609929">
				<speed>4.275229</speed>
				<ele>8.176182</ele>
				<time>2026-09-05T00:34:59Z</time>
			</trkpt>
			<trkpt lat="35.429744" lon="139.609854">
				<speed>4.689784</speed>
				<ele>8.385477</ele>
				<time>2026-09-05T00:35:01Z</time>
			</trkpt>
			<trkpt lat="35.429690" lon="139.609773">
				<speed>5.090643</speed>
				<ele>8.381385</ele>
				<time>2026-09-05T00:35:03Z</time>
			</trkpt>
			<trkpt lat="35.429629" lon="139.609687">
				<speed>5.069568</speed>
				<ele>7.794804</ele>
				<time>2026-09-05T00:35:05Z</time>
			</trkpt>
			<trkpt lat="35.429563" lon="139.609598">
				<speed>5.032269</speed>
				<ele>8.531391</ele>
				<time>2026-09-05T00:35:07Z</time>
			</trkpt>
			<trkpt lat="35.429497" lon="139.609509">
				<speed>4.446252</speed>
				<ele>8.750743</ele>
				<time>2026-09-05T00:35:09Z</time>
			</trkpt>
			<trkpt lat="35.429439" lon="139.609436">
				<speed>2.536664</speed>
				<ele>8.944509</ele>
				<time>2026-09-05T00:35:11Z</time>
			</trkpt>
			<trkpt lat="35.429404" lon="139.609380">
				<speed>0.560410</speed>
				<ele>8.478018</ele>
				<time>2026-09-05T00:35:21Z</time>
			</trkpt>
			<trkpt lat="35.429371" lon="139.609322">
				<speed>3.861349</speed>
				<ele>9.613598</ele>
				<time>2026-09-05T00:35:55Z</time>
			</trkpt>
			<trkpt lat="35.429333" lon="139.609256">
				<speed>4.876170</speed>
				<ele>9.263013</ele>
				<time>2026-09-05T00:35:57Z</time>
			</trkpt>
			<trkpt lat="35.429288" lon="139.609174">
				<speed>4.730869</speed>
				<ele>9.232810</ele>
				<time>2026-09-05T00:35:59Z</time>
			</trkpt>
			<trkpt lat="35.429240" lon="139.609082">
				<speed>5.019967</speed>
				<ele>9.427405</ele>
				<time>2026-09-05T00:36:01Z</time>
			</trkpt>
			<trkpt lat="35.429186" lon="139.608986">
				<speed>5.421830</speed>
				<ele>9.101376</ele>
				<time>2026-09-05T00:36:03Z</time>
			</trkpt>
			<trkpt lat="35.429122" lon="139.608886">
				<speed>5.988722</speed>
				<ele>9.084995</ele>
				<time>2026-09-05T00:36:05Z</time>
			</trkpt>
			<trkpt lat="35.429088" lon="139.608833">
				<speed>6.067935</speed>
				<ele>9.325968</ele>
				<time>2026-09-05T00:36:06Z</time>
			</trkpt>
			<trkpt lat="35.429053" lon="139.608779">
				<speed>6.229468</speed>
				<ele>9.374004</ele>
				<time>2026-09-05T00:36:07Z</time>
			</trkpt>
			<trkpt lat="35.429018" lon="139.608723">
				<speed>6.204924</speed>
				<ele>9.896851</ele>
				<time>2026-09-05T00:36:08Z</time>
			</trkpt>
			<trkpt lat="35.428983" lon="139.608666">
				<speed>6.313334</speed>
				<ele>9.666212</ele>
				<time>2026-09-05T00:36:09Z</time>
			</trkpt>
			<trkpt lat="35.428947" lon="139.608608">
				<speed>6.416187</speed>
				<ele>9.631626</ele>
				<time>2026-09-05T00:36:10Z</time>
			</trkpt>
			<trkpt lat="35.428911" lon="139.608548">
				<speed>6.609771</speed>
				<ele>9.580205</ele>
				<time>2026-09-05T00:36:11Z</time>
			</trkpt>
			<trkpt lat="35.428875" lon="139.608487">
				<speed>6.640059</speed>
				<ele>9.566624</ele>
				<time>2026-09-05T00:36:12Z</time>
			</trkpt>
			<trkpt lat="35.428839" lon="139.608426">
				<speed>6.561142</speed>
				<ele>9.556950</ele>
				<time>2026-09-05T00:36:13Z</time>
			</trkpt>
			<trkpt lat="35.428803" lon="139.608364">
				<speed>6.581254</speed>
				<ele>9.544827</ele>
				<time>2026-09-05T00:36:14Z</time>
			</trkpt>
			<trkpt lat="35.428767" lon="139.608303">
				<speed>6.593638</speed>
				<ele>9.811934</ele>
				<time>2026-09-05T00:36:15Z</time>
			</trkpt>
			<trkpt lat="35.428730" lon="139.608241">
				<speed>6.699867</speed>
				<ele>9.719696</ele>
				<time>2026-09-05T00:36:16Z</time>
			</trkpt>
			<trkpt lat="35.428693" lon="139.608179">
				<speed>6.754068</speed>
				<ele>9.757788</ele>
				<time>2026-09-05T00:36:17Z</time>
			</trkpt>
			<trkpt lat="35.428656" lon="139.608117">
				<speed>6.809710</speed>
				<ele>9.678593</ele>
				<time>2026-09-05T00:36:18Z</time>
			</trkpt>
			<trkpt lat="35.428619" lon="139.608055">
				<speed>6.823469</speed>
				<ele>9.643820</ele>
				<time>2026-09-05T00:36:19Z</time>
			</trkpt>
			<trkpt lat="35.428582" lon="139.607993">
				<speed>6.806498</speed>
				<ele>9.675673</ele>
				<time>2026-09-05T00:36:20Z</time>
			</trkpt>
			<trkpt lat="35.428545" lon="139.607931">
				<speed>6.737149</speed>
				<ele>9.640749</ele>
				<time>2026-09-05T00:36:21Z</time>
			</trkpt>
			<trkpt lat="35.428508" lon="139.607868">
				<speed>6.886265</speed>
				<ele>9.505722</ele>
				<time>2026-09-05T00:36:22Z</time>
			</trkpt>
			<trkpt lat="35.428472" lon="139.607806">
				<speed>6.757733</speed>
				<ele>9.485967</ele>
				<time>2026-09-05T00:36:23Z</time>
			</trkpt>
			<trkpt lat="35.428436" lon="139.607744">
				<speed>6.800434</speed>
				<ele>9.207255</ele>
				<time>2026-09-05T00:36:24Z</time>
			</trkpt>
			<trkpt lat="35.428400" lon="139.607682">
				<speed>6.791500</speed>
				<ele>9.354251</ele>
				<time>2026-09-05T00:36:25Z</time>
			</trkpt>
			<trkpt lat="35.428363" lon="139.607620">
				<speed>6.880204</speed>
				<ele>9.256444</ele>
				<time>2026-09-05T00:36:26Z</time>
			</trkpt>
			<trkpt lat="35.428327" lon="139.607558">
				<speed>6.860482</speed>
				<ele>9.424330</ele>
				<time>2026-09-05T00:36:27Z</time>
			</trkpt>
			<trkpt lat="35.428291" lon="139.607496">
				<speed>6.914233</speed>
				<ele>9.430387</ele>
				<time>2026-09-05T00:36:28Z</time>
			</trkpt>
			<trkpt lat="35.428255" lon="139.607433">
				<speed>6.898878</speed>
				<ele>9.356629</ele>
				<time>2026-09-05T00:36:29Z</time>
			</trkpt>
			<trkpt lat="35.428220" lon="139.607370">
				<speed>6.866482</speed>
				<ele>8.989876</ele>
				<time>2026-09-05T00:36:30Z</time>
			</trkpt>
			<trkpt lat="35.428184" lon="139.607307">
				<speed>6.984124</speed>
				<ele>8.848605</ele>
				<time>2026-09-05T00:36:31Z</time>
			</trkpt>
			<trkpt lat="35.428149" lon="139.607244">
				<speed>6.965802</speed>
				<ele>9.033443</ele>
				<time>2026-09-05T00:36:32Z</time>
			</trkpt>
			<trkpt lat="35.428114" lon="139.607180">
				<speed>7.047156</speed>
				<ele>9.006091</ele>
				<time>2026-09-05T00:36:33Z</time>
			</trkpt>
			<trkpt lat="35.428079" lon="139.607116">
				<speed>6.923321</speed>
				<ele>9.196398</ele>
				<time>2026-09-05T00:36:34Z</time>
			</trkpt>
			<trkpt lat="35.428044" lon="139.607053">
				<speed>6.771206</speed>
				<ele>9.081480</ele>
				<time>2026-09-05T00:36:35Z</time>
			</trkpt>
			<trkpt lat="35.428007" lon="139.606991">
				<speed>6.881144</speed>
				<ele>9.072507</ele>
				<time>2026-09-05T00:36:36Z</time>
			</trkpt>
			<trkpt lat="35.427970" lon="139.606931">
				<speed>6.730011</speed>
				<ele>9.114428</ele>
				<time>2026-09-05T00:36:37Z</time>
			</trkpt>
			<trkpt lat="35.427933" lon="139.606872">
				<speed>6.696402</speed>
				<ele>8.908533</ele>
				<time>2026-09-05T00:36:38Z</time>
			</trkpt>
			<trkpt lat="35.427895" lon="139.606813">
				<speed>6.686071</speed>
				<ele>8.873596</ele>
				<time>2026-09-05T00:36:39Z</time>
			</trkpt>
			<trkpt lat="35.427858" lon="139.606755">
				<speed>6.770893</speed>
				<ele>9.237291</ele>
				<time>2026-09-05T00:36:40Z</time>
			</trkpt>
			<trkpt lat="35.427820" lon="139.606696">
				<speed>6.888251</speed>
				<ele>9.048008</ele>
				<time>2026-09-05T00:36:41Z</time>
			</trkpt>
			<trkpt lat="35.427783" lon="139.606637">
				<speed>6.603220</speed>
				<ele>9.255975</ele>
				<time>2026-09-05T00:36:42Z</time>
			</trkpt>
			<trkpt lat="35.427747" lon="139.606578">
				<speed>6.557339</speed>
				<ele>9.204268</ele>
				<time>2026-09-05T00:36:43Z</time>
			</trkpt>
			<trkpt lat="35.427712" lon="139.606520">
				<speed>6.450636</speed>
				<ele>9.458277</ele>
				<time>2026-09-05T00:36:44Z</time>
			</trkpt>
			<trkpt lat="35.427677" lon="139.606462">
				<speed>6.545884</speed>
				<ele>9.501395</ele>
				<time>2026-09-05T00:36:45Z</time>
			</trkpt>
			<trkpt lat="35.427642" lon="139.606404">
				<speed>6.412785</speed>
				<ele>9.512839</ele>
				<time>2026-09-05T00:36:46Z</time>
			</trkpt>
			<trkpt lat="35.427607" lon="139.606346">
				<speed>6.592269</speed>
				<ele>9.172659</ele>
				<time>2026-09-05T00:36:47Z</time>
			</trkpt>
			<trkpt lat="35.427572" lon="139.606288">
				<speed>6.682506</speed>
				<ele>9.158027</ele>
				<time>2026-09-05T00:36:48Z</time>
			</trkpt>
			<trkpt lat="35.427536" lon="139.606229">
				<speed>6.771481</speed>
				<ele>9.299305</ele>
				<time>2026-09-05T00:36:49Z</time>
			</trkpt>
			<trkpt lat="35.427501" lon="139.606169">
				<speed>6.739434</speed>
				<ele>9.384305</ele>
				<time>2026-09-05T00:36:50Z</time>
			</trkpt>
			<trkpt lat="35.427466" lon="139.606110">
				<speed>6.703807</speed>
				<ele>9.377663</ele>
				<time>2026-09-05T00:36:51Z</time>
			</trkpt>
			<trkpt lat="35.427431" lon="139.606050">
				<speed>6.787780</speed>
				<ele>9.127238</ele>
				<time>2026-09-05T00:36:52Z</time>
			</trkpt>
			<trkpt lat="35.427395" lon="139.605989">
				<speed>6.747253</speed>
				<ele>9.156287</ele>
				<time>2026-09-05T00:36:53Z</time>
			</trkpt>
			<trkpt lat="35.427360" lon="139.605928">
				<speed>6.805915</speed>
				<ele>9.118892</ele>
				<time>2026-09-05T00:36:54Z</time>
			</trkpt>
			<trkpt lat="35.427325" lon="139.605868">
				<speed>6.692895</speed>
				<ele>9.069318</ele>
				<time>2026-09-05T00:36:55Z</time>
			</trkpt>
			<trkpt lat="35.427290" lon="139.605807">
				<speed>6.880179</speed>
				<ele>8.750356</ele>
				<time>2026-09-05T00:36:56Z</time>
			</trkpt>
			<trkpt lat="35.427254" lon="139.605745">
				<speed>6.885212</speed>
				<ele>9.025103</ele>
				<time>2026-09-05T00:36:57Z</time>
			</trkpt>
			<trkpt lat="35.427219" lon="139.605684">
				<speed>6.658828</speed>
				<ele>8.913150</ele>
				<time>2026-09-05T00:36:58Z</time>
			</trkpt>
			<trkpt lat="35.427183" lon="139.605624">
				<speed>6.631271</speed>
				<ele>9.006294</ele>
				<time>2026-09-05T00:36:59Z</time>
			</trkpt>
			<trkpt lat="35.427148" lon="139.605564">
				<speed>6.463693</speed>
				<ele>8.859510</ele>
				<time>2026-09-05T00:37:00Z</time>
			</trkpt>
			<trkpt lat="35.427112" lon="139.605505">
				<speed>6.356107</speed>
				<ele>8.964860</ele>
				<time>2026-09-05T00:37:01Z</time>
			</trkpt>
			<trkpt lat="35.427078" lon="139.605449">
				<speed>5.745963</speed>
				<ele>8.898426</ele>
				<time>2026-09-05T00:37:02Z</time>
			</trkpt>
			<trkpt lat="35.427016" lon="139.605351">
				<speed>4.312287</speed>
				<ele>8.951565</ele>
				<time>2026-09-05T00:37:04Z</time>
			</trkpt>
			<trkpt lat="35.426966" lon="139.605271">
				<speed>3.633380</speed>
				<ele>9.116099</ele>
				<time>2026-09-05T00:37:06Z</time>
			</trkpt>
			<trkpt lat="35.426923" lon="139.605199">
				<speed>4.416995</speed>
				<ele>8.883604</ele>
				<time>2026-09-05T00:37:08Z</time>
			</trkpt>
			<trkpt lat="35.426879" lon="139.605123">
				<speed>5.308965</speed>
				<ele>8.994459</ele>
				<time>2026-09-05T00:37:10Z</time>
			</trkpt>
			<trkpt lat="35.426830" lon="139.605037">
				<speed>5.818158</speed>
				<ele>9.431199</ele>
				<time>2026-09-05T00:37:12Z</time>
			</trkpt>
			<trkpt lat="35.426773" lon="139.604939">
				<speed>6.287463</speed>
				<ele>9.220079</ele>
				<time>2026-09-05T00:37:14Z</time>
			</trkpt>
			<trkpt lat="35.426710" lon="139.604832">
				<speed>6.614520</speed>
				<ele>8.758417</ele>
				<time>2026-09-05T00:37:16Z</time>
			</trkpt>
			<trkpt lat="35.426675" lon="139.604774">
				<speed>6.831093</speed>
				<ele>8.787245</ele>
				<time>2026-09-05T00:37:17Z</time>
			</trkpt>
			<trkpt lat="35.426640" lon="139.604714">
				<speed>6.894889</speed>
				<ele>8.847427</ele>
				<time>2026-09-05T00:37:18Z</time>
			</trkpt>
			<trkpt lat="35.426603" lon="139.604652">
				<speed>7.120451</speed>
				<ele>8.704120</ele>
				<time>2026-09-05T00:37:19Z</time>
			</trkpt>
			<trkpt lat="35.426565" lon="139.604588">
				<speed>7.113780</speed>
				<ele>8.754031</ele>
				<time>2026-09-05T00:37:20Z</time>
			</trkpt>
			<trkpt lat="35.426526" lon="139.604525">
				<speed>7.111250</speed>
				<ele>8.654959</ele>
				<time>2026-09-05T00:37:21Z</time>
			</trkpt>
			<trkpt lat="35.426486" lon="139.604459">
				<speed>7.531451</speed>
				<ele>8.179788</ele>
				<time>2026-09-05T00:37:22Z</time>
			</trkpt>
			<trkpt lat="35.426446" lon="139.604394">
				<speed>6.769044</speed>
				<ele>8.706789</ele>
				<time>2026-09-05T00:37:23Z</time>
			</trkpt>
			<trkpt lat="35.426406" lon="139.604330">
				<speed>6.913584</speed>
				<ele>8.989799</ele>
				<time>2026-09-05T00:37:24Z</time>
			</trkpt>
			<trkpt lat="35.426364" lon="139.604267">
				<speed>7.075127</speed>
				<ele>8.778048</ele>
				<time>2026-09-05T00:37:25Z</time>
			</trkpt>
			<trkpt lat="35.426321" lon="139.604206">
				<speed>7.295177</speed>
				<ele>8.882929</ele>
				<time>2026-09-05T00:37:26Z</time>
			</trkpt>
			<trkpt lat="35.426276" lon="139.604146">
				<speed>7.377138</speed>
				<ele>8.871988</ele>
				<time>2026-09-05T00:37:27Z</time>
			</trkpt>
			<trkpt lat="35.426229" lon="139.604087">
				<speed>7.324418</speed>
				<ele>8.856862</ele>
				<time>2026-09-05T00:37:28Z</time>
			</trkpt>
			<trkpt lat="35.426180" lon="139.604030">
				<speed>7.527049</speed>
				<ele>9.053581</ele>
				<time>2026-09-05T00:37:29Z</time>
			</trkpt>
			<trkpt lat="35.426130" lon="139.603973">
				<speed>7.425436</speed>
				<ele>8.798803</ele>
				<time>2026-09-05T00:37:30Z</time>
			</trkpt>
			<trkpt lat="35.426079" lon="139.603918">
				<speed>7.367028</speed>
				<ele>8.880045</ele>
				<time>2026-09-05T00:37:31Z</time>
			</trkpt>
			<trkpt lat="35.426027" lon="139.603862">
				<speed>7.336924</speed>
				<ele>9.025400</ele>
				<time>2026-09-05T00:37:32Z</time>
			</trkpt>
			<trkpt lat="35.425977" lon="139.603809">
				<speed>6.628345</speed>
				<ele>9.439132</ele>
				<time>2026-09-05T00:37:33Z</time>
			</trkpt>
			<trkpt lat="35.425928" lon="139.603759">
				<speed>6.172733</speed>
				<ele>9.311345</ele>
				<time>2026-09-05T00:37:34Z</time>
			</trkpt>
			<trkpt lat="35.425882" lon="139.603711">
				<speed>6.223306</speed>
				<ele>9.747668</ele>
				<time>2026-09-05T00:37:35Z</time>
			</trkpt>
			<trkpt lat="35.425836" lon="139.603664">
				<speed>6.366056</speed>
				<ele>9.405857</ele>
				<time>2026-09-05T00:37:36Z</time>
			</trkpt>
			<trkpt lat="35.425791" lon="139.603616">
				<speed>6.895419</speed>
				<ele>9.815160</ele>
				<time>2026-09-05T00:37:37Z</time>
			</trkpt>
			<trkpt lat="35.425746" lon="139.603569">
				<speed>6.627983</speed>
				<ele>9.888906</ele>
				<time>2026-09-05T00:37:38Z</time>
			</trkpt>
			<trkpt lat="35.425701" lon="139.603522">
				<speed>6.663670</speed>
				<ele>9.543530</ele>
				<time>2026-09-05T00:37:39Z</time>
			</trkpt>
			<trkpt lat="35.425656" lon="139.603475">
				<speed>6.779968</speed>
				<ele>9.870285</ele>
				<time>2026-09-05T00:37:40Z</time>
			</trkpt>
			<trkpt lat="35.425611" lon="139.603427">
				<speed>6.642136</speed>
				<ele>9.840269</ele>
				<time>2026-09-05T00:37:41Z</time>
			</trkpt>
			<trkpt lat="35.425567" lon="139.603380">
				<speed>6.644964</speed>
				<ele>9.906964</ele>
				<time>2026-09-05T00:37:42Z</time>
			</trkpt>
			<trkpt lat="35.425521" lon="139.603333">
				<speed>6.614655</speed>
				<ele>9.940691</ele>
				<time>2026-09-05T00:37:43Z</time>
			</trkpt>
			<trkpt lat="35.425475" lon="139.603288">
				<speed>6.673571</speed>
				<ele>9.946382</ele>
				<time>2026-09-05T00:37:44Z</time>
			</trkpt>
			<trkpt lat="35.425427" lon="139.603247">
				<speed>6.564508</speed>
				<ele>10.355685</ele>
				<time>2026-09-05T00:37:45Z</time>
			</trkpt>
			<trkpt lat="35.425376" lon="139.603210">
				<speed>6.710405</speed>
				<ele>10.472687</ele>
				<time>2026-09-05T00:37:46Z</time>
			</trkpt>
			<trkpt lat="35.425324" lon="139.603175">
				<speed>6.784452</speed>
				<ele>9.644266</ele>
				<time>2026-09-05T00:37:47Z</time>
			</trkpt>
			<trkpt lat="35.425270" lon="139.603144">
				<speed>6.684708</speed>
				<ele>9.734797</ele>
				<time>2026-09-05T00:37:48Z</time>
			</trkpt>
			<trkpt lat="35.425216" lon="139.603114">
				<speed>6.495229</speed>
				<ele>9.954778</ele>
				<time>2026-09-05T00:37:49Z</time>
			</trkpt>
			<trkpt lat="35.425160" lon="139.603086">
				<speed>6.500840</speed>
				<ele>9.819929</ele>
				<time>2026-09-05T00:37:50Z</time>
			</trkpt>
			<trkpt lat="35.425105" lon="139.603060">
				<speed>6.359704</speed>
				<ele>9.816986</ele>
				<time>2026-09-05T00:37:51Z</time>
			</trkpt>
			<trkpt lat="35.425049" lon="139.603034">
				<speed>6.167489</speed>
				<ele>10.112021</ele>
				<time>2026-09-05T00:37:52Z</time>
			</trkpt>
			<trkpt lat="35.424995" lon="139.603011">
				<speed>6.070056</speed>
				<ele>9.551966</ele>
				<time>2026-09-05T00:37:53Z</time>
			</trkpt>
			<trkpt lat="35.424942" lon="139.602989">
				<speed>5.349609</speed>
				<ele>9.411380</ele>
				<time>2026-09-05T00:37:54Z</time>
			</trkpt>
			<trkpt lat="35.424852" lon="139.602954">
				<speed>3.236649</speed>
				<ele>9.703040</ele>
				<time>2026-09-05T00:37:56Z</time>
			</trkpt>
			<trkpt lat="35.424809" lon="139.602950">
				<speed>2.599850</speed>
				<ele>10.584933</ele>
				<time>2026-09-05T00:38:23Z</time>
			</trkpt>
			<trkpt lat="35.424736" lon="139.602913">
				<speed>4.406697</speed>
				<ele>10.138167</ele>
				<time>2026-09-05T00:38:26Z</time>
			</trkpt>
			<trkpt lat="35.424665" lon="139.602876">
				<speed>4.496271</speed>
				<ele>9.951451</ele>
				<time>2026-09-05T00:38:27Z</time>
			</trkpt>
			<trkpt lat="35.424590" lon="139.602838">
				<speed>5.579557</speed>
				<ele>10.019779</ele>
				<time>2026-09-05T00:38:33Z</time>
			</trkpt>
			<trkpt lat="35.424490" lon="139.602788">
				<speed>5.825064</speed>
				<ele>10.007806</ele>
				<time>2026-09-05T00:38:35Z</time>
			</trkpt>
			<trkpt lat="35.424422" lon="139.602754">
				<speed>5.945154</speed>
				<ele>10.067128</ele>
				<time>2026-09-05T00:38:36Z</time>
			</trkpt>
			<trkpt lat="35.424348" lon="139.602716">
				<speed>6.090506</speed>
				<ele>9.583148</ele>
				<time>2026-09-05T00:38:37Z</time>
			</trkpt>
			<trkpt lat="35.424273" lon="139.602677">
				<speed>6.191770</speed>
				<ele>10.055546</ele>
				<time>2026-09-05T00:38:38Z</time>
			</trkpt>
			<trkpt lat="35.424199" lon="139.602638">
				<speed>6.145226</speed>
				<ele>9.974059</ele>
				<time>2026-09-05T00:38:39Z</time>
			</trkpt>
			<trkpt lat="35.424127" lon="139.602600">
				<speed>6.290511</speed>
				<ele>10.452419</ele>
				<time>2026-09-05T00:38:40Z</time>
			</trkpt>
			<trkpt lat="35.424057" lon="139.602564">
				<speed>6.505702</speed>
				<ele>10.601752</ele>
				<time>2026-09-05T00:38:41Z</time>
			</trkpt>
			<trkpt lat="35.423988" lon="139.602528">
				<speed>6.696843</speed>
				<ele>10.770491</ele>
				<time>2026-09-05T00:38:42Z</time>
			</trkpt>
			<trkpt lat="35.423922" lon="139.602493">
				<speed>6.743213</speed>
				<ele>11.101346</ele>
				<time>2026-09-05T00:38:43Z</time>
			</trkpt>
			<trkpt lat="35.423857" lon="139.602459">
				<speed>6.959171</speed>
				<ele>11.148391</ele>
				<time>2026-09-05T00:38:44Z</time>
			</trkpt>
			<trkpt lat="35.423793" lon="139.602425">
				<speed>7.141254</speed>
				<ele>11.407804</ele>
				<time>2026-09-05T00:38:45Z</time>
			</trkpt>
			<trkpt lat="35.423730" lon="139.602393">
				<speed>6.954731</speed>
				<ele>11.411229</ele>
				<time>2026-09-05T00:38:46Z</time>
			</trkpt>
			<trkpt lat="35.423669" lon="139.602361">
				<speed>6.895015</speed>
				<ele>11.517507</ele>
				<time>2026-09-05T00:38:47Z</time>
			</trkpt>
			<trkpt lat="35.423610" lon="139.602329">
				<speed>6.982322</speed>
				<ele>11.366848</ele>
				<time>2026-09-05T00:38:48Z</time>
			</trkpt>
			<trkpt lat="35.423551" lon="139.602298">
				<speed>6.992907</speed>
				<ele>11.455716</ele>
				<time>2026-09-05T00:38:49Z</time>
			</trkpt>
			<trkpt lat="35.423491" lon="139.602268">
				<speed>7.174191</speed>
				<ele>11.540857</ele>
				<time>2026-09-05T00:38:50Z</time>
			</trkpt>
			<trkpt lat="35.423432" lon="139.602240">
				<speed>7.140197</speed>
				<ele>11.571549</ele>
				<time>2026-09-05T00:38:51Z</time>
			</trkpt>
			<trkpt lat="35.423373" lon="139.602212">
				<speed>7.036694</speed>
				<ele>11.244573</ele>
				<time>2026-09-05T00:38:52Z</time>
			</trkpt>
			<trkpt lat="35.423314" lon="139.602186">
				<speed>7.148609</speed>
				<ele>11.458943</ele>
				<time>2026-09-05T00:38:53Z</time>
			</trkpt>
			<trkpt lat="35.423255" lon="139.602162">
				<speed>7.059531</speed>
				<ele>11.404859</ele>
				<time>2026-09-05T00:38:54Z</time>
			</trkpt>
			<trkpt lat="35.423195" lon="139.602139">
				<speed>6.981964</speed>
				<ele>11.302444</ele>
				<time>2026-09-05T00:38:55Z</time>
			</trkpt>
			<trkpt lat="35.423135" lon="139.602116">
				<speed>6.985277</speed>
				<ele>11.251146</ele>
				<time>2026-09-05T00:38:56Z</time>
			</trkpt>
			<trkpt lat="35.423076" lon="139.602095">
				<speed>6.891817</speed>
				<ele>11.219117</ele>
				<time>2026-09-05T00:38:57Z</time>
			</trkpt>
			<trkpt lat="35.423017" lon="139.602074">
				<speed>6.912899</speed>
				<ele>11.220312</ele>
				<time>2026-09-05T00:38:58Z</time>
			</trkpt>
			<trkpt lat="35.422957" lon="139.602054">
				<speed>6.915198</speed>
				<ele>11.411338</ele>
				<time>2026-09-05T00:38:59Z</time>
			</trkpt>
			<trkpt lat="35.422897" lon="139.602034">
				<speed>6.708527</speed>
				<ele>11.074341</ele>
				<time>2026-09-05T00:39:00Z</time>
			</trkpt>
			<trkpt lat="35.422838" lon="139.602015">
				<speed>6.989037</speed>
				<ele>11.060469</ele>
				<time>2026-09-05T00:39:01Z</time>
			</trkpt>
			<trkpt lat="35.422778" lon="139.601997">
				<speed>7.038074</speed>
				<ele>11.236471</ele>
				<time>2026-09-05T00:39:02Z</time>
			</trkpt>
			<trkpt lat="35.422717" lon="139.601979">
				<speed>6.965332</speed>
				<ele>11.197916</ele>
				<time>2026-09-05T00:39:03Z</time>
			</trkpt>
			<trkpt lat="35.422657" lon="139.601962">
				<speed>6.939397</speed>
				<ele>10.945546</ele>
				<time>2026-09-05T00:39:04Z</time>
			</trkpt>
			<trkpt lat="35.422595" lon="139.601946">
				<speed>7.043347</speed>
				<ele>11.062257</ele>
				<time>2026-09-05T00:39:05Z</time>
			</trkpt>
			<trkpt lat="35.422534" lon="139.601930">
				<speed>7.039805</speed>
				<ele>10.877185</ele>
				<time>2026-09-05T00:39:06Z</time>
			</trkpt>
			<trkpt lat="35.422472" lon="139.601915">
				<speed>6.991159</speed>
				<ele>10.612344</ele>
				<time>2026-09-05T00:39:07Z</time>
			</trkpt>
			<trkpt lat="35.422412" lon="139.601900">
				<speed>6.617130</speed>
				<ele>10.760306</ele>
				<time>2026-09-05T00:39:08Z</time>
			</trkpt>
			<trkpt lat="35.422352" lon="139.601885">
				<speed>6.360496</speed>
				<ele>10.823827</ele>
				<time>2026-09-05T00:39:09Z</time>
			</trkpt>
			<trkpt lat="35.422294" lon="139.601870">
				<speed>6.158630</speed>
				<ele>10.770004</ele>
				<time>2026-09-05T00:39:10Z</time>
			</trkpt>
			<trkpt lat="35.422239" lon="139.601855">
				<speed>5.837740</speed>
				<ele>10.663933</ele>
				<time>2026-09-05T00:39:11Z</time>
			</trkpt>
			<trkpt lat="35.422140" lon="139.601827">
				<speed>4.314237</speed>
				<ele>10.773843</ele>
				<time>2026-09-05T00:39:13Z</time>
			</trkpt>
			<trkpt lat="35.422063" lon="139.601802">
				<speed>3.009236</speed>
				<ele>10.580092</ele>
				<time>2026-09-05T00:39:15Z</time>
			</trkpt>
			<trkpt lat="35.422010" lon="139.601749">
				<speed>4.343444</speed>
				<ele>9.171436</ele>
				<time>2026-09-05T00:39:45Z</time>
			</trkpt>
			<trkpt lat="35.421941" lon="139.601707">
				<speed>3.728573</speed>
				<ele>8.946566</ele>
				<time>2026-09-05T00:39:47Z</time>
			</trkpt>
			<trkpt lat="35.421868" lon="139.601667">
				<speed>3.395605</speed>
				<ele>8.931510</ele>
				<time>2026-09-05T00:39:49Z</time>
			</trkpt>
			<trkpt lat="35.421797" lon="139.601632">
				<speed>2.673543</speed>
				<ele>9.125107</ele>
				<time>2026-09-05T00:39:51Z</time>
			</trkpt>
			<trkpt lat="35.421736" lon="139.601611">
				<speed>1.962869</speed>
				<ele>8.989760</ele>
				<time>2026-09-05T00:39:53Z</time>
			</trkpt>
			<trkpt lat="35.421670" lon="139.601602">
				<speed>0.628068</speed>
				<ele>9.044532</ele>
				<time>2026-09-05T00:40:02Z</time>
			</trkpt>
			<trkpt lat="35.421617" lon="139.601563">
				<speed>3.909447</speed>
				<ele>8.814518</ele>
				<time>2026-09-05T00:40:07Z</time>
			</trkpt>
			<trkpt lat="35.421563" lon="139.601519">
				<speed>4.147011</speed>
				<ele>8.858983</ele>
				<time>2026-09-05T00:40:09Z</time>
			</trkpt>
			<trkpt lat="35.421501" lon="139.601470">
				<speed>4.762603</speed>
				<ele>8.019815</ele>
				<time>2026-09-05T00:40:11Z</time>
			</trkpt>
			<trkpt lat="35.421425" lon="139.601415">
				<speed>5.303262</speed>
				<ele>8.511906</ele>
				<time>2026-09-05T00:40:13Z</time>
			</trkpt>
			<trkpt lat="35.421337" lon="139.601357">
				<speed>5.637388</speed>
				<ele>8.501424</ele>
				<time>2026-09-05T00:40:15Z</time>
			</trkpt>
			<trkpt lat="35.421240" lon="139.601296">
				<speed>5.721448</speed>
				<ele>8.728372</ele>
				<time>2026-09-05T00:40:17Z</time>
			</trkpt>
			<trkpt lat="35.421189" lon="139.601266">
				<speed>5.704253</speed>
				<ele>8.626035</ele>
				<time>2026-09-05T00:40:18Z</time>
			</trkpt>
			<trkpt lat="35.421138" lon="139.601235">
				<speed>5.999319</speed>
				<ele>8.761084</ele>
				<time>2026-09-05T00:40:19Z</time>
			</trkpt>
			<trkpt lat="35.421085" lon="139.601203">
				<speed>6.083141</speed>
				<ele>9.151696</ele>
				<time>2026-09-05T00:40:20Z</time>
			</trkpt>
			<trkpt lat="35.421033" lon="139.601171">
				<speed>5.985200</speed>
				<ele>9.106389</ele>
				<time>2026-09-05T00:40:21Z</time>
			</trkpt>
			<trkpt lat="35.420980" lon="139.601140">
				<speed>6.158302</speed>
				<ele>9.375149</ele>
				<time>2026-09-05T00:40:22Z</time>
			</trkpt>
			<trkpt lat="35.420926" lon="139.601108">
				<speed>6.143940</speed>
				<ele>9.476773</ele>
				<time>2026-09-05T00:40:23Z</time>
			</trkpt>
			<trkpt lat="35.420873" lon="139.601076">
				<speed>6.186184</speed>
				<ele>9.354517</ele>
				<time>2026-09-05T00:40:24Z</time>
			</trkpt>
			<trkpt lat="35.420819" lon="139.601044">
				<speed>6.397436</speed>
				<ele>9.504389</ele>
				<time>2026-09-05T00:40:25Z</time>
			</trkpt>
			<trkpt lat="35.420764" lon="139.601011">
				<speed>6.402501</speed>
				<ele>9.316576</ele>
				<time>2026-09-05T00:40:26Z</time>
			</trkpt>
			<trkpt lat="35.420710" lon="139.600979">
				<speed>6.337010</speed>
				<ele>9.322007</ele>
				<time>2026-09-05T00:40:27Z</time>
			</trkpt>
			<trkpt lat="35.420656" lon="139.600948">
				<speed>6.443953</speed>
				<ele>9.594617</ele>
				<time>2026-09-05T00:40:28Z</time>
			</trkpt>
			<trkpt lat="35.420602" lon="139.600916">
				<speed>6.453375</speed>
				<ele>9.735843</ele>
				<time>2026-09-05T00:40:29Z</time>
			</trkpt>
			<trkpt lat="35.420549" lon="139.600883">
				<speed>6.409805</speed>
				<ele>9.761896</ele>
				<time>2026-09-05T00:40:30Z</time>
			</trkpt>
			<trkpt lat="35.420495" lon="139.600851">
				<speed>6.652439</speed>
				<ele>10.133654</ele>
				<time>2026-09-05T00:40:31Z</time>
			</trkpt>
			<trkpt lat="35.420441" lon="139.600818">
				<speed>6.632779</speed>
				<ele>10.135520</ele>
				<time>2026-09-05T00:40:32Z</time>
			</trkpt>
			<trkpt lat="35.420387" lon="139.600784">
				<speed>6.742481</speed>
				<ele>10.159144</ele>
				<time>2026-09-05T00:40:33Z</time>
			</trkpt>
			<trkpt lat="35.420332" lon="139.600751">
				<speed>6.760306</speed>
				<ele>10.386901</ele>
				<time>2026-09-05T00:40:34Z</time>
			</trkpt>
			<trkpt lat="35.420277" lon="139.600717">
				<speed>6.702665</speed>
				<ele>10.455516</ele>
				<time>2026-09-05T00:40:35Z</time>
			</trkpt>
			<trkpt lat="35.420223" lon="139.600683">
				<speed>6.673664</speed>
				<ele>10.706549</ele>
				<time>2026-09-05T00:40:36Z</time>
			</trkpt>
			<trkpt lat="35.420168" lon="139.600650">
				<speed>6.573326</speed>
				<ele>10.722375</ele>
				<time>2026-09-05T00:40:37Z</time>
			</trkpt>
			<trkpt lat="35.420113" lon="139.600616">
				<speed>6.576488</speed>
				<ele>10.468586</ele>
				<time>2026-09-05T00:40:38Z</time>
			</trkpt>
			<trkpt lat="35.420059" lon="139.600583">
				<speed>6.544980</speed>
				<ele>10.531104</ele>
				<time>2026-09-05T00:40:39Z</time>
			</trkpt>
			<trkpt lat="35.420005" lon="139.600550">
				<speed>6.549118</speed>
				<ele>10.840994</ele>
				<time>2026-09-05T00:40:40Z</time>
			</trkpt>
			<trkpt lat="35.419951" lon="139.600517">
				<speed>6.536243</speed>
				<ele>10.917914</ele>
				<time>2026-09-05T00:40:41Z</time>
			</trkpt>
			<trkpt lat="35.419898" lon="139.600484">
				<speed>6.538712</speed>
				<ele>11.138108</ele>
				<time>2026-09-05T00:40:42Z</time>
			</trkpt>
			<trkpt lat="35.419844" lon="139.600451">
				<speed>6.513839</speed>
				<ele>11.132627</ele>
				<time>2026-09-05T00:40:43Z</time>
			</trkpt>
			<trkpt lat="35.419791" lon="139.600419">
				<speed>6.489577</speed>
				<ele>11.051370</ele>
				<time>2026-09-05T00:40:44Z</time>
			</trkpt>
			<trkpt lat="35.419738" lon="139.600387">
				<speed>6.460776</speed>
				<ele>11.088925</ele>
				<time>2026-09-05T00:40:45Z</time>
			</trkpt>
			<trkpt lat="35.419685" lon="139.600355">
				<speed>6.521257</speed>
				<ele>11.376373</ele>
				<time>2026-09-05T00:40:46Z</time>
			</trkpt>
			<trkpt lat="35.419633" lon="139.600323">
				<speed>6.286062</speed>
				<ele>11.368386</ele>
				<time>2026-09-05T00:40:47Z</time>
			</trkpt>
			<trkpt lat="35.419582" lon="139.600290">
				<speed>6.295153</speed>
				<ele>11.367091</ele>
				<time>2026-09-05T00:40:48Z</time>
			</trkpt>
			<trkpt lat="35.419532" lon="139.600257">
				<speed>6.182681</speed>
				<ele>11.338462</ele>
				<time>2026-09-05T00:40:49Z</time>
			</trkpt>
			<trkpt lat="35.419482" lon="139.600224">
				<speed>6.373214</speed>
				<ele>11.115228</ele>
				<time>2026-09-05T00:40:50Z</time>
			</trkpt>
			<trkpt lat="35.419431" lon="139.600192">
				<speed>6.609247</speed>
				<ele>11.059015</ele>
				<time>2026-09-05T00:40:51Z</time>
			</trkpt>
			<trkpt lat="35.419379" lon="139.600161">
				<speed>6.794410</speed>
				<ele>10.925902</ele>
				<time>2026-09-05T00:40:52Z</time>
			</trkpt>
			<trkpt lat="35.419325" lon="139.600131">
				<speed>6.899351</speed>
				<ele>10.716925</ele>
				<time>2026-09-05T00:40:53Z</time>
			</trkpt>
			<trkpt lat="35.419269" lon="139.600101">
				<speed>7.263421</speed>
				<ele>10.634960</ele>
				<time>2026-09-05T00:40:54Z</time>
			</trkpt>
			<trkpt lat="35.419212" lon="139.600069">
				<speed>7.375947</speed>
				<ele>10.613784</ele>
				<time>2026-09-05T00:40:55Z</time>
			</trkpt>
			<trkpt lat="35.419154" lon="139.600036">
				<speed>7.357855</speed>
				<ele>10.490165</ele>
				<time>2026-09-05T00:40:56Z</time>
			</trkpt>
			<trkpt lat="35.419095" lon="139.600003">
				<speed>7.289510</speed>
				<ele>10.410632</ele>
				<time>2026-09-05T00:40:57Z</time>
			</trkpt>
			<trkpt lat="35.419036" lon="139.599968">
				<speed>7.204823</speed>
				<ele>10.177891</ele>
				<time>2026-09-05T00:40:58Z</time>
			</trkpt>
			<trkpt lat="35.418976" lon="139.599933">
				<speed>7.439599</speed>
				<ele>10.363934</ele>
				<time>2026-09-05T00:40:59Z</time>
			</trkpt>
			<trkpt lat="35.418916" lon="139.599897">
				<speed>7.460108</speed>
				<ele>10.375896</ele>
				<time>2026-09-05T00:41:00Z</time>
			</trkpt>
			<trkpt lat="35.418855" lon="139.599861">
				<speed>7.371750</speed>
				<ele>10.387056</ele>
				<time>2026-09-05T00:41:01Z</time>
			</trkpt>
			<trkpt lat="35.418793" lon="139.599824">
				<speed>7.679349</speed>
				<ele>10.603838</ele>
				<time>2026-09-05T00:41:02Z</time>
			</trkpt>
			<trkpt lat="35.418731" lon="139.599788">
				<speed>7.614620</speed>
				<ele>10.181357</ele>
				<time>2026-09-05T00:41:03Z</time>
			</trkpt>
			<trkpt lat="35.418669" lon="139.599751">
				<speed>7.697876</speed>
				<ele>10.452801</ele>
				<time>2026-09-05T00:41:04Z</time>
			</trkpt>
			<trkpt lat="35.418606" lon="139.599715">
				<speed>7.544608</speed>
				<ele>10.528679</ele>
				<time>2026-09-05T00:41:05Z</time>
			</trkpt>
			<trkpt lat="35.418543" lon="139.599679">
				<speed>7.734951</speed>
				<ele>10.774594</ele>
				<time>2026-09-05T00:41:06Z</time>
			</trkpt>
			<trkpt lat="35.418479" lon="139.599642">
				<speed>7.787089</speed>
				<ele>10.851357</ele>
				<time>2026-09-05T00:41:07Z</time>
			</trkpt>
			<trkpt lat="35.418415" lon="139.599604">
				<speed>7.772437</speed>
				<ele>11.140273</ele>
				<time>2026-09-05T00:41:08Z</time>
			</trkpt>
			<trkpt lat="35.418352" lon="139.599567">
				<speed>7.715950</speed>
				<ele>11.545058</ele>
				<time>2026-09-05T00:41:09Z</time>
			</trkpt>
			<trkpt lat="35.418288" lon="139.599529">
				<speed>7.795945</speed>
				<ele>11.630338</ele>
				<time>2026-09-05T00:41:10Z</time>
			</trkpt>
			<trkpt lat="35.418225" lon="139.599491">
				<speed>7.677525</speed>
				<ele>11.400403</ele>
				<time>2026-09-05T00:41:11Z</time>
			</trkpt>
			<trkpt lat="35.418162" lon="139.599454">
				<speed>7.561651</speed>
				<ele>11.536605</ele>
				<time>2026-09-05T00:41:12Z</time>
			</trkpt>
			<trkpt lat="35.418099" lon="139.599417">
				<speed>7.595388</speed>
				<ele>11.668104</ele>
				<time>2026-09-05T00:41:13Z</time>
			</trkpt>
			<trkpt lat="35.418037" lon="139.599380">
				<speed>7.378654</speed>
				<ele>11.722529</ele>
				<time>2026-09-05T00:41:14Z</time>
			</trkpt>
			<trkpt lat="35.417976" lon="139.599344">
				<speed>7.476955</speed>
				<ele>11.812310</ele>
				<time>2026-09-05T00:41:15Z</time>
			</trkpt>
			<trkpt lat="35.417914" lon="139.599307">
				<speed>7.538136</speed>
				<ele>11.874259</ele>
				<time>2026-09-05T00:41:16Z</time>
			</trkpt>
			<trkpt lat="35.417853" lon="139.599271">
				<speed>7.407544</speed>
				<ele>11.773157</ele>
				<time>2026-09-05T00:41:17Z</time>
			</trkpt>
			<trkpt lat="35.417793" lon="139.599234">
				<speed>7.453953</speed>
				<ele>11.940699</ele>
				<time>2026-09-05T00:41:18Z</time>
			</trkpt>
			<trkpt lat="35.417733" lon="139.599199">
				<speed>7.221378</speed>
				<ele>11.894772</ele>
				<time>2026-09-05T00:41:19Z</time>
			</trkpt>
			<trkpt lat="35.417674" lon="139.599163">
				<speed>6.980776</speed>
				<ele>11.544412</ele>
				<time>2026-09-05T00:41:20Z</time>
			</trkpt>
			<trkpt lat="35.417616" lon="139.599128">
				<speed>7.074739</speed>
				<ele>11.828137</ele>
				<time>2026-09-05T00:41:21Z</time>
			</trkpt>
			<trkpt lat="35.417559" lon="139.599094">
				<speed>7.003567</speed>
				<ele>11.435717</ele>
				<time>2026-09-05T00:41:22Z</time>
			</trkpt>
			<trkpt lat="35.417502" lon="139.599059">
				<speed>7.075165</speed>
				<ele>11.673588</ele>
				<time>2026-09-05T00:41:23Z</time>
			</trkpt>
			<trkpt lat="35.417445" lon="139.599025">
				<speed>7.013990</speed>
				<ele>11.642395</ele>
				<time>2026-09-05T00:41:24Z</time>
			</trkpt>
			<trkpt lat="35.417388" lon="139.598991">
				<speed>7.075879</speed>
				<ele>11.842677</ele>
				<time>2026-09-05T00:41:25Z</time>
			</trkpt>
			<trkpt lat="35.417332" lon="139.598958">
				<speed>6.970005</speed>
				<ele>11.453037</ele>
				<time>2026-09-05T00:41:26Z</time>
			</trkpt>
			<trkpt lat="35.417276" lon="139.598925">
				<speed>6.901950</speed>
				<ele>11.018720</ele>
				<time>2026-09-05T00:41:27Z</time>
			</trkpt>
			<trkpt lat="35.417220" lon="139.598892">
				<speed>6.933780</speed>
				<ele>11.553859</ele>
				<time>2026-09-05T00:41:28Z</time>
			</trkpt>
			<trkpt lat="35.417165" lon="139.598860">
				<speed>6.834466</speed>
				<ele>11.350831</ele>
				<time>2026-09-05T00:41:29Z</time>
			</trkpt>
			<trkpt lat="35.417109" lon="139.598829">
				<speed>6.888493</speed>
				<ele>11.712194</ele>
				<time>2026-09-05T00:41:30Z</time>
			</trkpt>
			<trkpt lat="35.417052" lon="139.598799">
				<speed>7.045666</speed>
				<ele>11.578212</ele>
				<time>2026-09-05T00:41:31Z</time>
			</trkpt>
			<trkpt lat="35.416995" lon="139.598769">
				<speed>7.041030</speed>
				<ele>11.734234</ele>
				<time>2026-09-05T00:41:32Z</time>
			</trkpt>
			<trkpt lat="35.416939" lon="139.598740">
				<speed>6.491399</speed>
				<ele>12.269926</ele>
				<time>2026-09-05T00:41:33Z</time>
			</trkpt>
			<trkpt lat="35.416882" lon="139.598712">
				<speed>7.077504</speed>
				<ele>11.949971</ele>
				<time>2026-09-05T00:41:34Z</time>
			</trkpt>
			<trkpt lat="35.416824" lon="139.598683">
				<speed>7.265745</speed>
				<ele>12.090093</ele>
				<time>2026-09-05T00:41:35Z</time>
			</trkpt>
			<trkpt lat="35.416765" lon="139.598655">
				<speed>7.163013</speed>
				<ele>11.878496</ele>
				<time>2026-09-05T00:41:36Z</time>
			</trkpt>
			<trkpt lat="35.416706" lon="139.598627">
				<speed>7.118311</speed>
				<ele>11.821860</ele>
				<time>2026-09-05T00:41:37Z</time>
			</trkpt>
			<trkpt lat="35.416646" lon="139.598599">
				<speed>7.235623</speed>
				<ele>12.165901</ele>
				<time>2026-09-05T00:41:38Z</time>
			</trkpt>
			<trkpt lat="35.416586" lon="139.598571">
				<speed>7.336689</speed>
				<ele>12.152156</ele>
				<time>2026-09-05T00:41:39Z</time>
			</trkpt>
			<trkpt lat="35.416525" lon="139.598543">
				<speed>7.327875</speed>
				<ele>12.317542</ele>
				<time>2026-09-05T00:41:40Z</time>
			</trkpt>
			<trkpt lat="35.416463" lon="139.598515">
				<speed>7.249870</speed>
				<ele>11.847604</ele>
				<time>2026-09-05T00:41:41Z</time>
			</trkpt>
			<trkpt lat="35.416402" lon="139.598486">
				<speed>7.194396</speed>
				<ele>12.492166</ele>
				<time>2026-09-05T00:41:42Z</time>
			</trkpt>
			<trkpt lat="35.416341" lon="139.598455">
				<speed>7.171682</speed>
				<ele>12.321143</ele>
				<time>2026-09-05T00:41:43Z</time>
			</trkpt>
			<trkpt lat="35.416280" lon="139.598424">
				<speed>7.379035</speed>
				<ele>12.082667</ele>
				<time>2026-09-05T00:41:44Z</time>
			</trkpt>
			<trkpt lat="35.416218" lon="139.598393">
				<speed>7.332965</speed>
				<ele>11.539971</ele>
				<time>2026-09-05T00:41:45Z</time>
			</trkpt>
			<trkpt lat="35.416156" lon="139.598363">
				<speed>7.414045</speed>
				<ele>10.768054</ele>
				<time>2026-09-05T00:41:46Z</time>
			</trkpt>
			<trkpt lat="35.416092" lon="139.598334">
				<speed>7.671985</speed>
				<ele>11.050924</ele>
				<time>2026-09-05T00:41:47Z</time>
			</trkpt>
			<trkpt lat="35.416028" lon="139.598306">
				<speed>7.721338</speed>
				<ele>11.150161</ele>
				<time>2026-09-05T00:41:48Z</time>
			</trkpt>
			<trkpt lat="35.415961" lon="139.598277">
				<speed>7.959883</speed>
				<ele>11.103556</ele>
				<time>2026-09-05T00:41:49Z</time>
			</trkpt>
			<trkpt lat="35.415894" lon="139.598248">
				<speed>8.026856</speed>
				<ele>11.421166</ele>
				<time>2026-09-05T00:41:50Z</time>
			</trkpt>
			<trkpt lat="35.415826" lon="139.598219">
				<speed>7.718973</speed>
				<ele>11.370732</ele>
				<time>2026-09-05T00:41:51Z</time>
			</trkpt>
			<trkpt lat="35.415759" lon="139.598190">
				<speed>7.621198</speed>
				<ele>11.215611</ele>
				<time>2026-09-05T00:41:52Z</time>
			</trkpt>
			<trkpt lat="35.415692" lon="139.598160">
				<speed>7.633242</speed>
				<ele>10.713482</ele>
				<time>2026-09-05T00:41:53Z</time>
			</trkpt>
			<trkpt lat="35.415625" lon="139.598129">
				<speed>7.674440</speed>
				<ele>11.018844</ele>
				<time>2026-09-05T00:41:54Z</time>
			</trkpt>
			<trkpt lat="35.415558" lon="139.598099">
				<speed>7.691002</speed>
				<ele>10.922954</ele>
				<time>2026-09-05T00:41:55Z</time>
			</trkpt>
			<trkpt lat="35.415493" lon="139.598069">
				<speed>7.631930</speed>
				<ele>10.879036</ele>
				<time>2026-09-05T00:41:56Z</time>
			</trkpt>
			<trkpt lat="35.415428" lon="139.598039">
				<speed>7.549606</speed>
				<ele>10.993486</ele>
				<time>2026-09-05T00:41:57Z</time>
			</trkpt>
			<trkpt lat="35.415363" lon="139.598010">
				<speed>7.534647</speed>
				<ele>10.680360</ele>
				<time>2026-09-05T00:41:58Z</time>
			</trkpt>
			<trkpt lat="35.415298" lon="139.597980">
				<speed>7.697314</speed>
				<ele>11.033088</ele>
				<time>2026-09-05T00:41:59Z</time>
			</trkpt>
			<trkpt lat="35.415233" lon="139.597950">
				<speed>7.444345</speed>
				<ele>10.504261</ele>
				<time>2026-09-05T00:42:00Z</time>
			</trkpt>
			<trkpt lat="35.415168" lon="139.597920">
				<speed>7.732616</speed>
				<ele>10.570220</ele>
				<time>2026-09-05T00:42:01Z</time>
			</trkpt>
			<trkpt lat="35.415104" lon="139.597890">
				<speed>7.515908</speed>
				<ele>10.425863</ele>
				<time>2026-09-05T00:42:02Z</time>
			</trkpt>
			<trkpt lat="35.415039" lon="139.597859">
				<speed>7.731666</speed>
				<ele>11.100449</ele>
				<time>2026-09-05T00:42:03Z</time>
			</trkpt>
			<trkpt lat="35.414975" lon="139.597829">
				<speed>7.496835</speed>
				<ele>11.024982</ele>
				<time>2026-09-05T00:42:04Z</time>
			</trkpt>
			<trkpt lat="35.414911" lon="139.597800">
				<speed>7.367735</speed>
				<ele>11.281447</ele>
				<time>2026-09-05T00:42:05Z</time>
			</trkpt>
			<trkpt lat="35.414848" lon="139.597770">
				<speed>7.307450</speed>
				<ele>11.459805</ele>
				<time>2026-09-05T00:42:06Z</time>
			</trkpt>
			<trkpt lat="35.414786" lon="139.597742">
				<speed>6.898725</speed>
				<ele>11.216014</ele>
				<time>2026-09-05T00:42:07Z</time>
			</trkpt>
			<trkpt lat="35.414727" lon="139.597714">
				<speed>6.577365</speed>
				<ele>11.403269</ele>
				<time>2026-09-05T00:42:08Z</time>
			</trkpt>
			<trkpt lat="35.414669" lon="139.597687">
				<speed>6.599847</speed>
				<ele>11.095188</ele>
				<time>2026-09-05T00:42:09Z</time>
			</trkpt>
			<trkpt lat="35.414613" lon="139.597660">
				<speed>6.704950</speed>
				<ele>10.992385</ele>
				<time>2026-09-05T00:42:10Z</time>
			</trkpt>
			<trkpt lat="35.414556" lon="139.597633">
				<speed>6.814582</speed>
				<ele>11.331000</ele>
				<time>2026-09-05T00:42:11Z</time>
			</trkpt>
			<trkpt lat="35.414501" lon="139.597607">
				<speed>6.771945</speed>
				<ele>11.258555</ele>
				<time>2026-09-05T00:42:12Z</time>
			</trkpt>
			<trkpt lat="35.414446" lon="139.597582">
				<speed>6.576489</speed>
				<ele>10.987931</ele>
				<time>2026-09-05T00:42:13Z</time>
			</trkpt>
			<trkpt lat="35.414391" lon="139.597558">
				<speed>6.457511</speed>
				<ele>10.889023</ele>
				<time>2026-09-05T00:42:14Z</time>
			</trkpt>
			<trkpt lat="35.414336" lon="139.597534">
				<speed>6.562546</speed>
				<ele>11.118574</ele>
				<time>2026-09-05T00:42:15Z</time>
			</trkpt>
			<trkpt lat="35.414281" lon="139.597510">
				<speed>6.576872</speed>
				<ele>11.186233</ele>
				<time>2026-09-05T00:42:16Z</time>
			</trkpt>
			<trkpt lat="35.414226" lon="139.597484">
				<speed>6.570293</speed>
				<ele>11.050040</ele>
				<time>2026-09-05T00:42:17Z</time>
			</trkpt>
			<trkpt lat="35.414171" lon="139.597458">
				<speed>6.908395</speed>
				<ele>11.999390</ele>
				<time>2026-09-05T00:42:18Z</time>
			</trkpt>
			<trkpt lat="35.414114" lon="139.597431">
				<speed>6.981299</speed>
				<ele>12.539782</ele>
				<time>2026-09-05T00:42:19Z</time>
			</trkpt>
			<trkpt lat="35.414059" lon="139.597403">
				<speed>6.600698</speed>
				<ele>12.335012</ele>
				<time>2026-09-05T00:42:20Z</time>
			</trkpt>
			<trkpt lat="35.414003" lon="139.597376">
				<speed>6.540485</speed>
				<ele>12.230162</ele>
				<time>2026-09-05T00:42:21Z</time>
			</trkpt>
			<trkpt lat="35.413948" lon="139.597349">
				<speed>6.590147</speed>
				<ele>12.073241</ele>
				<time>2026-09-05T00:42:22Z</time>
			</trkpt>
			<trkpt lat="35.413892" lon="139.597325">
				<speed>6.616296</speed>
				<ele>11.788745</ele>
				<time>2026-09-05T00:42:23Z</time>
			</trkpt>
			<trkpt lat="35.413834" lon="139.597304">
				<speed>6.763296</speed>
				<ele>11.796681</ele>
				<time>2026-09-05T00:42:24Z</time>
			</trkpt>
			<trkpt lat="35.413776" lon="139.597286">
				<speed>6.989703</speed>
				<ele>12.008241</ele>
				<time>2026-09-05T00:42:25Z</time>
			</trkpt>
			<trkpt lat="35.413717" lon="139.597269">
				<speed>6.907241</speed>
				<ele>12.435947</ele>
				<time>2026-09-05T00:42:26Z</time>
			</trkpt>
			<trkpt lat="35.413657" lon="139.597253">
				<speed>6.824192</speed>
				<ele>12.788431</ele>
				<time>2026-09-05T00:42:27Z</time>
			</trkpt>
			<trkpt lat="35.413597" lon="139.597239">
				<speed>6.938310</speed>
				<ele>12.744551</ele>
				<time>2026-09-05T00:42:28Z</time>
			</trkpt>
			<trkpt lat="35.413536" lon="139.597227">
				<speed>6.761574</speed>
				<ele>12.670172</ele>
				<time>2026-09-05T00:42:29Z</time>
			</trkpt>
			<trkpt lat="35.413475" lon="139.597216">
				<speed>6.651023</speed>
				<ele>12.456219</ele>
				<time>2026-09-05T00:42:30Z</time>
			</trkpt>
			<trkpt lat="35.413414" lon="139.597206">
				<speed>6.785614</speed>
				<ele>12.082805</ele>
				<time>2026-09-05T00:42:31Z</time>
			</trkpt>
			<trkpt lat="35.413353" lon="139.597199">
				<speed>6.643960</speed>
				<ele>12.152360</ele>
				<time>2026-09-05T00:42:32Z</time>
			</trkpt>
			<trkpt lat="35.413292" lon="139.597193">
				<speed>6.456297</speed>
				<ele>12.062198</ele>
				<time>2026-09-05T00:42:33Z</time>
			</trkpt>
			<trkpt lat="35.413233" lon="139.597190">
				<speed>6.354254</speed>
				<ele>12.061503</ele>
				<time>2026-09-05T00:42:34Z</time>
			</trkpt>
			<trkpt lat="35.413175" lon="139.597190">
				<speed>5.808186</speed>
				<ele>12.111569</ele>
				<time>2026-09-05T00:42:35Z</time>
			</trkpt>
			<trkpt lat="35.413074" lon="139.597197">
				<speed>3.823497</speed>
				<ele>11.915204</ele>
				<time>2026-09-05T00:42:37Z</time>
			</trkpt>
			<trkpt lat="35.413035" lon="139.597200">
				<speed>2.089693</speed>
				<ele>11.696232</ele>
				<time>2026-09-05T00:42:38Z</time>
			</trkpt>
			<trkpt lat="35.412979" lon="139.597242">
				<speed>3.363477</speed>
				<ele>10.993014</ele>
				<time>2026-09-05T00:43:34Z</time>
			</trkpt>
			<trkpt lat="35.412925" lon="139.597241">
				<speed>3.366205</speed>
				<ele>11.125238</ele>
				<time>2026-09-05T00:43:36Z</time>
			</trkpt>
			<trkpt lat="35.412859" lon="139.597238">
				<speed>4.229663</speed>
				<ele>11.156218</ele>
				<time>2026-09-05T00:43:38Z</time>
			</trkpt>
			<trkpt lat="35.412777" lon="139.597235">
				<speed>5.104153</speed>
				<ele>11.419563</ele>
				<time>2026-09-05T00:43:40Z</time>
			</trkpt>
			<trkpt lat="35.412679" lon="139.597229">
				<speed>5.968246</speed>
				<ele>10.726701</ele>
				<time>2026-09-05T00:43:42Z</time>
			</trkpt>
			<trkpt lat="35.412625" lon="139.597224">
				<speed>6.265987</speed>
				<ele>10.938972</ele>
				<time>2026-09-05T00:43:43Z</time>
			</trkpt>
			<trkpt lat="35.412567" lon="139.597218">
				<speed>6.593984</speed>
				<ele>11.201435</ele>
				<time>2026-09-05T00:43:44Z</time>
			</trkpt>
			<trkpt lat="35.412507" lon="139.597210">
				<speed>6.684993</speed>
				<ele>11.162336</ele>
				<time>2026-09-05T00:43:45Z</time>
			</trkpt>
			<trkpt lat="35.412444" lon="139.597196">
				<speed>7.151551</speed>
				<ele>10.948498</ele>
				<time>2026-09-05T00:43:46Z</time>
			</trkpt>
			<trkpt lat="35.412379" lon="139.597177">
				<speed>7.523759</speed>
				<ele>11.030876</ele>
				<time>2026-09-05T00:43:47Z</time>
			</trkpt>
			<trkpt lat="35.412312" lon="139.597152">
				<speed>8.096897</speed>
				<ele>11.431666</ele>
				<time>2026-09-05T00:43:48Z</time>
			</trkpt>
			<trkpt lat="35.412244" lon="139.597120">
				<speed>8.049915</speed>
				<ele>11.069179</ele>
				<time>2026-09-05T00:43:49Z</time>
			</trkpt>
			<trkpt lat="35.412174" lon="139.597084">
				<speed>8.248573</speed>
				<ele>11.334843</ele>
				<time>2026-09-05T00:43:50Z</time>
			</trkpt>
			<trkpt lat="35.412104" lon="139.597043">
				<speed>8.433509</speed>
				<ele>11.483789</ele>
				<time>2026-09-05T00:43:51Z</time>
			</trkpt>
			<trkpt lat="35.412033" lon="139.596998">
				<speed>8.549680</speed>
				<ele>11.742492</ele>
				<time>2026-09-05T00:43:52Z</time>
			</trkpt>
			<trkpt lat="35.411962" lon="139.596952">
				<speed>8.416376</speed>
				<ele>11.696423</ele>
				<time>2026-09-05T00:43:53Z</time>
			</trkpt>
			<trkpt lat="35.411890" lon="139.596904">
				<speed>8.581897</speed>
				<ele>11.876611</ele>
				<time>2026-09-05T00:43:54Z</time>
			</trkpt>
			<trkpt lat="35.411818" lon="139.596855">
				<speed>8.478786</speed>
				<ele>11.993297</ele>
				<time>2026-09-05T00:43:55Z</time>
			</trkpt>
			<trkpt lat="35.411746" lon="139.596805">
				<speed>8.601679</speed>
				<ele>12.102914</ele>
				<time>2026-09-05T00:43:56Z</time>
			</trkpt>
			<trkpt lat="35.411674" lon="139.596755">
				<speed>8.612570</speed>
				<ele>12.234271</ele>
				<time>2026-09-05T00:43:57Z</time>
			</trkpt>
			<trkpt lat="35.411603" lon="139.596707">
				<speed>8.279936</speed>
				<ele>12.073207</ele>
				<time>2026-09-05T00:43:58Z</time>
			</trkpt>
			<trkpt lat="35.411532" lon="139.596662">
				<speed>8.138836</speed>
				<ele>12.298915</ele>
				<time>2026-09-05T00:43:59Z</time>
			</trkpt>
			<trkpt lat="35.411462" lon="139.596620">
				<speed>8.019399</speed>
				<ele>12.441821</ele>
				<time>2026-09-05T00:44:00Z</time>
			</trkpt>
			<trkpt lat="35.411396" lon="139.596581">
				<speed>7.056253</speed>
				<ele>13.326888</ele>
				<time>2026-09-05T00:44:01Z</time>
			</trkpt>
			<trkpt lat="35.411331" lon="139.596540">
				<speed>7.766400</speed>
				<ele>13.288052</ele>
				<time>2026-09-05T00:44:02Z</time>
			</trkpt>
			<trkpt lat="35.411267" lon="139.596498">
				<speed>8.001761</speed>
				<ele>12.461462</ele>
				<time>2026-09-05T00:44:03Z</time>
			</trkpt>
			<trkpt lat="35.411203" lon="139.596455">
				<speed>7.712393</speed>
				<ele>11.893756</ele>
				<time>2026-09-05T00:44:04Z</time>
			</trkpt>
			<trkpt lat="35.411140" lon="139.596414">
				<speed>7.783478</speed>
				<ele>12.676800</ele>
				<time>2026-09-05T00:44:05Z</time>
			</trkpt>
			<trkpt lat="35.411078" lon="139.596373">
				<speed>7.565107</speed>
				<ele>12.887797</ele>
				<time>2026-09-05T00:44:06Z</time>
			</trkpt>
			<trkpt lat="35.411018" lon="139.596335">
				<speed>7.083722</speed>
				<ele>12.778835</ele>
				<time>2026-09-05T00:44:07Z</time>
			</trkpt>
			<trkpt lat="35.410959" lon="139.596297">
				<speed>6.836752</speed>
				<ele>12.605828</ele>
				<time>2026-09-05T00:44:08Z</time>
			</trkpt>
			<trkpt lat="35.410904" lon="139.596261">
				<speed>6.533843</speed>
				<ele>12.703654</ele>
				<time>2026-09-05T00:44:09Z</time>
			</trkpt>
			<trkpt lat="35.410850" lon="139.596227">
				<speed>6.437027</speed>
				<ele>13.209600</ele>
				<time>2026-09-05T00:44:10Z</time>
			</trkpt>
			<trkpt lat="35.410798" lon="139.596195">
				<speed>5.919125</speed>
				<ele>13.518205</ele>
				<time>2026-09-05T00:44:11Z</time>
			</trkpt>
			<trkpt lat="35.410748" lon="139.596166">
				<speed>5.681557</speed>
				<ele>13.516101</ele>
				<time>2026-09-05T00:44:12Z</time>
			</trkpt>
			<trkpt lat="35.410654" lon="139.596123">
				<speed>5.350422</speed>
				<ele>13.738153</ele>
				<time>2026-09-05T00:44:14Z</time>
			</trkpt>
			<trkpt lat="35.410564" lon="139.596099">
				<speed>4.770286</speed>
				<ele>14.046684</ele>
				<time>2026-09-05T00:44:16Z</time>
			</trkpt>
			<trkpt lat="35.410483" lon="139.596091">
				<speed>3.578659</speed>
				<ele>13.973817</ele>
				<time>2026-09-05T00:44:18Z</time>
			</trkpt>
			<trkpt lat="35.410427" lon="139.596098">
				<speed>1.248033</speed>
				<ele>14.540385</ele>
				<time>2026-09-05T00:44:20Z</time>
			</trkpt>
			<trkpt lat="35.410386" lon="139.596112">
				<speed>2.501779</speed>
				<ele>15.402927</ele>
				<time>2026-09-05T00:44:22Z</time>
			</trkpt>
			<trkpt lat="35.410348" lon="139.596129">
				<speed>2.634775</speed>
				<ele>15.006525</ele>
				<time>2026-09-05T00:44:24Z</time>
			</trkpt>
			<trkpt lat="35.410308" lon="139.596142">
				<speed>2.718625</speed>
				<ele>13.430479</ele>
				<time>2026-09-05T00:44:26Z</time>
			</trkpt>
			<trkpt lat="35.410241" lon="139.596151">
				<speed>4.111416</speed>
				<ele>14.546854</ele>
				<time>2026-09-05T00:44:29Z</time>
			</trkpt>
			<trkpt lat="35.410180" lon="139.596154">
				<speed>3.642499</speed>
				<ele>15.034398</ele>
				<time>2026-09-05T00:44:31Z</time>
			</trkpt>
			<trkpt lat="35.410120" lon="139.596158">
				<speed>2.445139</speed>
				<ele>15.135660</ele>
				<time>2026-09-05T00:44:33Z</time>
			</trkpt>
			<trkpt lat="35.410068" lon="139.596157">
				<speed>1.714387</speed>
				<ele>15.469814</ele>
				<time>2026-09-05T00:44:35Z</time>
			</trkpt>
			<trkpt lat="35.410022" lon="139.596147">
				<speed>1.767930</speed>
				<ele>15.170889</ele>
				<time>2026-09-05T00:44:37Z</time>
			</trkpt>
			<trkpt lat="35.409969" lon="139.596134">
				<speed>3.028666</speed>
				<ele>15.777053</ele>
				<time>2026-09-05T00:44:39Z</time>
			</trkpt>
			<trkpt lat="35.409911" lon="139.596126">
				<speed>2.542135</speed>
				<ele>15.814607</ele>
				<time>2026-09-05T00:44:41Z</time>
			</trkpt>
			<trkpt lat="35.409858" lon="139.596121">
				<speed>1.910856</speed>
				<ele>15.851015</ele>
				<time>2026-09-05T00:44:43Z</time>
			</trkpt>
			<trkpt lat="35.409794" lon="139.596112">
				<speed>0.787154</speed>
				<ele>15.320160</ele>
				<time>2026-09-05T00:45:28Z</time>
			</trkpt>
			<trkpt lat="35.409742" lon="139.596118">
				<speed>2.470911</speed>
				<ele>15.175231</ele>
				<time>2026-09-05T00:45:35Z</time>
			</trkpt>
			<trkpt lat="35.409684" lon="139.596123">
				<speed>2.599021</speed>
				<ele>14.801932</ele>
				<time>2026-09-05T00:45:37Z</time>
			</trkpt>
			<trkpt lat="35.409614" lon="139.596132">
				<speed>3.492189</speed>
				<ele>14.879513</ele>
				<time>2026-09-05T00:45:39Z</time>
			</trkpt>
			<trkpt lat="35.409537" lon="139.596141">
				<speed>4.395181</speed>
				<ele>14.114915</ele>
				<time>2026-09-05T00:45:41Z</time>
			</trkpt>
			<trkpt lat="35.409448" lon="139.596150">
				<speed>5.072541</speed>
				<ele>14.184304</ele>
				<time>2026-09-05T00:45:43Z</time>
			</trkpt>
			<trkpt lat="35.409355" lon="139.596162">
				<speed>4.608323</speed>
				<ele>14.853665</ele>
				<time>2026-09-05T00:45:45Z</time>
			</trkpt>
			<trkpt lat="35.409257" lon="139.596175">
				<speed>5.445581</speed>
				<ele>14.923106</ele>
				<time>2026-09-05T00:45:47Z</time>
			</trkpt>
			<trkpt lat="35.409158" lon="139.596186">
				<speed>4.128560</speed>
				<ele>14.142933</ele>
				<time>2026-09-05T00:45:49Z</time>
			</trkpt>
			<trkpt lat="35.409069" lon="139.596189">
				<speed>4.280036</speed>
				<ele>15.092059</ele>
				<time>2026-09-05T00:45:51Z</time>
			</trkpt>
			<trkpt lat="35.408984" lon="139.596184">
				<speed>4.713354</speed>
				<ele>17.221366</ele>
				<time>2026-09-05T00:45:53Z</time>
			</trkpt>
			<trkpt lat="35.408900" lon="139.596177">
				<speed>4.533949</speed>
				<ele>15.183868</ele>
				<time>2026-09-05T00:45:55Z</time>
			</trkpt>
			<trkpt lat="35.408805" lon="139.596174">
				<speed>6.046388</speed>
				<ele>15.565834</ele>
				<time>2026-09-05T00:45:57Z</time>
			</trkpt>
			<trkpt lat="35.408700" lon="139.596171">
				<speed>6.410560</speed>
				<ele>15.615846</ele>
				<time>2026-09-05T00:45:59Z</time>
			</trkpt>
			<trkpt lat="35.408645" lon="139.596167">
				<speed>5.705846</speed>
				<ele>15.242985</ele>
				<time>2026-09-05T00:46:00Z</time>
			</trkpt>
			<trkpt lat="35.408544" lon="139.596150">
				<speed>4.497220</speed>
				<ele>15.384008</ele>
				<time>2026-09-05T00:46:02Z</time>
			</trkpt>
			<trkpt lat="35.408450" lon="139.596123">
				<speed>5.042311</speed>
				<ele>16.713980</ele>
				<time>2026-09-05T00:46:04Z</time>
			</trkpt>
			<trkpt lat="35.408361" lon="139.596097">
				<speed>3.948128</speed>
				<ele>17.374980</ele>
				<time>2026-09-05T00:46:06Z</time>
			</trkpt>
			<trkpt lat="35.408281" lon="139.596076">
				<speed>4.436998</speed>
				<ele>17.706014</ele>
				<time>2026-09-05T00:46:08Z</time>
			</trkpt>
			<trkpt lat="35.408203" lon="139.596062">
				<speed>4.443098</speed>
				<ele>17.912784</ele>
				<time>2026-09-05T00:46:10Z</time>
			</trkpt>
			<trkpt lat="35.408123" lon="139.596053">
				<speed>5.404810</speed>
				<ele>17.520075</ele>
				<time>2026-09-05T00:46:12Z</time>
			</trkpt>
			<trkpt lat="35.408033" lon="139.596039">
				<speed>5.897886</speed>
				<ele>18.834644</ele>
				<time>2026-09-05T00:46:14Z</time>
			</trkpt>
			<trkpt lat="35.407934" lon="139.596019">
				<speed>6.108441</speed>
				<ele>18.335027</ele>
				<time>2026-09-05T00:46:16Z</time>
			</trkpt>
			<trkpt lat="35.407831" lon="139.595996">
				<speed>5.332097</speed>
				<ele>17.894268</ele>
				<time>2026-09-05T00:46:18Z</time>
			</trkpt>
			<trkpt lat="35.407734" lon="139.595967">
				<speed>5.137183</speed>
				<ele>17.003139</ele>
				<time>2026-09-05T00:46:20Z</time>
			</trkpt>
			<trkpt lat="35.407632" lon="139.595931">
				<speed>5.917172</speed>
				<ele>17.080402</ele>
				<time>2026-09-05T00:46:22Z</time>
			</trkpt>
			<trkpt lat="35.407527" lon="139.595902">
				<speed>5.837699</speed>
				<ele>17.628042</ele>
				<time>2026-09-05T00:46:24Z</time>
			</trkpt>
			<trkpt lat="35.407423" lon="139.595878">
				<speed>5.429199</speed>
				<ele>17.525362</ele>
				<time>2026-09-05T00:46:26Z</time>
			</trkpt>
			<trkpt lat="35.407322" lon="139.595857">
				<speed>5.275072</speed>
				<ele>17.283481</ele>
				<time>2026-09-05T00:46:28Z</time>
			</trkpt>
			<trkpt lat="35.407222" lon="139.595834">
				<speed>4.984923</speed>
				<ele>17.102634</ele>
				<time>2026-09-05T00:46:30Z</time>
			</trkpt>
			<trkpt lat="35.407133" lon="139.595814">
				<speed>3.059824</speed>
				<ele>16.996164</ele>
				<time>2026-09-05T00:46:32Z</time>
			</trkpt>
			<trkpt lat="35.407110" lon="139.595771">
				<speed>1.947067</speed>
				<ele>15.990527</ele>
				<time>2026-09-05T00:47:05Z</time>
			</trkpt>
			<trkpt lat="35.407058" lon="139.595746">
				<speed>3.881017</speed>
				<ele>15.783652</ele>
				<time>2026-09-05T00:47:11Z</time>
			</trkpt>
			<trkpt lat="35.406984" lon="139.595714">
				<speed>2.980203</speed>
				<ele>16.331564</ele>
				<time>2026-09-05T00:47:13Z</time>
			</trkpt>
			<trkpt lat="35.406897" lon="139.595680">
				<speed>3.067186</speed>
				<ele>15.931561</ele>
				<time>2026-09-05T00:47:15Z</time>
			</trkpt>
			<trkpt lat="35.406814" lon="139.595651">
				<speed>2.807020</speed>
				<ele>15.682663</ele>
				<time>2026-09-05T00:47:17Z</time>
			</trkpt>
			<trkpt lat="35.406736" lon="139.595631">
				<speed>4.265333</speed>
				<ele>15.827186</ele>
				<time>2026-09-05T00:47:19Z</time>
			</trkpt>
			<trkpt lat="35.406660" lon="139.595617">
				<speed>3.127800</speed>
				<ele>15.820033</ele>
				<time>2026-09-05T00:47:21Z</time>
			</trkpt>
			<trkpt lat="35.406589" lon="139.595606">
				<speed>3.901255</speed>
				<ele>16.140436</ele>
				<time>2026-09-05T00:47:23Z</time>
			</trkpt>
			<trkpt lat="35.406518" lon="139.595595">
				<speed>3.405828</speed>
				<ele>15.712609</ele>
				<time>2026-09-05T00:47:25Z</time>
			</trkpt>
			<trkpt lat="35.406451" lon="139.595584">
				<speed>3.596957</speed>
				<ele>15.672842</ele>
				<time>2026-09-05T00:47:27Z</time>
			</trkpt>
			<trkpt lat="35.406393" lon="139.595575">
				<speed>2.116715</speed>
				<ele>15.511124</ele>
				<time>2026-09-05T00:47:29Z</time>
			</trkpt>
			<trkpt lat="35.406315" lon="139.595557">
				<speed>3.281337</speed>
				<ele>15.662400</ele>
				<time>2026-09-05T00:47:32Z</time>
			</trkpt>
			<trkpt lat="35.406261" lon="139.595539">
				<speed>3.198208</speed>
				<ele>16.348791</ele>
				<time>2026-09-05T00:47:34Z</time>
			</trkpt>
			<trkpt lat="35.406204" lon="139.595519">
				<speed>3.352158</speed>
				<ele>16.152707</ele>
				<time>2026-09-05T00:47:36Z</time>
			</trkpt>
			<trkpt lat="35.406144" lon="139.595507">
				<speed>3.751488</speed>
				<ele>16.195941</ele>
				<time>2026-09-05T00:47:38Z</time>
			</trkpt>
			<trkpt lat="35.406081" lon="139.595496">
				<speed>3.741038</speed>
				<ele>15.351475</ele>
				<time>2026-09-05T00:47:40Z</time>
			</trkpt>
			<trkpt lat="35.406015" lon="139.595484">
				<speed>3.786223</speed>
				<ele>15.703822</ele>
				<time>2026-09-05T00:47:42Z</time>
			</trkpt>
			<trkpt lat="35.405942" lon="139.595468">
				<speed>4.768432</speed>
				<ele>14.052892</ele>
				<time>2026-09-05T00:47:44Z</time>
			</trkpt>
			<trkpt lat="35.405860" lon="139.595442">
				<speed>4.872695</speed>
				<ele>14.423245</ele>
				<time>2026-09-05T00:47:46Z</time>
			</trkpt>
			<trkpt lat="35.405776" lon="139.595410">
				<speed>4.739927</speed>
				<ele>15.069554</ele>
				<time>2026-09-05T00:47:48Z</time>
			</trkpt>
			<trkpt lat="35.405698" lon="139.595378">
				<speed>3.354060</speed>
				<ele>14.963672</ele>
				<time>2026-09-05T00:47:50Z</time>
			</trkpt>
			<trkpt lat="35.405635" lon="139.595352">
				<speed>2.092440</speed>
				<ele>14.935607</ele>
				<time>2026-09-05T00:47:52Z</time>
			</trkpt>
			<trkpt lat="35.405591" lon="139.595330">
				<speed>1.092379</speed>
				<ele>14.258594</ele>
				<time>2026-09-05T00:47:54Z</time>
			</trkpt>
			<trkpt lat="35.405556" lon="139.595305">
				<speed>2.809578</speed>
				<ele>14.991640</ele>
				<time>2026-09-05T00:47:56Z</time>
			</trkpt>
			<trkpt lat="35.405519" lon="139.595278">
				<speed>2.346345</speed>
				<ele>15.747671</ele>
				<time>2026-09-05T00:47:58Z</time>
			</trkpt>
			<trkpt lat="35.405453" lon="139.595244">
				<speed>4.549020</speed>
				<ele>13.031518</ele>
				<time>2026-09-05T00:48:01Z</time>
			</trkpt>
			<trkpt lat="35.405392" lon="139.595208">
				<speed>4.682484</speed>
				<ele>13.176297</ele>
				<time>2026-09-05T00:48:03Z</time>
			</trkpt>
			<trkpt lat="35.405322" lon="139.595161">
				<speed>4.767480</speed>
				<ele>13.088940</ele>
				<time>2026-09-05T00:48:05Z</time>
			</trkpt>
			<trkpt lat="35.405244" lon="139.595105">
				<speed>5.024397</speed>
				<ele>13.897114</ele>
				<time>2026-09-05T00:48:07Z</time>
			</trkpt>
			<trkpt lat="35.405163" lon="139.595046">
				<speed>4.760236</speed>
				<ele>14.045313</ele>
				<time>2026-09-05T00:48:09Z</time>
			</trkpt>
			<trkpt lat="35.405078" lon="139.594986">
				<speed>4.639409</speed>
				<ele>14.634271</ele>
				<time>2026-09-05T00:48:11Z</time>
			</trkpt>
			<trkpt lat="35.404995" lon="139.594926">
				<speed>4.709075</speed>
				<ele>14.940146</ele>
				<time>2026-09-05T00:48:13Z</time>
			</trkpt>
			<trkpt lat="35.404915" lon="139.594869">
				<speed>4.607455</speed>
				<ele>14.662955</ele>
				<time>2026-09-05T00:48:15Z</time>
			</trkpt>
			<trkpt lat="35.404836" lon="139.594812">
				<speed>5.322629</speed>
				<ele>14.779652</ele>
				<time>2026-09-05T00:48:17Z</time>
			</trkpt>
			<trkpt lat="35.404752" lon="139.594751">
				<speed>5.381016</speed>
				<ele>14.311103</ele>
				<time>2026-09-05T00:48:19Z</time>
			</trkpt>
			<trkpt lat="35.404669" lon="139.594694">
				<speed>4.570001</speed>
				<ele>14.579330</ele>
				<time>2026-09-05T00:48:21Z</time>
			</trkpt>
			<trkpt lat="35.404590" lon="139.594653">
				<speed>3.915258</speed>
				<ele>15.399172</ele>
				<time>2026-09-05T00:48:23Z</time>
			</trkpt>
			<trkpt lat="35.404517" lon="139.594639">
				<speed>2.986986</speed>
				<ele>13.471181</ele>
				<time>2026-09-05T00:48:25Z</time>
			</trkpt>
			<trkpt lat="35.404461" lon="139.594643">
				<speed>1.640922</speed>
				<ele>13.252112</ele>
				<time>2026-09-05T00:48:27Z</time>
			</trkpt>
			<trkpt lat="35.404403" lon="139.594661">
				<speed>1.790484</speed>
				<ele>13.286360</ele>
				<time>2026-09-05T00:48:30Z</time>
			</trkpt>
			<trkpt lat="35.404397" lon="139.594612">
				<speed>0.937556</speed>
				<ele>14.875300</ele>
				<time>2026-09-05T00:48:55Z</time>
			</trkpt>
			<trkpt lat="35.404217" lon="139.594406">
				<speed>4.482676</speed>
				<ele>14.336271</ele>
				<time>2026-09-05T00:49:02Z</time>
			</trkpt>
			<trkpt lat="35.404166" lon="139.594360">
				<speed>5.875161</speed>
				<ele>14.923097</ele>
				<time>2026-09-05T00:49:07Z</time>
			</trkpt>
			<trkpt lat="35.404093" lon="139.594306">
				<speed>5.788897</speed>
				<ele>15.236808</ele>
				<time>2026-09-05T00:49:09Z</time>
			</trkpt>
			<trkpt lat="35.404034" lon="139.594263">
				<speed>5.902958</speed>
				<ele>15.144706</ele>
				<time>2026-09-05T00:49:10Z</time>
			</trkpt>
			<trkpt lat="35.403964" lon="139.594214">
				<speed>5.840631</speed>
				<ele>15.251025</ele>
				<time>2026-09-05T00:49:11Z</time>
			</trkpt>
			<trkpt lat="35.403888" lon="139.594162">
				<speed>6.047079</speed>
				<ele>15.304597</ele>
				<time>2026-09-05T00:49:12Z</time>
			</trkpt>
			<trkpt lat="35.403811" lon="139.594109">
				<speed>5.977672</speed>
				<ele>15.291580</ele>
				<time>2026-09-05T00:49:13Z</time>
			</trkpt>
			<trkpt lat="35.403735" lon="139.594057">
				<speed>6.092588</speed>
				<ele>15.402167</ele>
				<time>2026-09-05T00:49:14Z</time>
			</trkpt>
			<trkpt lat="35.403663" lon="139.594007">
				<speed>6.342246</speed>
				<ele>15.876533</ele>
				<time>2026-09-05T00:49:15Z</time>
			</trkpt>
			<trkpt lat="35.403593" lon="139.593959">
				<speed>6.329209</speed>
				<ele>16.020647</ele>
				<time>2026-09-05T00:49:16Z</time>
			</trkpt>
			<trkpt lat="35.403526" lon="139.593915">
				<speed>6.252337</speed>
				<ele>15.912195</ele>
				<time>2026-09-05T00:49:17Z</time>
			</trkpt>
			<trkpt lat="35.403462" lon="139.593875">
				<speed>6.272594</speed>
				<ele>15.741015</ele>
				<time>2026-09-05T00:49:18Z</time>
			</trkpt>
			<trkpt lat="35.403400" lon="139.593839">
				<speed>6.583109</speed>
				<ele>15.863173</ele>
				<time>2026-09-05T00:49:19Z</time>
			</trkpt>
			<trkpt lat="35.403339" lon="139.593805">
				<speed>6.725386</speed>
				<ele>16.314756</ele>
				<time>2026-09-05T00:49:20Z</time>
			</trkpt>
			<trkpt lat="35.403280" lon="139.593773">
				<speed>6.561803</speed>
				<ele>16.198700</ele>
				<time>2026-09-05T00:49:21Z</time>
			</trkpt>
			<trkpt lat="35.403222" lon="139.593742">
				<speed>6.697793</speed>
				<ele>16.212269</ele>
				<time>2026-09-05T00:49:22Z</time>
			</trkpt>
			<trkpt lat="35.403165" lon="139.593711">
				<speed>6.626982</speed>
				<ele>16.381223</ele>
				<time>2026-09-05T00:49:23Z</time>
			</trkpt>
			<trkpt lat="35.403110" lon="139.593681">
				<speed>6.553302</speed>
				<ele>16.363734</ele>
				<time>2026-09-05T00:49:24Z</time>
			</trkpt>
			<trkpt lat="35.403055" lon="139.593651">
				<speed>6.633118</speed>
				<ele>16.502190</ele>
				<time>2026-09-05T00:49:25Z</time>
			</trkpt>
			<trkpt lat="35.403001" lon="139.593621">
				<speed>6.746341</speed>
				<ele>16.753432</ele>
				<time>2026-09-05T00:49:26Z</time>
			</trkpt>
			<trkpt lat="35.402947" lon="139.593591">
				<speed>6.645039</speed>
				<ele>16.537407</ele>
				<time>2026-09-05T00:49:27Z</time>
			</trkpt>
			<trkpt lat="35.402893" lon="139.593561">
				<speed>6.688760</speed>
				<ele>16.586913</ele>
				<time>2026-09-05T00:49:28Z</time>
			</trkpt>
			<trkpt lat="35.402839" lon="139.593530">
				<speed>6.796097</speed>
				<ele>16.028166</ele>
				<time>2026-09-05T00:49:29Z</time>
			</trkpt>
			<trkpt lat="35.402785" lon="139.593499">
				<speed>6.834718</speed>
				<ele>16.523522</ele>
				<time>2026-09-05T00:49:30Z</time>
			</trkpt>
			<trkpt lat="35.402732" lon="139.593468">
				<speed>6.677128</speed>
				<ele>16.439185</ele>
				<time>2026-09-05T00:49:31Z</time>
			</trkpt>
			<trkpt lat="35.402679" lon="139.593437">
				<speed>6.610265</speed>
				<ele>16.549438</ele>
				<time>2026-09-05T00:49:32Z</time>
			</trkpt>
			<trkpt lat="35.402625" lon="139.593405">
				<speed>6.608898</speed>
				<ele>16.779773</ele>
				<time>2026-09-05T00:49:33Z</time>
			</trkpt>
			<trkpt lat="35.402572" lon="139.593374">
				<speed>6.584230</speed>
				<ele>16.603437</ele>
				<time>2026-09-05T00:49:34Z</time>
			</trkpt>
			<trkpt lat="35.402519" lon="139.593342">
				<speed>6.613877</speed>
				<ele>16.534121</ele>
				<time>2026-09-05T00:49:35Z</time>
			</trkpt>
			<trkpt lat="35.402467" lon="139.593309">
				<speed>6.668289</speed>
				<ele>16.568220</ele>
				<time>2026-09-05T00:49:36Z</time>
			</trkpt>
			<trkpt lat="35.402414" lon="139.593276">
				<speed>6.601984</speed>
				<ele>16.719074</ele>
				<time>2026-09-05T00:49:37Z</time>
			</trkpt>
			<trkpt lat="35.402363" lon="139.593242">
				<speed>6.072015</speed>
				<ele>16.262890</ele>
				<time>2026-09-05T00:49:38Z</time>
			</trkpt>
			<trkpt lat="35.402312" lon="139.593205">
				<speed>6.723695</speed>
				<ele>16.721667</ele>
				<time>2026-09-05T00:49:39Z</time>
			</trkpt>
			<trkpt lat="35.402262" lon="139.593167">
				<speed>6.550254</speed>
				<ele>16.634378</ele>
				<time>2026-09-05T00:49:40Z</time>
			</trkpt>
			<trkpt lat="35.402212" lon="139.593128">
				<speed>6.525786</speed>
				<ele>16.995451</ele>
				<time>2026-09-05T00:49:41Z</time>
			</trkpt>
			<trkpt lat="35.402164" lon="139.593086">
				<speed>6.552798</speed>
				<ele>16.739598</ele>
				<time>2026-09-05T00:49:42Z</time>
			</trkpt>
			<trkpt lat="35.402116" lon="139.593043">
				<speed>6.726941</speed>
				<ele>16.797761</ele>
				<time>2026-09-05T00:49:43Z</time>
			</trkpt>
			<trkpt lat="35.402069" lon="139.592998">
				<speed>6.566052</speed>
				<ele>16.828247</ele>
				<time>2026-09-05T00:49:44Z</time>
			</trkpt>
			<trkpt lat="35.402023" lon="139.592952">
				<speed>6.208900</speed>
				<ele>16.775961</ele>
				<time>2026-09-05T00:49:45Z</time>
			</trkpt>
			<trkpt lat="35.401980" lon="139.592905">
				<speed>6.024878</speed>
				<ele>17.274367</ele>
				<time>2026-09-05T00:49:46Z</time>
			</trkpt>
			<trkpt lat="35.401938" lon="139.592859">
				<speed>5.848745</speed>
				<ele>17.309765</ele>
				<time>2026-09-05T00:49:47Z</time>
			</trkpt>
			<trkpt lat="35.401898" lon="139.592812">
				<speed>5.840535</speed>
				<ele>17.305343</ele>
				<time>2026-09-05T00:49:48Z</time>
			</trkpt>
			<trkpt lat="35.401859" lon="139.592764">
				<speed>5.836638</speed>
				<ele>17.368025</ele>
				<time>2026-09-05T00:49:49Z</time>
			</trkpt>
			<trkpt lat="35.401822" lon="139.592716">
				<speed>5.910599</speed>
				<ele>17.258167</ele>
				<time>2026-09-05T00:49:50Z</time>
			</trkpt>
			<trkpt lat="35.401751" lon="139.592618">
				<speed>5.803091</speed>
				<ele>17.435419</ele>
				<time>2026-09-05T00:49:52Z</time>
			</trkpt>
			<trkpt lat="35.401688" lon="139.592520">
				<speed>4.853987</speed>
				<ele>17.333992</ele>
				<time>2026-09-05T00:49:54Z</time>
			</trkpt>
			<trkpt lat="35.401637" lon="139.592426">
				<speed>4.911040</speed>
				<ele>17.406880</ele>
				<time>2026-09-05T00:49:56Z</time>
			</trkpt>
			<trkpt lat="35.401589" lon="139.592332">
				<speed>5.254501</speed>
				<ele>17.517302</ele>
				<time>2026-09-05T00:49:58Z</time>
			</trkpt>
			<trkpt lat="35.401542" lon="139.592234">
				<speed>5.505730</speed>
				<ele>17.520024</ele>
				<time>2026-09-05T00:50:00Z</time>
			</trkpt>
			<trkpt lat="35.401496" lon="139.592131">
				<speed>5.463150</speed>
				<ele>17.234775</ele>
				<time>2026-09-05T00:50:02Z</time>
			</trkpt>
			<trkpt lat="35.401453" lon="139.592026">
				<speed>5.267088</speed>
				<ele>17.766129</ele>
				<time>2026-09-05T00:50:04Z</time>
			</trkpt>
			<trkpt lat="35.401412" lon="139.591925">
				<speed>4.569856</speed>
				<ele>17.583401</ele>
				<time>2026-09-05T00:50:06Z</time>
			</trkpt>
			<trkpt lat="35.401377" lon="139.591834">
				<speed>3.558673</speed>
				<ele>16.799254</ele>
				<time>2026-09-05T00:50:08Z</time>
			</trkpt>
			<trkpt lat="35.401346" lon="139.591754">
				<speed>3.681997</speed>
				<ele>17.196079</ele>
				<time>2026-09-05T00:50:10Z</time>
			</trkpt>
			<trkpt lat="35.401316" lon="139.591677">
				<speed>4.197936</speed>
				<ele>17.355153</ele>
				<time>2026-09-05T00:50:12Z</time>
			</trkpt>
			<trkpt lat="35.401283" lon="139.591593">
				<speed>5.126759</speed>
				<ele>17.150901</ele>
				<time>2026-09-05T00:50:14Z</time>
			</trkpt>
			<trkpt lat="35.401246" lon="139.591498">
				<speed>5.795851</speed>
				<ele>17.227334</ele>
				<time>2026-09-05T00:50:16Z</time>
			</trkpt>
			<trkpt lat="35.401202" lon="139.591388">
				<speed>6.387961</speed>
				<ele>17.195913</ele>
				<time>2026-09-05T00:50:18Z</time>
			</trkpt>
			<trkpt lat="35.401177" lon="139.591329">
				<speed>6.490369</speed>
				<ele>17.266041</ele>
				<time>2026-09-05T00:50:19Z</time>
			</trkpt>
			<trkpt lat="35.401152" lon="139.591268">
				<speed>6.400683</speed>
				<ele>17.431345</ele>
				<time>2026-09-05T00:50:20Z</time>
			</trkpt>
			<trkpt lat="35.401125" lon="139.591205">
				<speed>6.570685</speed>
				<ele>17.129445</ele>
				<time>2026-09-05T00:50:21Z</time>
			</trkpt>
			<trkpt lat="35.401097" lon="139.591140">
				<speed>6.587387</speed>
				<ele>17.149525</ele>
				<time>2026-09-05T00:50:22Z</time>
			</trkpt>
			<trkpt lat="35.401069" lon="139.591074">
				<speed>6.569530</speed>
				<ele>17.198069</ele>
				<time>2026-09-05T00:50:23Z</time>
			</trkpt>
			<trkpt lat="35.401041" lon="139.591006">
				<speed>6.624294</speed>
				<ele>17.899521</ele>
				<time>2026-09-05T00:50:24Z</time>
			</trkpt>
			<trkpt lat="35.401012" lon="139.590938">
				<speed>6.784896</speed>
				<ele>17.968836</ele>
				<time>2026-09-05T00:50:25Z</time>
			</trkpt>
			<trkpt lat="35.400983" lon="139.590869">
				<speed>6.849402</speed>
				<ele>17.815666</ele>
				<time>2026-09-05T00:50:26Z</time>
			</trkpt>
			<trkpt lat="35.400953" lon="139.590799">
				<speed>6.840717</speed>
				<ele>17.725745</ele>
				<time>2026-09-05T00:50:27Z</time>
			</trkpt>
			<trkpt lat="35.400924" lon="139.590729">
				<speed>6.680208</speed>
				<ele>17.705900</ele>
				<time>2026-09-05T00:50:28Z</time>
			</trkpt>
			<trkpt lat="35.400896" lon="139.590660">
				<speed>6.556397</speed>
				<ele>17.592128</ele>
				<time>2026-09-05T00:50:29Z</time>
			</trkpt>
			<trkpt lat="35.400867" lon="139.590593">
				<speed>6.141405</speed>
				<ele>17.454741</ele>
				<time>2026-09-05T00:50:30Z</time>
			</trkpt>
			<trkpt lat="35.400841" lon="139.590531">
				<speed>4.832619</speed>
				<ele>17.551386</ele>
				<time>2026-09-05T00:50:31Z</time>
			</trkpt>
			<trkpt lat="35.400795" lon="139.590425">
				<speed>4.230231</speed>
				<ele>17.740151</ele>
				<time>2026-09-05T00:50:33Z</time>
			</trkpt>
			<trkpt lat="35.400753" lon="139.590330">
				<speed>4.976507</speed>
				<ele>17.458302</ele>
				<time>2026-09-05T00:50:35Z</time>
			</trkpt>
			<trkpt lat="35.400711" lon="139.590234">
				<speed>5.647518</speed>
				<ele>17.583227</ele>
				<time>2026-09-05T00:50:37Z</time>
			</trkpt>
			<trkpt lat="35.400667" lon="139.590130">
				<speed>5.989056</speed>
				<ele>17.121772</ele>
				<time>2026-09-05T00:50:39Z</time>
			</trkpt>
			<trkpt lat="35.400618" lon="139.590022">
				<speed>6.285249</speed>
				<ele>17.023936</ele>
				<time>2026-09-05T00:50:41Z</time>
			</trkpt>
			<trkpt lat="35.400564" lon="139.589910">
				<speed>6.319586</speed>
				<ele>17.263833</ele>
				<time>2026-09-05T00:50:43Z</time>
			</trkpt>
			<trkpt lat="35.400534" lon="139.589852">
				<speed>6.552823</speed>
				<ele>17.778886</ele>
				<time>2026-09-05T00:50:44Z</time>
			</trkpt>
			<trkpt lat="35.400504" lon="139.589794">
				<speed>6.185411</speed>
				<ele>17.560773</ele>
				<time>2026-09-05T00:50:45Z</time>
			</trkpt>
			<trkpt lat="35.400474" lon="139.589737">
				<speed>6.107727</speed>
				<ele>17.568596</ele>
				<time>2026-09-05T00:50:46Z</time>
			</trkpt>
			<trkpt lat="35.400442" lon="139.589679">
				<speed>6.184311</speed>
				<ele>17.691348</ele>
				<time>2026-09-05T00:50:47Z</time>
			</trkpt>
			<trkpt lat="35.400410" lon="139.589622">
				<speed>6.265241</speed>
				<ele>17.523625</ele>
				<time>2026-09-05T00:50:48Z</time>
			</trkpt>
			<trkpt lat="35.400375" lon="139.589566">
				<speed>6.355242</speed>
				<ele>17.806429</ele>
				<time>2026-09-05T00:50:49Z</time>
			</trkpt>
			<trkpt lat="35.400337" lon="139.589513">
				<speed>6.387479</speed>
				<ele>17.749396</ele>
				<time>2026-09-05T00:50:50Z</time>
			</trkpt>
			<trkpt lat="35.400297" lon="139.589462">
				<speed>6.355362</speed>
				<ele>17.785135</ele>
				<time>2026-09-05T00:50:51Z</time>
			</trkpt>
			<trkpt lat="35.400254" lon="139.589414">
				<speed>6.464188</speed>
				<ele>18.107087</ele>
				<time>2026-09-05T00:50:52Z</time>
			</trkpt>
			<trkpt lat="35.400210" lon="139.589366">
				<speed>6.487407</speed>
				<ele>17.877196</ele>
				<time>2026-09-05T00:50:53Z</time>
			</trkpt>
			<trkpt lat="35.400163" lon="139.589320">
				<speed>6.450068</speed>
				<ele>18.160350</ele>
				<time>2026-09-05T00:50:54Z</time>
			</trkpt>
			<trkpt lat="35.400116" lon="139.589276">
				<speed>6.545598</speed>
				<ele>18.177104</ele>
				<time>2026-09-05T00:50:55Z</time>
			</trkpt>
			<trkpt lat="35.400068" lon="139.589232">
				<speed>6.560926</speed>
				<ele>18.356334</ele>
				<time>2026-09-05T00:50:56Z</time>
			</trkpt>
			<trkpt lat="35.400019" lon="139.589189">
				<speed>6.569360</speed>
				<ele>18.216675</ele>
				<time>2026-09-05T00:50:57Z</time>
			</trkpt>
			<trkpt lat="35.399969" lon="139.589146">
				<speed>6.689678</speed>
				<ele>18.234749</ele>
				<time>2026-09-05T00:50:58Z</time>
			</trkpt>
			<trkpt lat="35.399919" lon="139.589104">
				<speed>6.733728</speed>
				<ele>18.129706</ele>
				<time>2026-09-05T00:50:59Z</time>
			</trkpt>
			<trkpt lat="35.399867" lon="139.589062">
				<speed>6.880939</speed>
				<ele>18.383584</ele>
				<time>2026-09-05T00:51:00Z</time>
			</trkpt>
			<trkpt lat="35.399816" lon="139.589020">
				<speed>6.782828</speed>
				<ele>18.460928</ele>
				<time>2026-09-05T00:51:01Z</time>
			</trkpt>
			<trkpt lat="35.399765" lon="139.588978">
				<speed>6.521813</speed>
				<ele>18.264930</ele>
				<time>2026-09-05T00:51:02Z</time>
			</trkpt>
			<trkpt lat="35.399713" lon="139.588936">
				<speed>6.767767</speed>
				<ele>18.237628</ele>
				<time>2026-09-05T00:51:03Z</time>
			</trkpt>
			<trkpt lat="35.399662" lon="139.588893">
				<speed>6.727826</speed>
				<ele>18.221196</ele>
				<time>2026-09-05T00:51:04Z</time>
			</trkpt>
			<trkpt lat="35.399611" lon="139.588850">
				<speed>6.713078</speed>
				<ele>18.263710</ele>
				<time>2026-09-05T00:51:05Z</time>
			</trkpt>
			<trkpt lat="35.399561" lon="139.588808">
				<speed>6.520655</speed>
				<ele>18.058376</ele>
				<time>2026-09-05T00:51:06Z</time>
			</trkpt>
			<trkpt lat="35.399494" lon="139.588753">
				<speed>6.696793</speed>
				<ele>18.320794</ele>
				<time>2026-09-05T00:51:07Z</time>
			</trkpt>
			<trkpt lat="35.399411" lon="139.588685">
				<speed>6.078194</speed>
				<ele>18.172274</ele>
				<time>2026-09-05T00:51:09Z</time>
			</trkpt>
			<trkpt lat="35.399365" lon="139.588646">
				<speed>5.872472</speed>
				<ele>18.272561</ele>
				<time>2026-09-05T00:51:10Z</time>
			</trkpt>
			<trkpt lat="35.399319" lon="139.588609">
				<speed>5.790919</speed>
				<ele>18.302468</ele>
				<time>2026-09-05T00:51:11Z</time>
			</trkpt>
			<trkpt lat="35.399232" lon="139.588535">
				<speed>5.735369</speed>
				<ele>18.281415</ele>
				<time>2026-09-05T00:51:13Z</time>
			</trkpt>
			<trkpt lat="35.399146" lon="139.588462">
				<speed>5.954743</speed>
				<ele>18.435310</ele>
				<time>2026-09-05T00:51:15Z</time>
			</trkpt>
			<trkpt lat="35.399061" lon="139.588388">
				<speed>6.215087</speed>
				<ele>18.355243</ele>
				<time>2026-09-05T00:51:17Z</time>
			</trkpt>
			<trkpt lat="35.398974" lon="139.588313">
				<speed>5.918203</speed>
				<ele>18.583604</ele>
				<time>2026-09-05T00:51:19Z</time>
			</trkpt>
			<trkpt lat="35.398894" lon="139.588242">
				<speed>4.663158</speed>
				<ele>18.438282</ele>
				<time>2026-09-05T00:51:21Z</time>
			</trkpt>
			<trkpt lat="35.398820" lon="139.588174">
				<speed>5.452822</speed>
				<ele>18.387165</ele>
				<time>2026-09-05T00:51:23Z</time>
			</trkpt>
			<trkpt lat="35.398743" lon="139.588105">
				<speed>5.707567</speed>
				<ele>18.453247</ele>
				<time>2026-09-05T00:51:25Z</time>
			</trkpt>
			<trkpt lat="35.398662" lon="139.588035">
				<speed>6.103288</speed>
				<ele>18.795932</ele>
				<time>2026-09-05T00:51:27Z</time>
			</trkpt>
			<trkpt lat="35.398574" lon="139.587961">
				<speed>6.240209</speed>
				<ele>19.236302</ele>
				<time>2026-09-05T00:51:29Z</time>
			</trkpt>
			<trkpt lat="35.398530" lon="139.587924">
				<speed>5.984933</speed>
				<ele>19.112680</ele>
				<time>2026-09-05T00:51:30Z</time>
			</trkpt>
			<trkpt lat="35.398485" lon="139.587885">
				<speed>6.154228</speed>
				<ele>19.110201</ele>
				<time>2026-09-05T00:51:31Z</time>
			</trkpt>
			<trkpt lat="35.398439" lon="139.587845">
				<speed>6.431039</speed>
				<ele>19.176569</ele>
				<time>2026-09-05T00:51:32Z</time>
			</trkpt>
			<trkpt lat="35.398393" lon="139.587804">
				<speed>6.202819</speed>
				<ele>18.981368</ele>
				<time>2026-09-05T00:51:33Z</time>
			</trkpt>
			<trkpt lat="35.398347" lon="139.587764">
				<speed>6.299275</speed>
				<ele>19.079862</ele>
				<time>2026-09-05T00:51:34Z</time>
			</trkpt>
			<trkpt lat="35.398299" lon="139.587723">
				<speed>6.578984</speed>
				<ele>19.100441</ele>
				<time>2026-09-05T00:51:35Z</time>
			</trkpt>
			<trkpt lat="35.398251" lon="139.587682">
				<speed>6.559604</speed>
				<ele>18.920553</ele>
				<time>2026-09-05T00:51:36Z</time>
			</trkpt>
			<trkpt lat="35.398202" lon="139.587640">
				<speed>6.642594</speed>
				<ele>19.090909</ele>
				<time>2026-09-05T00:51:37Z</time>
			</trkpt>
			<trkpt lat="35.398152" lon="139.587598">
				<speed>6.771018</speed>
				<ele>18.931110</ele>
				<time>2026-09-05T00:51:38Z</time>
			</trkpt>
			<trkpt lat="35.398102" lon="139.587557">
				<speed>6.664186</speed>
				<ele>19.088301</ele>
				<time>2026-09-05T00:51:39Z</time>
			</trkpt>
			<trkpt lat="35.398050" lon="139.587517">
				<speed>6.673312</speed>
				<ele>19.076566</ele>
				<time>2026-09-05T00:51:40Z</time>
			</trkpt>
			<trkpt lat="35.397998" lon="139.587476">
				<speed>6.829950</speed>
				<ele>19.083590</ele>
				<time>2026-09-05T00:51:41Z</time>
			</trkpt>
			<trkpt lat="35.397945" lon="139.587437">
				<speed>6.890392</speed>
				<ele>18.954226</ele>
				<time>2026-09-05T00:51:42Z</time>
			</trkpt>
			<trkpt lat="35.397892" lon="139.587398">
				<speed>6.647079</speed>
				<ele>19.054044</ele>
				<time>2026-09-05T00:51:43Z</time>
			</trkpt>
			<trkpt lat="35.397838" lon="139.587361">
				<speed>6.783549</speed>
				<ele>19.943255</ele>
				<time>2026-09-05T00:51:44Z</time>
			</trkpt>
			<trkpt lat="35.397784" lon="139.587326">
				<speed>6.340948</speed>
				<ele>19.712440</ele>
				<time>2026-09-05T00:51:45Z</time>
			</trkpt>
			<trkpt lat="35.397731" lon="139.587291">
				<speed>6.478582</speed>
				<ele>19.564172</ele>
				<time>2026-09-05T00:51:46Z</time>
			</trkpt>
			<trkpt lat="35.397678" lon="139.587258">
				<speed>6.560663</speed>
				<ele>18.801307</ele>
				<time>2026-09-05T00:51:47Z</time>
			</trkpt>
			<trkpt lat="35.397624" lon="139.587226">
				<speed>6.405341</speed>
				<ele>18.934853</ele>
				<time>2026-09-05T00:51:48Z</time>
			</trkpt>
			<trkpt lat="35.397570" lon="139.587197">
				<speed>6.185315</speed>
				<ele>19.033482</ele>
				<time>2026-09-05T00:51:49Z</time>
			</trkpt>
			<trkpt lat="35.397519" lon="139.587169">
				<speed>5.663004</speed>
				<ele>19.898032</ele>
				<time>2026-09-05T00:51:50Z</time>
			</trkpt>
			<trkpt lat="35.397466" lon="139.587142">
				<speed>6.499199</speed>
				<ele>19.912486</ele>
				<time>2026-09-05T00:51:51Z</time>
			</trkpt>
			<trkpt lat="35.397413" lon="139.587115">
				<speed>6.374309</speed>
				<ele>19.587819</ele>
				<time>2026-09-05T00:51:52Z</time>
			</trkpt>
			<trkpt lat="35.397359" lon="139.587089">
				<speed>6.404025</speed>
				<ele>19.754160</ele>
				<time>2026-09-05T00:51:53Z</time>
			</trkpt>
			<trkpt lat="35.397305" lon="139.587065">
				<speed>6.406263</speed>
				<ele>19.993960</ele>
				<time>2026-09-05T00:51:54Z</time>
			</trkpt>
			<trkpt lat="35.397252" lon="139.587041">
				<speed>6.124468</speed>
				<ele>19.852772</ele>
				<time>2026-09-05T00:51:55Z</time>
			</trkpt>
			<trkpt lat="35.397198" lon="139.587019">
				<speed>6.255397</speed>
				<ele>20.004848</ele>
				<time>2026-09-05T00:51:56Z</time>
			</trkpt>
			<trkpt lat="35.397144" lon="139.586998">
				<speed>6.154336</speed>
				<ele>20.061982</ele>
				<time>2026-09-05T00:51:57Z</time>
			</trkpt>
			<trkpt lat="35.397091" lon="139.586978">
				<speed>6.094278</speed>
				<ele>20.243469</ele>
				<time>2026-09-05T00:51:58Z</time>
			</trkpt>
			<trkpt lat="35.397038" lon="139.586959">
				<speed>6.258657</speed>
				<ele>20.208288</ele>
				<time>2026-09-05T00:51:59Z</time>
			</trkpt>
			<trkpt lat="35.396984" lon="139.586940">
				<speed>6.232494</speed>
				<ele>20.221896</ele>
				<time>2026-09-05T00:52:00Z</time>
			</trkpt>
			<trkpt lat="35.396931" lon="139.586921">
				<speed>6.106198</speed>
				<ele>19.752408</ele>
				<time>2026-09-05T00:52:01Z</time>
			</trkpt>
			<trkpt lat="35.396877" lon="139.586903">
				<speed>6.305890</speed>
				<ele>20.138442</ele>
				<time>2026-09-05T00:52:02Z</time>
			</trkpt>
			<trkpt lat="35.396824" lon="139.586885">
				<speed>6.145773</speed>
				<ele>19.952040</ele>
				<time>2026-09-05T00:52:03Z</time>
			</trkpt>
			<trkpt lat="35.396769" lon="139.586867">
				<speed>6.355058</speed>
				<ele>20.262969</ele>
				<time>2026-09-05T00:52:04Z</time>
			</trkpt>
			<trkpt lat="35.396715" lon="139.586849">
				<speed>6.148830</speed>
				<ele>20.140966</ele>
				<time>2026-09-05T00:52:05Z</time>
			</trkpt>
			<trkpt lat="35.396661" lon="139.586831">
				<speed>6.186265</speed>
				<ele>20.146905</ele>
				<time>2026-09-05T00:52:06Z</time>
			</trkpt>
			<trkpt lat="35.396607" lon="139.586813">
				<speed>6.158532</speed>
				<ele>20.428559</ele>
				<time>2026-09-05T00:52:07Z</time>
			</trkpt>
			<trkpt lat="35.396553" lon="139.586796">
				<speed>6.133379</speed>
				<ele>20.569843</ele>
				<time>2026-09-05T00:52:08Z</time>
			</trkpt>
			<trkpt lat="35.396500" lon="139.586778">
				<speed>6.142731</speed>
				<ele>20.473554</ele>
				<time>2026-09-05T00:52:09Z</time>
			</trkpt>
			<trkpt lat="35.396446" lon="139.586759">
				<speed>6.173346</speed>
				<ele>20.612293</ele>
				<time>2026-09-05T00:52:10Z</time>
			</trkpt>
			<trkpt lat="35.396392" lon="139.586741">
				<speed>6.129853</speed>
				<ele>20.693798</ele>
				<time>2026-09-05T00:52:11Z</time>
			</trkpt>
			<trkpt lat="35.396339" lon="139.586722">
				<speed>6.119995</speed>
				<ele>20.502061</ele>
				<time>2026-09-05T00:52:12Z</time>
			</trkpt>
			<trkpt lat="35.396286" lon="139.586704">
				<speed>6.085342</speed>
				<ele>20.497885</ele>
				<time>2026-09-05T00:52:13Z</time>
			</trkpt>
			<trkpt lat="35.396233" lon="139.586684">
				<speed>6.090667</speed>
				<ele>20.631484</ele>
				<time>2026-09-05T00:52:14Z</time>
			</trkpt>
			<trkpt lat="35.396181" lon="139.586664">
				<speed>5.984500</speed>
				<ele>20.538953</ele>
				<time>2026-09-05T00:52:15Z</time>
			</trkpt>
			<trkpt lat="35.396129" lon="139.586643">
				<speed>5.997346</speed>
				<ele>20.782897</ele>
				<time>2026-09-05T00:52:16Z</time>
			</trkpt>
			<trkpt lat="35.396078" lon="139.586621">
				<speed>5.963284</speed>
				<ele>20.902732</ele>
				<time>2026-09-05T00:52:17Z</time>
			</trkpt>
			<trkpt lat="35.396027" lon="139.586600">
				<speed>5.985477</speed>
				<ele>20.669953</ele>
				<time>2026-09-05T00:52:18Z</time>
			</trkpt>
			<trkpt lat="35.395926" lon="139.586556">
				<speed>5.902107</speed>
				<ele>21.117862</ele>
				<time>2026-09-05T00:52:20Z</time>
			</trkpt>
			<trkpt lat="35.395827" lon="139.586509">
				<speed>6.002113</speed>
				<ele>21.209448</ele>
				<time>2026-09-05T00:52:22Z</time>
			</trkpt>
			<trkpt lat="35.395729" lon="139.586458">
				<speed>5.985108</speed>
				<ele>21.388813</ele>
				<time>2026-09-05T00:52:24Z</time>
			</trkpt>
			<trkpt lat="35.395633" lon="139.586405">
				<speed>5.731329</speed>
				<ele>21.579786</ele>
				<time>2026-09-05T00:52:26Z</time>
			</trkpt>
			<trkpt lat="35.395540" lon="139.586348">
				<speed>5.754246</speed>
				<ele>21.478632</ele>
				<time>2026-09-05T00:52:28Z</time>
			</trkpt>
			<trkpt lat="35.395450" lon="139.586288">
				<speed>5.673692</speed>
				<ele>22.029785</ele>
				<time>2026-09-05T00:52:30Z</time>
			</trkpt>
			<trkpt lat="35.395359" lon="139.586226">
				<speed>5.856045</speed>
				<ele>22.206681</ele>
				<time>2026-09-05T00:52:32Z</time>
			</trkpt>
			<trkpt lat="35.395270" lon="139.586160">
				<speed>5.757655</speed>
				<ele>22.319642</ele>
				<time>2026-09-05T00:52:34Z</time>
			</trkpt>
			<trkpt lat="35.395180" lon="139.586092">
				<speed>5.903389</speed>
				<ele>22.537146</ele>
				<time>2026-09-05T00:52:36Z</time>
			</trkpt>
			<trkpt lat="35.395092" lon="139.586022">
				<speed>5.775152</speed>
				<ele>22.674462</ele>
				<time>2026-09-05T00:52:38Z</time>
			</trkpt>
			<trkpt lat="35.395007" lon="139.585951">
				<speed>5.333867</speed>
				<ele>22.736320</ele>
				<time>2026-09-05T00:52:40Z</time>
			</trkpt>
			<trkpt lat="35.394928" lon="139.585884">
				<speed>4.609642</speed>
				<ele>22.889193</ele>
				<time>2026-09-05T00:52:42Z</time>
			</trkpt>
			<trkpt lat="35.394854" lon="139.585818">
				<speed>4.853548</speed>
				<ele>23.220737</ele>
				<time>2026-09-05T00:52:44Z</time>
			</trkpt>
			<trkpt lat="35.394785" lon="139.585754">
				<speed>4.850930</speed>
				<ele>23.428909</ele>
				<time>2026-09-05T00:52:46Z</time>
			</trkpt>
			<trkpt lat="35.394719" lon="139.585688">
				<speed>4.883416</speed>
				<ele>24.247812</ele>
				<time>2026-09-05T00:52:48Z</time>
			</trkpt>
			<trkpt lat="35.394655" lon="139.585619">
				<speed>4.913134</speed>
				<ele>25.185462</ele>
				<time>2026-09-05T00:52:50Z</time>
			</trkpt>
			<trkpt lat="35.394590" lon="139.585550">
				<speed>4.810962</speed>
				<ele>25.265242</ele>
				<time>2026-09-05T00:52:52Z</time>
			</trkpt>
			<trkpt lat="35.394526" lon="139.585480">
				<speed>4.941660</speed>
				<ele>24.972547</ele>
				<time>2026-09-05T00:52:54Z</time>
			</trkpt>
			<trkpt lat="35.394461" lon="139.585408">
				<speed>4.961223</speed>
				<ele>24.686113</ele>
				<time>2026-09-05T00:52:56Z</time>
			</trkpt>
			<trkpt lat="35.394395" lon="139.585337">
				<speed>4.859051</speed>
				<ele>25.087430</ele>
				<time>2026-09-05T00:52:58Z</time>
			</trkpt>
			<trkpt lat="35.394327" lon="139.585269">
				<speed>4.987728</speed>
				<ele>24.298778</ele>
				<time>2026-09-05T00:53:00Z</time>
			</trkpt>
			<trkpt lat="35.394259" lon="139.585199">
				<speed>5.135106</speed>
				<ele>24.767752</ele>
				<time>2026-09-05T00:53:02Z</time>
			</trkpt>
			<trkpt lat="35.394196" lon="139.585128">
				<speed>3.622431</speed>
				<ele>25.545892</ele>
				<time>2026-09-05T00:53:04Z</time>
			</trkpt>
			<trkpt lat="35.394138" lon="139.585063">
				<speed>5.082156</speed>
				<ele>24.671119</ele>
				<time>2026-09-05T00:53:06Z</time>
			</trkpt>
			<trkpt lat="35.394067" lon="139.584992">
				<speed>5.148535</speed>
				<ele>24.743542</ele>
				<time>2026-09-05T00:53:08Z</time>
			</trkpt>
			<trkpt lat="35.393993" lon="139.584921">
				<speed>5.032546</speed>
				<ele>25.329031</ele>
				<time>2026-09-05T00:53:10Z</time>
			</trkpt>
			<trkpt lat="35.393919" lon="139.584852">
				<speed>4.441913</speed>
				<ele>24.308344</ele>
				<time>2026-09-05T00:53:12Z</time>
			</trkpt>
			<trkpt lat="35.393846" lon="139.584780">
				<speed>5.110296</speed>
				<ele>24.438736</ele>
				<time>2026-09-05T00:53:14Z</time>
			</trkpt>
			<trkpt lat="35.393775" lon="139.584706">
				<speed>4.987281</speed>
				<ele>24.876045</ele>
				<time>2026-09-05T00:53:16Z</time>
			</trkpt>
			<trkpt lat="35.393706" lon="139.584631">
				<speed>5.235326</speed>
				<ele>25.362248</ele>
				<time>2026-09-05T00:53:18Z</time>
			</trkpt>
			<trkpt lat="35.393635" lon="139.584555">
				<speed>5.212550</speed>
				<ele>25.076413</ele>
				<time>2026-09-05T00:53:20Z</time>
			</trkpt>
			<trkpt lat="35.393563" lon="139.584480">
				<speed>4.981894</speed>
				<ele>25.054347</ele>
				<time>2026-09-05T00:53:22Z</time>
			</trkpt>
			<trkpt lat="35.393493" lon="139.584406">
				<speed>4.579703</speed>
				<ele>24.036779</ele>
				<time>2026-09-05T00:53:24Z</time>
			</trkpt>
			<trkpt lat="35.393423" lon="139.584334">
				<speed>4.964070</speed>
				<ele>24.613071</ele>
				<time>2026-09-05T00:53:26Z</time>
			</trkpt>
			<trkpt lat="35.393354" lon="139.584259">
				<speed>5.202694</speed>
				<ele>24.191767</ele>
				<time>2026-09-05T00:53:28Z</time>
			</trkpt>
			<trkpt lat="35.393283" lon="139.584181">
				<speed>5.447112</speed>
				<ele>23.938907</ele>
				<time>2026-09-05T00:53:30Z</time>
			</trkpt>
			<trkpt lat="35.393211" lon="139.584103">
				<speed>5.131436</speed>
				<ele>24.127468</ele>
				<time>2026-09-05T00:53:32Z</time>
			</trkpt>
			<trkpt lat="35.393139" lon="139.584026">
				<speed>4.721550</speed>
				<ele>24.029960</ele>
				<time>2026-09-05T00:53:34Z</time>
			</trkpt>
			<trkpt lat="35.393071" lon="139.583956">
				<speed>4.533284</speed>
				<ele>23.633073</ele>
				<time>2026-09-05T00:53:36Z</time>
			</trkpt>
			<trkpt lat="35.393002" lon="139.583886">
				<speed>5.160274</speed>
				<ele>23.973327</ele>
				<time>2026-09-05T00:53:38Z</time>
			</trkpt>
			<trkpt lat="35.392931" lon="139.583812">
				<speed>5.525626</speed>
				<ele>23.522865</ele>
				<time>2026-09-05T00:53:40Z</time>
			</trkpt>
			<trkpt lat="35.392856" lon="139.583737">
				<speed>5.254913</speed>
				<ele>22.759593</ele>
				<time>2026-09-05T00:53:42Z</time>
			</trkpt>
			<trkpt lat="35.392789" lon="139.583673">
				<speed>3.472781</speed>
				<ele>22.100318</ele>
				<time>2026-09-05T00:53:44Z</time>
			</trkpt>
			<trkpt lat="35.392724" lon="139.583617">
				<speed>5.355978</speed>
				<ele>21.826068</ele>
				<time>2026-09-05T00:53:46Z</time>
			</trkpt>
			<trkpt lat="35.392648" lon="139.583556">
				<speed>5.492209</speed>
				<ele>22.521387</ele>
				<time>2026-09-05T00:53:48Z</time>
			</trkpt>
			<trkpt lat="35.392566" lon="139.583493">
				<speed>5.902337</speed>
				<ele>21.866064</ele>
				<time>2026-09-05T00:53:50Z</time>
			</trkpt>
			<trkpt lat="35.392475" lon="139.583426">
				<speed>6.019373</speed>
				<ele>21.386921</ele>
				<time>2026-09-05T00:53:52Z</time>
			</trkpt>
			<trkpt lat="35.392428" lon="139.583392">
				<speed>5.857520</speed>
				<ele>21.429172</ele>
				<time>2026-09-05T00:53:53Z</time>
			</trkpt>
			<trkpt lat="35.392381" lon="139.583360">
				<speed>5.673989</speed>
				<ele>21.595953</ele>
				<time>2026-09-05T00:53:54Z</time>
			</trkpt>
			<trkpt lat="35.392332" lon="139.583327">
				<speed>6.021102</speed>
				<ele>22.025130</ele>
				<time>2026-09-05T00:53:55Z</time>
			</trkpt>
			<trkpt lat="35.392283" lon="139.583294">
				<speed>5.855272</speed>
				<ele>22.004546</ele>
				<time>2026-09-05T00:53:56Z</time>
			</trkpt>
			<trkpt lat="35.392233" lon="139.583263">
				<speed>5.961812</speed>
				<ele>21.715678</ele>
				<time>2026-09-05T00:53:57Z</time>
			</trkpt>
			<trkpt lat="35.392182" lon="139.583233">
				<speed>6.020828</speed>
				<ele>21.583064</ele>
				<time>2026-09-05T00:53:58Z</time>
			</trkpt>
			<trkpt lat="35.392132" lon="139.583204">
				<speed>5.914490</speed>
				<ele>21.653157</ele>
				<time>2026-09-05T00:53:59Z</time>
			</trkpt>
			<trkpt lat="35.392081" lon="139.583177">
				<speed>5.857594</speed>
				<ele>21.600418</ele>
				<time>2026-09-05T00:54:00Z</time>
			</trkpt>
			<trkpt lat="35.392030" lon="139.583150">
				<speed>5.894929</speed>
				<ele>21.736349</ele>
				<time>2026-09-05T00:54:01Z</time>
			</trkpt>
			<trkpt lat="35.391980" lon="139.583125">
				<speed>5.865507</speed>
				<ele>21.445956</ele>
				<time>2026-09-05T00:54:02Z</time>
			</trkpt>
			<trkpt lat="35.391929" lon="139.583101">
				<speed>5.729832</speed>
				<ele>21.787453</ele>
				<time>2026-09-05T00:54:03Z</time>
			</trkpt>
			<trkpt lat="35.391829" lon="139.583057">
				<speed>5.239501</speed>
				<ele>21.796853</ele>
				<time>2026-09-05T00:54:05Z</time>
			</trkpt>
			<trkpt lat="35.391738" lon="139.583024">
				<speed>4.305939</speed>
				<ele>22.277518</ele>
				<time>2026-09-05T00:54:07Z</time>
			</trkpt>
			<trkpt lat="35.391655" lon="139.582998">
				<speed>4.237871</speed>
				<ele>22.493770</ele>
				<time>2026-09-05T00:54:09Z</time>
			</trkpt>
			<trkpt lat="35.391579" lon="139.582976">
				<speed>4.297128</speed>
				<ele>22.454819</ele>
				<time>2026-09-05T00:54:11Z</time>
			</trkpt>
			<trkpt lat="35.391504" lon="139.582952">
				<speed>4.869947</speed>
				<ele>22.763851</ele>
				<time>2026-09-05T00:54:13Z</time>
			</trkpt>
			<trkpt lat="35.391427" lon="139.582926">
				<speed>4.749756</speed>
				<ele>23.403306</ele>
				<time>2026-09-05T00:54:15Z</time>
			</trkpt>
			<trkpt lat="35.391345" lon="139.582899">
				<speed>5.236869</speed>
				<ele>22.604115</ele>
				<time>2026-09-05T00:54:17Z</time>
			</trkpt>
			<trkpt lat="35.391259" lon="139.582873">
				<speed>4.981622</speed>
				<ele>22.723013</ele>
				<time>2026-09-05T00:54:19Z</time>
			</trkpt>
			<trkpt lat="35.391169" lon="139.582847">
				<speed>5.224933</speed>
				<ele>22.801051</ele>
				<time>2026-09-05T00:54:21Z</time>
			</trkpt>
			<trkpt lat="35.391075" lon="139.582820">
				<speed>5.513883</speed>
				<ele>22.244086</ele>
				<time>2026-09-05T00:54:23Z</time>
			</trkpt>
			<trkpt lat="35.390977" lon="139.582794">
				<speed>5.360297</speed>
				<ele>22.482433</ele>
				<time>2026-09-05T00:54:25Z</time>
			</trkpt>
			<trkpt lat="35.390883" lon="139.582770">
				<speed>4.868962</speed>
				<ele>22.422722</ele>
				<time>2026-09-05T00:54:27Z</time>
			</trkpt>
			<trkpt lat="35.390794" lon="139.582750">
				<speed>4.460244</speed>
				<ele>23.219034</ele>
				<time>2026-09-05T00:54:29Z</time>
			</trkpt>
			<trkpt lat="35.390710" lon="139.582732">
				<speed>4.400591</speed>
				<ele>22.512370</ele>
				<time>2026-09-05T00:54:31Z</time>
			</trkpt>
			<trkpt lat="35.390628" lon="139.582712">
				<speed>4.592184</speed>
				<ele>22.222435</ele>
				<time>2026-09-05T00:54:33Z</time>
			</trkpt>
			<trkpt lat="35.390549" lon="139.582693">
				<speed>4.452424</speed>
				<ele>22.112532</ele>
				<time>2026-09-05T00:54:35Z</time>
			</trkpt>
			<trkpt lat="35.390471" lon="139.582675">
				<speed>4.467388</speed>
				<ele>21.794657</ele>
				<time>2026-09-05T00:54:37Z</time>
			</trkpt>
			<trkpt lat="35.390393" lon="139.582656">
				<speed>4.380172</speed>
				<ele>21.787993</ele>
				<time>2026-09-05T00:54:39Z</time>
			</trkpt>
			<trkpt lat="35.390316" lon="139.582634">
				<speed>4.191878</speed>
				<ele>21.453483</ele>
				<time>2026-09-05T00:54:41Z</time>
			</trkpt>
			<trkpt lat="35.390243" lon="139.582612">
				<speed>4.055976</speed>
				<ele>21.734612</ele>
				<time>2026-09-05T00:54:43Z</time>
			</trkpt>
			<trkpt lat="35.390175" lon="139.582592">
				<speed>3.372448</speed>
				<ele>21.644745</ele>
				<time>2026-09-05T00:54:45Z</time>
			</trkpt>
			<trkpt lat="35.390117" lon="139.582578">
				<speed>2.450331</speed>
				<ele>21.613778</ele>
				<time>2026-09-05T00:54:47Z</time>
			</trkpt>
			<trkpt lat="35.390092" lon="139.582574">
				<speed>2.320031</speed>
				<ele>21.695120</ele>
				<time>2026-09-05T00:54:48Z</time>
			</trkpt>
			<trkpt lat="35.390029" lon="139.582566">
				<speed>3.752069</speed>
				<ele>22.069507</ele>
				<time>2026-09-05T00:55:10Z</time>
			</trkpt>
			<trkpt lat="35.389953" lon="139.582543">
				<speed>4.171779</speed>
				<ele>21.339994</ele>
				<time>2026-09-05T00:55:12Z</time>
			</trkpt>
			<trkpt lat="35.389859" lon="139.582515">
				<speed>3.645784</speed>
				<ele>21.820806</ele>
				<time>2026-09-05T00:55:14Z</time>
			</trkpt>
			<trkpt lat="35.389765" lon="139.582488">
				<speed>4.182016</speed>
				<ele>21.789386</ele>
				<time>2026-09-05T00:55:16Z</time>
			</trkpt>
			<trkpt lat="35.389675" lon="139.582460">
				<speed>4.456428</speed>
				<ele>21.784051</ele>
				<time>2026-09-05T00:55:18Z</time>
			</trkpt>
			<trkpt lat="35.389587" lon="139.582432">
				<speed>4.636781</speed>
				<ele>22.264498</ele>
				<time>2026-09-05T00:55:20Z</time>
			</trkpt>
			<trkpt lat="35.389500" lon="139.582405">
				<speed>4.623486</speed>
				<ele>22.098300</ele>
				<time>2026-09-05T00:55:22Z</time>
			</trkpt>
			<trkpt lat="35.389414" lon="139.582381">
				<speed>4.834045</speed>
				<ele>22.906423</ele>
				<time>2026-09-05T00:55:24Z</time>
			</trkpt>
			<trkpt lat="35.389329" lon="139.582360">
				<speed>4.720566</speed>
				<ele>22.731235</ele>
				<time>2026-09-05T00:55:26Z</time>
			</trkpt>
			<trkpt lat="35.389241" lon="139.582338">
				<speed>4.894880</speed>
				<ele>22.713452</ele>
				<time>2026-09-05T00:55:28Z</time>
			</trkpt>
			<trkpt lat="35.389154" lon="139.582317">
				<speed>4.769955</speed>
				<ele>22.669110</ele>
				<time>2026-09-05T00:55:30Z</time>
			</trkpt>
			<trkpt lat="35.389070" lon="139.582296">
				<speed>4.615001</speed>
				<ele>22.733332</ele>
				<time>2026-09-05T00:55:32Z</time>
			</trkpt>
			<trkpt lat="35.388986" lon="139.582273">
				<speed>4.512197</speed>
				<ele>23.067095</ele>
				<time>2026-09-05T00:55:34Z</time>
			</trkpt>
			<trkpt lat="35.388904" lon="139.582251">
				<speed>4.736255</speed>
				<ele>23.276060</ele>
				<time>2026-09-05T00:55:36Z</time>
			</trkpt>
			<trkpt lat="35.388822" lon="139.582228">
				<speed>4.736759</speed>
				<ele>23.361895</ele>
				<time>2026-09-05T00:55:38Z</time>
			</trkpt>
			<trkpt lat="35.388738" lon="139.582206">
				<speed>4.924866</speed>
				<ele>23.437106</ele>
				<time>2026-09-05T00:55:40Z</time>
			</trkpt>
			<trkpt lat="35.388652" lon="139.582184">
				<speed>5.001027</speed>
				<ele>23.527893</ele>
				<time>2026-09-05T00:55:42Z</time>
			</trkpt>
			<trkpt lat="35.388564" lon="139.582158">
				<speed>5.385516</speed>
				<ele>23.844267</ele>
				<time>2026-09-05T00:55:44Z</time>
			</trkpt>
			<trkpt lat="35.388474" lon="139.582133">
				<speed>5.106465</speed>
				<ele>24.315127</ele>
				<time>2026-09-05T00:55:46Z</time>
			</trkpt>
			<trkpt lat="35.388382" lon="139.582105">
				<speed>5.436153</speed>
				<ele>23.992102</ele>
				<time>2026-09-05T00:55:48Z</time>
			</trkpt>
			<trkpt lat="35.388290" lon="139.582077">
				<speed>4.855423</speed>
				<ele>24.600823</ele>
				<time>2026-09-05T00:55:50Z</time>
			</trkpt>
			<trkpt lat="35.388199" lon="139.582050">
				<speed>4.934112</speed>
				<ele>23.682692</ele>
				<time>2026-09-05T00:55:52Z</time>
			</trkpt>
			<trkpt lat="35.388108" lon="139.582022">
				<speed>5.037358</speed>
				<ele>23.605001</ele>
				<time>2026-09-05T00:55:54Z</time>
			</trkpt>
			<trkpt lat="35.388018" lon="139.581989">
				<speed>5.275502</speed>
				<ele>24.018962</ele>
				<time>2026-09-05T00:55:56Z</time>
			</trkpt>
			<trkpt lat="35.387927" lon="139.581954">
				<speed>5.108691</speed>
				<ele>24.460400</ele>
				<time>2026-09-05T00:55:58Z</time>
			</trkpt>
			<trkpt lat="35.387837" lon="139.581918">
				<speed>5.133992</speed>
				<ele>24.654254</ele>
				<time>2026-09-05T00:56:00Z</time>
			</trkpt>
			<trkpt lat="35.387753" lon="139.581881">
				<speed>4.085032</speed>
				<ele>24.795573</ele>
				<time>2026-09-05T00:56:02Z</time>
			</trkpt>
			<trkpt lat="35.387675" lon="139.581843">
				<speed>4.883383</speed>
				<ele>24.794640</ele>
				<time>2026-09-05T00:56:04Z</time>
			</trkpt>
			<trkpt lat="35.387597" lon="139.581800">
				<speed>5.044554</speed>
				<ele>24.681279</ele>
				<time>2026-09-05T00:56:06Z</time>
			</trkpt>
			<trkpt lat="35.387516" lon="139.581750">
				<speed>5.732429</speed>
				<ele>25.218635</ele>
				<time>2026-09-05T00:56:08Z</time>
			</trkpt>
			<trkpt lat="35.387433" lon="139.581694">
				<speed>4.922530</speed>
				<ele>25.031775</ele>
				<time>2026-09-05T00:56:10Z</time>
			</trkpt>
			<trkpt lat="35.387346" lon="139.581635">
				<speed>6.007524</speed>
				<ele>23.784364</ele>
				<time>2026-09-05T00:56:12Z</time>
			</trkpt>
			<trkpt lat="35.387253" lon="139.581576">
				<speed>5.848455</speed>
				<ele>23.411306</ele>
				<time>2026-09-05T00:56:14Z</time>
			</trkpt>
			<trkpt lat="35.387205" lon="139.581545">
				<speed>6.170198</speed>
				<ele>22.672935</ele>
				<time>2026-09-05T00:56:15Z</time>
			</trkpt>
			<trkpt lat="35.387111" lon="139.581484">
				<speed>5.320749</speed>
				<ele>23.327326</ele>
				<time>2026-09-05T00:56:17Z</time>
			</trkpt>
			<trkpt lat="35.387018" lon="139.581424">
				<speed>5.733487</speed>
				<ele>23.471866</ele>
				<time>2026-09-05T00:56:19Z</time>
			</trkpt>
			<trkpt lat="35.386925" lon="139.581364">
				<speed>6.038803</speed>
				<ele>23.165606</ele>
				<time>2026-09-05T00:56:21Z</time>
			</trkpt>
			<trkpt lat="35.386831" lon="139.581300">
				<speed>5.689123</speed>
				<ele>23.618035</ele>
				<time>2026-09-05T00:56:23Z</time>
			</trkpt>
			<trkpt lat="35.386738" lon="139.581236">
				<speed>5.898252</speed>
				<ele>23.742024</ele>
				<time>2026-09-05T00:56:25Z</time>
			</trkpt>
			<trkpt lat="35.386643" lon="139.581172">
				<speed>5.862547</speed>
				<ele>23.583950</ele>
				<time>2026-09-05T00:56:27Z</time>
			</trkpt>
			<trkpt lat="35.386552" lon="139.581112">
				<speed>5.189830</speed>
				<ele>23.365790</ele>
				<time>2026-09-05T00:56:29Z</time>
			</trkpt>
			<trkpt lat="35.386473" lon="139.581060">
				<speed>3.552933</speed>
				<ele>23.332753</ele>
				<time>2026-09-05T00:56:31Z</time>
			</trkpt>
			<trkpt lat="35.386413" lon="139.581020">
				<speed>2.245034</speed>
				<ele>23.179822</ele>
				<time>2026-09-05T00:56:33Z</time>
			</trkpt>
			<trkpt lat="35.386349" lon="139.580984">
				<speed>4.008482</speed>
				<ele>22.222209</ele>
				<time>2026-09-05T00:57:03Z</time>
			</trkpt>
			<trkpt lat="35.386166" lon="139.580870">
				<speed>5.046852</speed>
				<ele>22.583625</ele>
				<time>2026-09-05T00:57:06Z</time>
			</trkpt>
			<trkpt lat="35.386112" lon="139.580835">
				<speed>4.323141</speed>
				<ele>22.672652</ele>
				<time>2026-09-05T00:57:11Z</time>
			</trkpt>
			<trkpt lat="35.386051" lon="139.580796">
				<speed>3.743537</speed>
				<ele>22.901613</ele>
				<time>2026-09-05T00:57:13Z</time>
			</trkpt>
			<trkpt lat="35.385953" lon="139.580733">
				<speed>3.812285</speed>
				<ele>22.791086</ele>
				<time>2026-09-05T00:57:15Z</time>
			</trkpt>
			<trkpt lat="35.385900" lon="139.580699">
				<speed>3.859215</speed>
				<ele>23.077790</ele>
				<time>2026-09-05T00:57:16Z</time>
			</trkpt>
			<trkpt lat="35.385849" lon="139.580668">
				<speed>3.130176</speed>
				<ele>22.984615</ele>
				<time>2026-09-05T00:57:17Z</time>
			</trkpt>
			<trkpt lat="35.385803" lon="139.580642">
				<speed>2.489677</speed>
				<ele>23.169801</ele>
				<time>2026-09-05T00:57:18Z</time>
			</trkpt>
			<trkpt lat="35.385721" lon="139.580651">
				<speed>1.469544</speed>
				<ele>24.201022</ele>
				<time>2026-09-05T00:57:25Z</time>
			</trkpt>
			<trkpt lat="35.385677" lon="139.580686">
				<speed>1.289517</speed>
				<ele>26.661442</ele>
				<time>2026-09-05T00:57:34Z</time>
			</trkpt>
			<trkpt lat="35.385641" lon="139.580712">
				<speed>1.183441</speed>
				<ele>27.177653</ele>
				<time>2026-09-05T00:57:36Z</time>
			</trkpt>
			<trkpt lat="35.385595" lon="139.580736">
				<speed>1.145682</speed>
				<ele>26.901314</ele>
				<time>2026-09-05T00:57:39Z</time>
			</trkpt>
			<trkpt lat="35.385611" lon="139.580691">
				<speed>1.102379</speed>
				<ele>27.896581</ele>
				<time>2026-09-05T00:57:49Z</time>
			</trkpt>
			<trkpt lat="35.385616" lon="139.580643">
				<speed>1.266644</speed>
				<ele>28.078626</ele>
				<time>2026-09-05T00:57:54Z</time>
			</trkpt>
			<trkpt lat="35.385586" lon="139.580617">
				<speed>2.323635</speed>
				<ele>27.696943</ele>
				<time>2026-09-05T00:57:57Z</time>
			</trkpt>
			<trkpt lat="35.385551" lon="139.580597">
				<speed>2.340629</speed>
				<ele>27.644530</ele>
				<time>2026-09-05T00:57:59Z</time>
			</trkpt>
			<trkpt lat="35.385509" lon="139.580574">
				<speed>2.143669</speed>
				<ele>27.651155</ele>
				<time>2026-09-05T00:58:01Z</time>
			</trkpt>
			<trkpt lat="35.385462" lon="139.580549">
				<speed>2.399293</speed>
				<ele>27.493151</ele>
				<time>2026-09-05T00:58:03Z</time>
			</trkpt>
			<trkpt lat="35.385413" lon="139.580521">
				<speed>1.985404</speed>
				<ele>27.751794</ele>
				<time>2026-09-05T00:58:05Z</time>
			</trkpt>
			<trkpt lat="35.385369" lon="139.580494">
				<speed>1.194787</speed>
				<ele>28.886376</ele>
				<time>2026-09-05T00:58:10Z</time>
			</trkpt>
			<trkpt lat="35.385337" lon="139.580459">
				<speed>1.270843</speed>
				<ele>27.918638</ele>
				<time>2026-09-05T00:58:14Z</time>
			</trkpt>
			<trkpt lat="35.385310" lon="139.580423">
				<speed>1.210742</speed>
				<ele>26.986230</ele>
				<time>2026-09-05T00:58:17Z</time>
			</trkpt>
			<trkpt lat="35.385277" lon="139.580381">
				<speed>1.418123</speed>
				<ele>25.953476</ele>
				<time>2026-09-05T00:58:21Z</time>
			</trkpt>
			<trkpt lat="35.385251" lon="139.580351">
				<speed>1.800975</speed>
				<ele>25.844921</ele>
				<time>2026-09-05T00:58:24Z</time>
			</trkpt>
			<trkpt lat="35.385218" lon="139.580319">
				<speed>2.082540</speed>
				<ele>25.465185</ele>
				<time>2026-09-05T00:58:27Z</time>
			</trkpt>
			<trkpt lat="35.385163" lon="139.580272">
				<speed>3.663649</speed>
				<ele>25.679453</ele>
				<time>2026-09-05T00:58:30Z</time>
			</trkpt>
			<trkpt lat="35.385112" lon="139.580232">
				<speed>3.793914</speed>
				<ele>25.595404</ele>
				<time>2026-09-05T00:58:32Z</time>
			</trkpt>
			<trkpt lat="35.385054" lon="139.580191">
				<speed>3.583880</speed>
				<ele>26.020773</ele>
				<time>2026-09-05T00:58:34Z</time>
			</trkpt>
			<trkpt lat="35.384992" lon="139.580148">
				<speed>3.820858</speed>
				<ele>25.680227</ele>
				<time>2026-09-05T00:58:36Z</time>
			</trkpt>
			<trkpt lat="35.384926" lon="139.580103">
				<speed>3.825966</speed>
				<ele>26.161465</ele>
				<time>2026-09-05T00:58:38Z</time>
			</trkpt>
			<trkpt lat="35.384861" lon="139.580055">
				<speed>3.738084</speed>
				<ele>27.163231</ele>
				<time>2026-09-05T00:58:40Z</time>
			</trkpt>
			<trkpt lat="35.384795" lon="139.580005">
				<speed>4.092384</speed>
				<ele>26.698949</ele>
				<time>2026-09-05T00:58:42Z</time>
			</trkpt>
			<trkpt lat="35.384728" lon="139.579954">
				<speed>3.799868</speed>
				<ele>26.303887</ele>
				<time>2026-09-05T00:58:44Z</time>
			</trkpt>
			<trkpt lat="35.384663" lon="139.579905">
				<speed>3.926604</speed>
				<ele>26.252832</ele>
				<time>2026-09-05T00:58:46Z</time>
			</trkpt>
			<trkpt lat="35.384598" lon="139.579856">
				<speed>4.074579</speed>
				<ele>26.337470</ele>
				<time>2026-09-05T00:58:48Z</time>
			</trkpt>
			<trkpt lat="35.384533" lon="139.579809">
				<speed>3.837420</speed>
				<ele>26.537339</ele>
				<time>2026-09-05T00:58:50Z</time>
			</trkpt>
			<trkpt lat="35.384473" lon="139.579766">
				<speed>3.150076</speed>
				<ele>26.057050</ele>
				<time>2026-09-05T00:58:52Z</time>
			</trkpt>
			<trkpt lat="35.384447" lon="139.579748">
				<speed>2.416646</speed>
				<ele>26.056207</ele>
				<time>2026-09-05T00:58:53Z</time>
			</trkpt>
			<trkpt lat="35.384406" lon="139.579723">
				<speed>1.957342</speed>
				<ele>25.024376</ele>
				<time>2026-09-05T00:59:11Z</time>
			</trkpt>
			<trkpt lat="35.384360" lon="139.579688">
				<speed>3.545575</speed>
				<ele>25.116976</ele>
				<time>2026-09-05T00:59:14Z</time>
			</trkpt>
			<trkpt lat="35.384296" lon="139.579635">
				<speed>3.597112</speed>
				<ele>25.809378</ele>
				<time>2026-09-05T00:59:17Z</time>
			</trkpt>
			<trkpt lat="35.384245" lon="139.579596">
				<speed>3.908443</speed>
				<ele>26.077951</ele>
				<time>2026-09-05T00:59:19Z</time>
			</trkpt>
			<trkpt lat="35.384185" lon="139.579550">
				<speed>4.166703</speed>
				<ele>25.992966</ele>
				<time>2026-09-05T00:59:21Z</time>
			</trkpt>
			<trkpt lat="35.384119" lon="139.579499">
				<speed>4.186836</speed>
				<ele>26.631510</ele>
				<time>2026-09-05T00:59:23Z</time>
			</trkpt>
			<trkpt lat="35.384048" lon="139.579441">
				<speed>4.624911</speed>
				<ele>26.854673</ele>
				<time>2026-09-05T00:59:25Z</time>
			</trkpt>
			<trkpt lat="35.383976" lon="139.579377">
				<speed>4.748937</speed>
				<ele>26.833675</ele>
				<time>2026-09-05T00:59:27Z</time>
			</trkpt>
			<trkpt lat="35.383902" lon="139.579309">
				<speed>5.020914</speed>
				<ele>27.218886</ele>
				<time>2026-09-05T00:59:29Z</time>
			</trkpt>
			<trkpt lat="35.383826" lon="139.579237">
				<speed>5.167748</speed>
				<ele>27.824609</ele>
				<time>2026-09-05T00:59:31Z</time>
			</trkpt>
			<trkpt lat="35.383753" lon="139.579161">
				<speed>4.996825</speed>
				<ele>28.047172</ele>
				<time>2026-09-05T00:59:33Z</time>
			</trkpt>
			<trkpt lat="35.383682" lon="139.579079">
				<speed>5.232892</speed>
				<ele>27.920436</ele>
				<time>2026-09-05T00:59:35Z</time>
			</trkpt>
			<trkpt lat="35.383615" lon="139.578993">
				<speed>5.349876</speed>
				<ele>28.091042</ele>
				<time>2026-09-05T00:59:37Z</time>
			</trkpt>
			<trkpt lat="35.383549" lon="139.578904">
				<speed>5.362121</speed>
				<ele>28.438561</ele>
				<time>2026-09-05T00:59:39Z</time>
			</trkpt>
			<trkpt lat="35.383486" lon="139.578815">
				<speed>4.947362</speed>
				<ele>28.262848</ele>
				<time>2026-09-05T00:59:41Z</time>
			</trkpt>
			<trkpt lat="35.383429" lon="139.578725">
				<speed>4.951268</speed>
				<ele>28.482663</ele>
				<time>2026-09-05T00:59:43Z</time>
			</trkpt>
			<trkpt lat="35.383374" lon="139.578633">
				<speed>5.320242</speed>
				<ele>28.194780</ele>
				<time>2026-09-05T00:59:45Z</time>
			</trkpt>
			<trkpt lat="35.383321" lon="139.578536">
				<speed>5.428203</speed>
				<ele>28.720868</ele>
				<time>2026-09-05T00:59:47Z</time>
			</trkpt>
			<trkpt lat="35.383271" lon="139.578435">
				<speed>5.490430</speed>
				<ele>28.492407</ele>
				<time>2026-09-05T00:59:49Z</time>
			</trkpt>
			<trkpt lat="35.383222" lon="139.578332">
				<speed>5.479588</speed>
				<ele>28.631439</ele>
				<time>2026-09-05T00:59:51Z</time>
			</trkpt>
			<trkpt lat="35.383176" lon="139.578226">
				<speed>5.446417</speed>
				<ele>28.773288</ele>
				<time>2026-09-05T00:59:53Z</time>
			</trkpt>
			<trkpt lat="35.383133" lon="139.578119">
				<speed>5.468300</speed>
				<ele>28.990354</ele>
				<time>2026-09-05T00:59:55Z</time>
			</trkpt>
			<trkpt lat="35.383093" lon="139.578011">
				<speed>5.125772</speed>
				<ele>29.221769</ele>
				<time>2026-09-05T00:59:57Z</time>
			</trkpt>
			<trkpt lat="35.383057" lon="139.577905">
				<speed>5.201904</speed>
				<ele>29.704040</ele>
				<time>2026-09-05T00:59:59Z</time>
			</trkpt>
			<trkpt lat="35.383024" lon="139.577799">
				<speed>5.140322</speed>
				<ele>29.837665</ele>
				<time>2026-09-05T01:00:01Z</time>
			</trkpt>
			<trkpt lat="35.382993" lon="139.577691">
				<speed>5.263950</speed>
				<ele>29.791698</ele>
				<time>2026-09-05T01:00:03Z</time>
			</trkpt>
			<trkpt lat="35.382965" lon="139.577579">
				<speed>5.437772</speed>
				<ele>29.997167</ele>
				<time>2026-09-05T01:00:05Z</time>
			</trkpt>
			<trkpt lat="35.382936" lon="139.577463">
				<speed>6.035347</speed>
				<ele>29.661524</ele>
				<time>2026-09-05T01:00:07Z</time>
			</trkpt>
			<trkpt lat="35.382906" lon="139.577343">
				<speed>5.975223</speed>
				<ele>29.812575</ele>
				<time>2026-09-05T01:00:09Z</time>
			</trkpt>
			<trkpt lat="35.382879" lon="139.577218">
				<speed>5.961689</speed>
				<ele>29.809586</ele>
				<time>2026-09-05T01:00:11Z</time>
			</trkpt>
			<trkpt lat="35.382867" lon="139.577094">
				<speed>4.911900</speed>
				<ele>29.327491</ele>
				<time>2026-09-05T01:00:13Z</time>
			</trkpt>
			<trkpt lat="35.382863" lon="139.576965">
				<speed>6.434889</speed>
				<ele>29.649196</ele>
				<time>2026-09-05T01:00:15Z</time>
			</trkpt>
			<trkpt lat="35.382862" lon="139.576897">
				<speed>6.579041</speed>
				<ele>30.484814</ele>
				<time>2026-09-05T01:00:16Z</time>
			</trkpt>
			<trkpt lat="35.382861" lon="139.576827">
				<speed>6.329079</speed>
				<ele>30.272121</ele>
				<time>2026-09-05T01:00:17Z</time>
			</trkpt>
			<trkpt lat="35.382861" lon="139.576757">
				<speed>6.154561</speed>
				<ele>30.045947</ele>
				<time>2026-09-05T01:00:18Z</time>
			</trkpt>
			<trkpt lat="35.382860" lon="139.576687">
				<speed>6.297786</speed>
				<ele>29.995045</ele>
				<time>2026-09-05T01:00:19Z</time>
			</trkpt>
			<trkpt lat="35.382860" lon="139.576616">
				<speed>6.237254</speed>
				<ele>30.313390</ele>
				<time>2026-09-05T01:00:20Z</time>
			</trkpt>
			<trkpt lat="35.382860" lon="139.576546">
				<speed>6.248174</speed>
				<ele>30.525746</ele>
				<time>2026-09-05T01:00:21Z</time>
			</trkpt>
			<trkpt lat="35.382860" lon="139.576475">
				<speed>6.262407</speed>
				<ele>30.533736</ele>
				<time>2026-09-05T01:00:22Z</time>
			</trkpt>
			<trkpt lat="35.382860" lon="139.576405">
				<speed>6.030007</speed>
				<ele>30.528768</ele>
				<time>2026-09-05T01:00:23Z</time>
			</trkpt>
			<trkpt lat="35.382859" lon="139.576337">
				<speed>6.024121</speed>
				<ele>30.662021</ele>
				<time>2026-09-05T01:00:24Z</time>
			</trkpt>
			<trkpt lat="35.382858" lon="139.576269">
				<speed>6.003204</speed>
				<ele>30.801135</ele>
				<time>2026-09-05T01:00:25Z</time>
			</trkpt>
			<trkpt lat="35.382857" lon="139.576201">
				<speed>6.044754</speed>
				<ele>31.064259</ele>
				<time>2026-09-05T01:00:26Z</time>
			</trkpt>
			<trkpt lat="35.382856" lon="139.576134">
				<speed>5.906451</speed>
				<ele>31.199590</ele>
				<time>2026-09-05T01:00:27Z</time>
			</trkpt>
			<trkpt lat="35.382854" lon="139.576068">
				<speed>5.893210</speed>
				<ele>31.513433</ele>
				<time>2026-09-05T01:00:28Z</time>
			</trkpt>
			<trkpt lat="35.382849" lon="139.575937">
				<speed>5.822348</speed>
				<ele>31.646459</ele>
				<time>2026-09-05T01:00:30Z</time>
			</trkpt>
			<trkpt lat="35.382842" lon="139.575809">
				<speed>5.778002</speed>
				<ele>31.650523</ele>
				<time>2026-09-05T01:00:32Z</time>
			</trkpt>
			<trkpt lat="35.382834" lon="139.575682">
				<speed>5.837509</speed>
				<ele>31.895106</ele>
				<time>2026-09-05T01:00:34Z</time>
			</trkpt>
			<trkpt lat="35.382824" lon="139.575554">
				<speed>5.759093</speed>
				<ele>31.847024</ele>
				<time>2026-09-05T01:00:36Z</time>
			</trkpt>
			<trkpt lat="35.382810" lon="139.575428">
				<speed>5.816146</speed>
				<ele>31.541604</ele>
				<time>2026-09-05T01:00:38Z</time>
			</trkpt>
			<trkpt lat="35.382791" lon="139.575304">
				<speed>5.646644</speed>
				<ele>31.398952</ele>
				<time>2026-09-05T01:00:40Z</time>
			</trkpt>
			<trkpt lat="35.382766" lon="139.575181">
				<speed>5.735225</speed>
				<ele>31.556377</ele>
				<time>2026-09-05T01:00:42Z</time>
			</trkpt>
			<trkpt lat="35.382736" lon="139.575062">
				<speed>5.578071</speed>
				<ele>31.675519</ele>
				<time>2026-09-05T01:00:44Z</time>
			</trkpt>
			<trkpt lat="35.382699" lon="139.574946">
				<speed>5.467408</speed>
				<ele>31.783693</ele>
				<time>2026-09-05T01:00:46Z</time>
			</trkpt>
			<trkpt lat="35.382659" lon="139.574835">
				<speed>5.340225</speed>
				<ele>32.477467</ele>
				<time>2026-09-05T01:00:48Z</time>
			</trkpt>
			<trkpt lat="35.382614" lon="139.574728">
				<speed>5.416978</speed>
				<ele>32.650512</ele>
				<time>2026-09-05T01:00:50Z</time>
			</trkpt>
			<trkpt lat="35.382564" lon="139.574628">
				<speed>4.840355</speed>
				<ele>32.615018</ele>
				<time>2026-09-05T01:00:52Z</time>
			</trkpt>
			<trkpt lat="35.382513" lon="139.574538">
				<speed>4.518873</speed>
				<ele>32.620697</ele>
				<time>2026-09-05T01:00:54Z</time>
			</trkpt>
			<trkpt lat="35.382463" lon="139.574458">
				<speed>3.868716</speed>
				<ele>32.906115</ele>
				<time>2026-09-05T01:00:56Z</time>
			</trkpt>
			<trkpt lat="35.382418" lon="139.574397">
				<speed>2.559863</speed>
				<ele>32.984200</ele>
				<time>2026-09-05T01:00:58Z</time>
			</trkpt>
			<trkpt lat="35.382382" lon="139.574423">
				<speed>1.930140</speed>
				<ele>33.091318</ele>
				<time>2026-09-05T01:01:07Z</time>
			</trkpt>
			<trkpt lat="35.382283" lon="139.574291">
				<speed>3.768117</speed>
				<ele>34.078748</ele>
				<time>2026-09-05T01:01:12Z</time>
			</trkpt>
			<trkpt lat="35.382231" lon="139.574234">
				<speed>3.676933</speed>
				<ele>33.831348</ele>
				<time>2026-09-05T01:01:19Z</time>
			</trkpt>
			<trkpt lat="35.382165" lon="139.574158">
				<speed>3.311970</speed>
				<ele>34.208594</ele>
				<time>2026-09-05T01:01:21Z</time>
			</trkpt>
			<trkpt lat="35.382091" lon="139.574069">
				<speed>4.102574</speed>
				<ele>34.233231</ele>
				<time>2026-09-05T01:01:23Z</time>
			</trkpt>
			<trkpt lat="35.382020" lon="139.573973">
				<speed>4.322264</speed>
				<ele>34.121389</ele>
				<time>2026-09-05T01:01:25Z</time>
			</trkpt>
			<trkpt lat="35.381955" lon="139.573881">
				<speed>4.321335</speed>
				<ele>33.959297</ele>
				<time>2026-09-05T01:01:27Z</time>
			</trkpt>
			<trkpt lat="35.381895" lon="139.573795">
				<speed>4.461365</speed>
				<ele>34.125166</ele>
				<time>2026-09-05T01:01:29Z</time>
			</trkpt>
			<trkpt lat="35.381835" lon="139.573710">
				<speed>4.959849</speed>
				<ele>33.696154</ele>
				<time>2026-09-05T01:01:31Z</time>
			</trkpt>
			<trkpt lat="35.381775" lon="139.573625">
				<speed>4.880510</speed>
				<ele>33.869125</ele>
				<time>2026-09-05T01:01:33Z</time>
			</trkpt>
			<trkpt lat="35.381715" lon="139.573545">
				<speed>4.328143</speed>
				<ele>34.462055</ele>
				<time>2026-09-05T01:01:35Z</time>
			</trkpt>
			<trkpt lat="35.381660" lon="139.573465">
				<speed>4.614337</speed>
				<ele>32.778281</ele>
				<time>2026-09-05T01:01:37Z</time>
			</trkpt>
			<trkpt lat="35.381607" lon="139.573385">
				<speed>4.768631</speed>
				<ele>33.546862</ele>
				<time>2026-09-05T01:01:39Z</time>
			</trkpt>
			<trkpt lat="35.381553" lon="139.573308">
				<speed>4.553529</speed>
				<ele>33.899967</ele>
				<time>2026-09-05T01:01:41Z</time>
			</trkpt>
			<trkpt lat="35.381503" lon="139.573232">
				<speed>4.305667</speed>
				<ele>33.898897</ele>
				<time>2026-09-05T01:01:43Z</time>
			</trkpt>
			<trkpt lat="35.381450" lon="139.573160">
				<speed>4.544683</speed>
				<ele>34.346994</ele>
				<time>2026-09-05T01:01:45Z</time>
			</trkpt>
			<trkpt lat="35.381394" lon="139.573093">
				<speed>4.152672</speed>
				<ele>34.614037</ele>
				<time>2026-09-05T01:01:47Z</time>
			</trkpt>
			<trkpt lat="35.381342" lon="139.573028">
				<speed>3.893356</speed>
				<ele>33.776506</ele>
				<time>2026-09-05T01:01:49Z</time>
			</trkpt>
			<trkpt lat="35.381295" lon="139.572966">
				<speed>2.877882</speed>
				<ele>35.217100</ele>
				<time>2026-09-05T01:01:51Z</time>
			</trkpt>
			<trkpt lat="35.381249" lon="139.572905">
				<speed>4.322276</speed>
				<ele>35.002977</ele>
				<time>2026-09-05T01:01:53Z</time>
			</trkpt>
			<trkpt lat="35.381198" lon="139.572838">
				<speed>4.508257</speed>
				<ele>34.330968</ele>
				<time>2026-09-05T01:01:55Z</time>
			</trkpt>
			<trkpt lat="35.381146" lon="139.572769">
				<speed>4.262941</speed>
				<ele>34.629362</ele>
				<time>2026-09-05T01:01:57Z</time>
			</trkpt>
			<trkpt lat="35.381092" lon="139.572700">
				<speed>4.191287</speed>
				<ele>35.258915</ele>
				<time>2026-09-05T01:01:59Z</time>
			</trkpt>
			<trkpt lat="35.381037" lon="139.572631">
				<speed>4.084590</speed>
				<ele>35.304335</ele>
				<time>2026-09-05T01:02:01Z</time>
			</trkpt>
			<trkpt lat="35.380984" lon="139.572560">
				<speed>4.101455</speed>
				<ele>35.394848</ele>
				<time>2026-09-05T01:02:03Z</time>
			</trkpt>
			<trkpt lat="35.380933" lon="139.572490">
				<speed>4.013856</speed>
				<ele>35.491478</ele>
				<time>2026-09-05T01:02:05Z</time>
			</trkpt>
			<trkpt lat="35.380884" lon="139.572420">
				<speed>4.056962</speed>
				<ele>35.279762</ele>
				<time>2026-09-05T01:02:07Z</time>
			</trkpt>
			<trkpt lat="35.380835" lon="139.572350">
				<speed>4.191879</speed>
				<ele>35.219358</ele>
				<time>2026-09-05T01:02:09Z</time>
			</trkpt>
			<trkpt lat="35.380785" lon="139.572282">
				<speed>4.135308</speed>
				<ele>35.014324</ele>
				<time>2026-09-05T01:02:11Z</time>
			</trkpt>
			<trkpt lat="35.380736" lon="139.572215">
				<speed>3.911525</speed>
				<ele>35.753115</ele>
				<time>2026-09-05T01:02:13Z</time>
			</trkpt>
			<trkpt lat="35.380688" lon="139.572147">
				<speed>4.014685</speed>
				<ele>36.629665</ele>
				<time>2026-09-05T01:02:15Z</time>
			</trkpt>
			<trkpt lat="35.380641" lon="139.572078">
				<speed>4.077721</speed>
				<ele>36.848217</ele>
				<time>2026-09-05T01:02:17Z</time>
			</trkpt>
			<trkpt lat="35.380593" lon="139.572009">
				<speed>4.013861</speed>
				<ele>37.185153</ele>
				<time>2026-09-05T01:02:19Z</time>
			</trkpt>
			<trkpt lat="35.380545" lon="139.571941">
				<speed>4.024915</speed>
				<ele>37.508133</ele>
				<time>2026-09-05T01:02:21Z</time>
			</trkpt>
			<trkpt lat="35.380495" lon="139.571876">
				<speed>3.666176</speed>
				<ele>38.055144</ele>
				<time>2026-09-05T01:02:23Z</time>
			</trkpt>
			<trkpt lat="35.380449" lon="139.571820">
				<speed>3.513827</speed>
				<ele>36.836758</ele>
				<time>2026-09-05T01:02:25Z</time>
			</trkpt>
			<trkpt lat="35.380404" lon="139.571762">
				<speed>3.984519</speed>
				<ele>37.001667</ele>
				<time>2026-09-05T01:02:27Z</time>
			</trkpt>
			<trkpt lat="35.380357" lon="139.571703">
				<speed>3.808779</speed>
				<ele>37.659283</ele>
				<time>2026-09-05T01:02:29Z</time>
			</trkpt>
			<trkpt lat="35.380312" lon="139.571643">
				<speed>3.742819</speed>
				<ele>37.972477</ele>
				<time>2026-09-05T01:02:31Z</time>
			</trkpt>
			<trkpt lat="35.380266" lon="139.571582">
				<speed>3.995988</speed>
				<ele>37.804554</ele>
				<time>2026-09-05T01:02:33Z</time>
			</trkpt>
			<trkpt lat="35.380217" lon="139.571519">
				<speed>3.861344</speed>
				<ele>38.060473</ele>
				<time>2026-09-05T01:02:35Z</time>
			</trkpt>
			<trkpt lat="35.380169" lon="139.571454">
				<speed>3.700049</speed>
				<ele>38.519609</ele>
				<time>2026-09-05T01:02:37Z</time>
			</trkpt>
			<trkpt lat="35.380125" lon="139.571390">
				<speed>3.802944</speed>
				<ele>38.893722</ele>
				<time>2026-09-05T01:02:39Z</time>
			</trkpt>
			<trkpt lat="35.380079" lon="139.571324">
				<speed>3.926591</speed>
				<ele>38.561336</ele>
				<time>2026-09-05T01:02:41Z</time>
			</trkpt>
			<trkpt lat="35.380034" lon="139.571257">
				<speed>4.094738</speed>
				<ele>38.766946</ele>
				<time>2026-09-05T01:02:43Z</time>
			</trkpt>
			<trkpt lat="35.379988" lon="139.571188">
				<speed>4.093203</speed>
				<ele>38.633129</ele>
				<time>2026-09-05T01:02:45Z</time>
			</trkpt>
			<trkpt lat="35.379940" lon="139.571121">
				<speed>4.104121</speed>
				<ele>38.571730</ele>
				<time>2026-09-05T01:02:47Z</time>
			</trkpt>
			<trkpt lat="35.379888" lon="139.571054">
				<speed>4.409165</speed>
				<ele>38.744792</ele>
				<time>2026-09-05T01:02:49Z</time>
			</trkpt>
			<trkpt lat="35.379834" lon="139.570989">
				<speed>4.239478</speed>
				<ele>39.116271</ele>
				<time>2026-09-05T01:02:51Z</time>
			</trkpt>
			<trkpt lat="35.379778" lon="139.570924">
				<speed>4.438148</speed>
				<ele>38.836502</ele>
				<time>2026-09-05T01:02:53Z</time>
			</trkpt>
			<trkpt lat="35.379720" lon="139.570861">
				<speed>3.775484</speed>
				<ele>38.931085</ele>
				<time>2026-09-05T01:02:55Z</time>
			</trkpt>
			<trkpt lat="35.379665" lon="139.570799">
				<speed>4.236181</speed>
				<ele>38.164783</ele>
				<time>2026-09-05T01:02:57Z</time>
			</trkpt>
			<trkpt lat="35.379609" lon="139.570737">
				<speed>4.058223</speed>
				<ele>38.903532</ele>
				<time>2026-09-05T01:02:59Z</time>
			</trkpt>
			<trkpt lat="35.379550" lon="139.570674">
				<speed>4.436044</speed>
				<ele>39.196816</ele>
				<time>2026-09-05T01:03:01Z</time>
			</trkpt>
			<trkpt lat="35.379488" lon="139.570610">
				<speed>4.776899</speed>
				<ele>39.624145</ele>
				<time>2026-09-05T01:03:03Z</time>
			</trkpt>
			<trkpt lat="35.379421" lon="139.570544">
				<speed>4.843041</speed>
				<ele>39.934702</ele>
				<time>2026-09-05T01:03:05Z</time>
			</trkpt>
			<trkpt lat="35.379353" lon="139.570478">
				<speed>4.634802</speed>
				<ele>39.895671</ele>
				<time>2026-09-05T01:03:07Z</time>
			</trkpt>
			<trkpt lat="35.379285" lon="139.570414">
				<speed>4.373098</speed>
				<ele>40.114511</ele>
				<time>2026-09-05T01:03:09Z</time>
			</trkpt>
			<trkpt lat="35.379215" lon="139.570356">
				<speed>4.845842</speed>
				<ele>40.778868</ele>
				<time>2026-09-05T01:03:11Z</time>
			</trkpt>
			<trkpt lat="35.379141" lon="139.570294">
				<speed>4.852589</speed>
				<ele>41.697557</ele>
				<time>2026-09-05T01:03:13Z</time>
			</trkpt>
			<trkpt lat="35.379067" lon="139.570236">
				<speed>4.624730</speed>
				<ele>41.681180</ele>
				<time>2026-09-05T01:03:15Z</time>
			</trkpt>
			<trkpt lat="35.378995" lon="139.570178">
				<speed>4.501378</speed>
				<ele>41.460597</ele>
				<time>2026-09-05T01:03:17Z</time>
			</trkpt>
			<trkpt lat="35.378925" lon="139.570123">
				<speed>4.232354</speed>
				<ele>41.815183</ele>
				<time>2026-09-05T01:03:19Z</time>
			</trkpt>
			<trkpt lat="35.378861" lon="139.570071">
				<speed>3.588910</speed>
				<ele>41.910139</ele>
				<time>2026-09-05T01:03:21Z</time>
			</trkpt>
			<trkpt lat="35.378801" lon="139.570021">
				<speed>3.822206</speed>
				<ele>41.782317</ele>
				<time>2026-09-05T01:03:23Z</time>
			</trkpt>
			<trkpt lat="35.378742" lon="139.569970">
				<speed>4.308555</speed>
				<ele>41.892318</ele>
				<time>2026-09-05T01:03:25Z</time>
			</trkpt>
			<trkpt lat="35.378680" lon="139.569916">
				<speed>4.560128</speed>
				<ele>42.194070</ele>
				<time>2026-09-05T01:03:27Z</time>
			</trkpt>
			<trkpt lat="35.378617" lon="139.569864">
				<speed>3.691238</speed>
				<ele>42.373438</ele>
				<time>2026-09-05T01:03:29Z</time>
			</trkpt>
			<trkpt lat="35.378558" lon="139.569819">
				<speed>3.522647</speed>
				<ele>42.532453</ele>
				<time>2026-09-05T01:03:31Z</time>
			</trkpt>
			<trkpt lat="35.378504" lon="139.569781">
				<speed>2.785045</speed>
				<ele>42.304242</ele>
				<time>2026-09-05T01:03:33Z</time>
			</trkpt>
			<trkpt lat="35.378459" lon="139.569779">
				<speed>2.020875</speed>
				<ele>42.466728</ele>
				<time>2026-09-05T01:04:17Z</time>
			</trkpt>
			<trkpt lat="35.378386" lon="139.569732">
				<speed>3.123795</speed>
				<ele>42.482591</ele>
				<time>2026-09-05T01:04:24Z</time>
			</trkpt>
			<trkpt lat="35.378287" lon="139.569664">
				<speed>3.123795</speed>
				<ele>41.954865</ele>
				<time>2026-09-05T01:04:25Z</time>
			</trkpt>
			<trkpt lat="35.378237" lon="139.569630">
				<speed>3.741961</speed>
				<ele>42.693494</ele>
				<time>2026-09-05T01:04:30Z</time>
			</trkpt>
			<trkpt lat="35.378190" lon="139.569596">
				<speed>3.714181</speed>
				<ele>42.425452</ele>
				<time>2026-09-05T01:04:32Z</time>
			</trkpt>
			<trkpt lat="35.378105" lon="139.569534">
				<speed>3.794274</speed>
				<ele>42.412307</ele>
				<time>2026-09-05T01:04:34Z</time>
			</trkpt>
			<trkpt lat="35.378056" lon="139.569498">
				<speed>4.012078</speed>
				<ele>43.724243</ele>
				<time>2026-09-05T01:04:35Z</time>
			</trkpt>
			<trkpt lat="35.378005" lon="139.569461">
				<speed>4.229856</speed>
				<ele>43.477895</ele>
				<time>2026-09-05T01:04:36Z</time>
			</trkpt>
			<trkpt lat="35.377955" lon="139.569424">
				<speed>4.201393</speed>
				<ele>43.782865</ele>
				<time>2026-09-05T01:04:37Z</time>
			</trkpt>
			<trkpt lat="35.377905" lon="139.569387">
				<speed>4.744727</speed>
				<ele>43.914945</ele>
				<time>2026-09-05T01:04:38Z</time>
			</trkpt>
			<trkpt lat="35.377857" lon="139.569351">
				<speed>4.471683</speed>
				<ele>44.421841</ele>
				<time>2026-09-05T01:04:39Z</time>
			</trkpt>
			<trkpt lat="35.377768" lon="139.569288">
				<speed>3.912219</speed>
				<ele>45.125275</ele>
				<time>2026-09-05T01:04:41Z</time>
			</trkpt>
			<trkpt lat="35.377686" lon="139.569228">
				<speed>4.349798</speed>
				<ele>44.904015</ele>
				<time>2026-09-05T01:04:43Z</time>
			</trkpt>
			<trkpt lat="35.377615" lon="139.569167">
				<speed>4.487745</speed>
				<ele>45.368719</ele>
				<time>2026-09-05T01:04:45Z</time>
			</trkpt>
			<trkpt lat="35.377550" lon="139.569105">
				<speed>4.316983</speed>
				<ele>45.517836</ele>
				<time>2026-09-05T01:04:47Z</time>
			</trkpt>
			<trkpt lat="35.377486" lon="139.569043">
				<speed>4.693128</speed>
				<ele>44.945264</ele>
				<time>2026-09-05T01:04:49Z</time>
			</trkpt>
			<trkpt lat="35.377419" lon="139.568980">
				<speed>4.756754</speed>
				<ele>45.147433</ele>
				<time>2026-09-05T01:04:51Z</time>
			</trkpt>
			<trkpt lat="35.377354" lon="139.568917">
				<speed>4.355251</speed>
				<ele>45.292203</ele>
				<time>2026-09-05T01:04:53Z</time>
			</trkpt>
			<trkpt lat="35.377290" lon="139.568854">
				<speed>4.548203</speed>
				<ele>46.400750</ele>
				<time>2026-09-05T01:04:55Z</time>
			</trkpt>
			<trkpt lat="35.377228" lon="139.568790">
				<speed>4.451706</speed>
				<ele>46.894239</ele>
				<time>2026-09-05T01:04:57Z</time>
			</trkpt>
			<trkpt lat="35.377168" lon="139.568728">
				<speed>4.249769</speed>
				<ele>47.354967</ele>
				<time>2026-09-05T01:04:59Z</time>
			</trkpt>
			<trkpt lat="35.377111" lon="139.568667">
				<speed>4.528585</speed>
				<ele>48.059125</ele>
				<time>2026-09-05T01:05:01Z</time>
			</trkpt>
			<trkpt lat="35.377053" lon="139.568604">
				<speed>4.361613</speed>
				<ele>48.192471</ele>
				<time>2026-09-05T01:05:03Z</time>
			</trkpt>
			<trkpt lat="35.376996" lon="139.568534">
				<speed>4.134686</speed>
				<ele>48.323816</ele>
				<time>2026-09-05T01:05:05Z</time>
			</trkpt>
			<trkpt lat="35.376942" lon="139.568467">
				<speed>4.356653</speed>
				<ele>48.386259</ele>
				<time>2026-09-05T01:05:07Z</time>
			</trkpt>
			<trkpt lat="35.376886" lon="139.568399">
				<speed>4.468190</speed>
				<ele>48.438380</ele>
				<time>2026-09-05T01:05:09Z</time>
			</trkpt>
			<trkpt lat="35.376828" lon="139.568332">
				<speed>4.517484</speed>
				<ele>49.133191</ele>
				<time>2026-09-05T01:05:11Z</time>
			</trkpt>
			<trkpt lat="35.376767" lon="139.568266">
				<speed>4.495956</speed>
				<ele>48.946334</ele>
				<time>2026-09-05T01:05:13Z</time>
			</trkpt>
			<trkpt lat="35.376699" lon="139.568209">
				<speed>4.429260</speed>
				<ele>48.485801</ele>
				<time>2026-09-05T01:05:15Z</time>
			</trkpt>
			<trkpt lat="35.376627" lon="139.568154">
				<speed>4.515602</speed>
				<ele>48.524863</ele>
				<time>2026-09-05T01:05:17Z</time>
			</trkpt>
			<trkpt lat="35.376559" lon="139.568096">
				<speed>4.457009</speed>
				<ele>48.507507</ele>
				<time>2026-09-05T01:05:19Z</time>
			</trkpt>
			<trkpt lat="35.376494" lon="139.568036">
				<speed>4.447534</speed>
				<ele>48.930571</ele>
				<time>2026-09-05T01:05:21Z</time>
			</trkpt>
			<trkpt lat="35.376433" lon="139.567973">
				<speed>3.994616</speed>
				<ele>48.810099</ele>
				<time>2026-09-05T01:05:23Z</time>
			</trkpt>
			<trkpt lat="35.376375" lon="139.567911">
				<speed>4.225783</speed>
				<ele>48.555793</ele>
				<time>2026-09-05T01:05:25Z</time>
			</trkpt>
			<trkpt lat="35.376315" lon="139.567844">
				<speed>4.621787</speed>
				<ele>49.070662</ele>
				<time>2026-09-05T01:05:27Z</time>
			</trkpt>
			<trkpt lat="35.376255" lon="139.567776">
				<speed>4.527746</speed>
				<ele>49.117262</ele>
				<time>2026-09-05T01:05:29Z</time>
			</trkpt>
			<trkpt lat="35.376195" lon="139.567708">
				<speed>4.441898</speed>
				<ele>48.357542</ele>
				<time>2026-09-05T01:05:31Z</time>
			</trkpt>
			<trkpt lat="35.376133" lon="139.567640">
				<speed>4.713129</speed>
				<ele>48.772000</ele>
				<time>2026-09-05T01:05:33Z</time>
			</trkpt>
			<trkpt lat="35.376068" lon="139.567567">
				<speed>5.005096</speed>
				<ele>48.887035</ele>
				<time>2026-09-05T01:05:35Z</time>
			</trkpt>
			<trkpt lat="35.376004" lon="139.567497">
				<speed>4.005221</speed>
				<ele>48.646166</ele>
				<time>2026-09-05T01:05:37Z</time>
			</trkpt>
			<trkpt lat="35.375941" lon="139.567429">
				<speed>4.461540</speed>
				<ele>48.983950</ele>
				<time>2026-09-05T01:05:39Z</time>
			</trkpt>
			<trkpt lat="35.375877" lon="139.567364">
				<speed>4.103620</speed>
				<ele>49.087016</ele>
				<time>2026-09-05T01:05:41Z</time>
			</trkpt>
			<trkpt lat="35.375819" lon="139.567307">
				<speed>3.515728</speed>
				<ele>50.714435</ele>
				<time>2026-09-05T01:05:43Z</time>
			</trkpt>
			<trkpt lat="35.375776" lon="139.567256">
				<speed>2.504569</speed>
				<ele>51.341820</ele>
				<time>2026-09-05T01:05:45Z</time>
			</trkpt>
			<trkpt lat="35.375735" lon="139.567201">
				<speed>4.312925</speed>
				<ele>52.072402</ele>
				<time>2026-09-05T01:05:47Z</time>
			</trkpt>
			<trkpt lat="35.375680" lon="139.567142">
				<speed>4.677006</speed>
				<ele>51.951463</ele>
				<time>2026-09-05T01:05:49Z</time>
			</trkpt>
			<trkpt lat="35.375613" lon="139.567077">
				<speed>4.584301</speed>
				<ele>51.834946</ele>
				<time>2026-09-05T01:05:51Z</time>
			</trkpt>
			<trkpt lat="35.375540" lon="139.567008">
				<speed>4.287918</speed>
				<ele>51.691083</ele>
				<time>2026-09-05T01:05:53Z</time>
			</trkpt>
			<trkpt lat="35.375470" lon="139.566942">
				<speed>4.221691</speed>
				<ele>51.733279</ele>
				<time>2026-09-05T01:05:55Z</time>
			</trkpt>
			<trkpt lat="35.375401" lon="139.566875">
				<speed>4.486733</speed>
				<ele>51.487210</ele>
				<time>2026-09-05T01:05:57Z</time>
			</trkpt>
			<trkpt lat="35.375332" lon="139.566807">
				<speed>4.548160</speed>
				<ele>51.845491</ele>
				<time>2026-09-05T01:05:59Z</time>
			</trkpt>
			<trkpt lat="35.375265" lon="139.566740">
				<speed>4.437931</speed>
				<ele>52.110646</ele>
				<time>2026-09-05T01:06:01Z</time>
			</trkpt>
			<trkpt lat="35.375201" lon="139.566673">
				<speed>4.161541</speed>
				<ele>51.773953</ele>
				<time>2026-09-05T01:06:03Z</time>
			</trkpt>
			<trkpt lat="35.375141" lon="139.566612">
				<speed>3.927395</speed>
				<ele>51.290232</ele>
				<time>2026-09-05T01:06:05Z</time>
			</trkpt>
			<trkpt lat="35.375082" lon="139.566553">
				<speed>3.816063</speed>
				<ele>50.772258</ele>
				<time>2026-09-05T01:06:07Z</time>
			</trkpt>
			<trkpt lat="35.375025" lon="139.566493">
				<speed>3.722597</speed>
				<ele>51.296908</ele>
				<time>2026-09-05T01:06:09Z</time>
			</trkpt>
			<trkpt lat="35.374974" lon="139.566435">
				<speed>3.117366</speed>
				<ele>51.737797</ele>
				<time>2026-09-05T01:06:11Z</time>
			</trkpt>
			<trkpt lat="35.374922" lon="139.566379">
				<speed>4.084716</speed>
				<ele>52.674431</ele>
				<time>2026-09-05T01:06:13Z</time>
			</trkpt>
			<trkpt lat="35.374864" lon="139.566322">
				<speed>4.210370</speed>
				<ele>54.023233</ele>
				<time>2026-09-05T01:06:15Z</time>
			</trkpt>
			<trkpt lat="35.374804" lon="139.566265">
				<speed>3.538893</speed>
				<ele>54.890433</ele>
				<time>2026-09-05T01:06:17Z</time>
			</trkpt>
			<trkpt lat="35.374747" lon="139.566213">
				<speed>3.384294</speed>
				<ele>55.131593</ele>
				<time>2026-09-05T01:06:19Z</time>
			</trkpt>
			<trkpt lat="35.374692" lon="139.566166">
				<speed>3.173289</speed>
				<ele>55.799983</ele>
				<time>2026-09-05T01:06:21Z</time>
			</trkpt>
			<trkpt lat="35.374643" lon="139.566126">
				<speed>2.601274</speed>
				<ele>56.433563</ele>
				<time>2026-09-05T01:06:23Z</time>
			</trkpt>
			<trkpt lat="35.374577" lon="139.566069">
				<speed>3.295427</speed>
				<ele>56.607756</ele>
				<time>2026-09-05T01:06:26Z</time>
			</trkpt>
			<trkpt lat="35.374530" lon="139.566031">
				<speed>3.370191</speed>
				<ele>57.512949</ele>
				<time>2026-09-05T01:06:28Z</time>
			</trkpt>
			<trkpt lat="35.374485" lon="139.565989">
				<speed>3.685195</speed>
				<ele>57.686090</ele>
				<time>2026-09-05T01:06:30Z</time>
			</trkpt>
			<trkpt lat="35.374434" lon="139.565941">
				<speed>4.369114</speed>
				<ele>58.103935</ele>
				<time>2026-09-05T01:06:32Z</time>
			</trkpt>
			<trkpt lat="35.374373" lon="139.565891">
				<speed>4.510914</speed>
				<ele>58.669828</ele>
				<time>2026-09-05T01:06:34Z</time>
			</trkpt>
			<trkpt lat="35.374303" lon="139.565845">
				<speed>4.737483</speed>
				<ele>58.997361</ele>
				<time>2026-09-05T01:06:36Z</time>
			</trkpt>
			<trkpt lat="35.374223" lon="139.565804">
				<speed>5.167500</speed>
				<ele>59.188161</ele>
				<time>2026-09-05T01:06:38Z</time>
			</trkpt>
			<trkpt lat="35.374133" lon="139.565769">
				<speed>5.352927</speed>
				<ele>59.386164</ele>
				<time>2026-09-05T01:06:40Z</time>
			</trkpt>
			<trkpt lat="35.374037" lon="139.565744">
				<speed>5.413367</speed>
				<ele>59.527092</ele>
				<time>2026-09-05T01:06:42Z</time>
			</trkpt>
			<trkpt lat="35.373935" lon="139.565727">
				<speed>5.570736</speed>
				<ele>60.034867</ele>
				<time>2026-09-05T01:06:44Z</time>
			</trkpt>
			<trkpt lat="35.373830" lon="139.565721">
				<speed>5.681017</speed>
				<ele>60.401898</ele>
				<time>2026-09-05T01:06:46Z</time>
			</trkpt>
			<trkpt lat="35.373775" lon="139.565721">
				<speed>5.737453</speed>
				<ele>60.704198</ele>
				<time>2026-09-05T01:06:47Z</time>
			</trkpt>
			<trkpt lat="35.373721" lon="139.565724">
				<speed>5.789002</speed>
				<ele>61.675604</ele>
				<time>2026-09-05T01:06:48Z</time>
			</trkpt>
			<trkpt lat="35.373667" lon="139.565729">
				<speed>5.601953</speed>
				<ele>61.161750</ele>
				<time>2026-09-05T01:06:49Z</time>
			</trkpt>
			<trkpt lat="35.373613" lon="139.565737">
				<speed>5.674008</speed>
				<ele>62.297813</ele>
				<time>2026-09-05T01:06:50Z</time>
			</trkpt>
			<trkpt lat="35.373506" lon="139.565760">
				<speed>5.707239</speed>
				<ele>62.556343</ele>
				<time>2026-09-05T01:06:52Z</time>
			</trkpt>
			<trkpt lat="35.373403" lon="139.565789">
				<speed>5.471714</speed>
				<ele>62.260533</ele>
				<time>2026-09-05T01:06:54Z</time>
			</trkpt>
			<trkpt lat="35.373300" lon="139.565823">
				<speed>6.077680</speed>
				<ele>63.213988</ele>
				<time>2026-09-05T01:06:56Z</time>
			</trkpt>
			<trkpt lat="35.373248" lon="139.565842">
				<speed>6.153838</speed>
				<ele>62.642242</ele>
				<time>2026-09-05T01:06:57Z</time>
			</trkpt>
			<trkpt lat="35.373195" lon="139.565860">
				<speed>6.124675</speed>
				<ele>62.415382</ele>
				<time>2026-09-05T01:06:58Z</time>
			</trkpt>
			<trkpt lat="35.373141" lon="139.565879">
				<speed>6.206301</speed>
				<ele>62.196257</ele>
				<time>2026-09-05T01:06:59Z</time>
			</trkpt>
			<trkpt lat="35.373086" lon="139.565897">
				<speed>6.485974</speed>
				<ele>61.996579</ele>
				<time>2026-09-05T01:07:00Z</time>
			</trkpt>
			<trkpt lat="35.373030" lon="139.565913">
				<speed>6.567467</speed>
				<ele>61.598609</ele>
				<time>2026-09-05T01:07:01Z</time>
			</trkpt>
			<trkpt lat="35.372972" lon="139.565927">
				<speed>6.617239</speed>
				<ele>61.514163</ele>
				<time>2026-09-05T01:07:02Z</time>
			</trkpt>
			<trkpt lat="35.372913" lon="139.565937">
				<speed>6.606089</speed>
				<ele>60.977023</ele>
				<time>2026-09-05T01:07:03Z</time>
			</trkpt>
			<trkpt lat="35.372853" lon="139.565944">
				<speed>6.798243</speed>
				<ele>60.421298</ele>
				<time>2026-09-05T01:07:04Z</time>
			</trkpt>
			<trkpt lat="35.372791" lon="139.565948">
				<speed>7.000922</speed>
				<ele>59.407571</ele>
				<time>2026-09-05T01:07:05Z</time>
			</trkpt>
			<trkpt lat="35.372728" lon="139.565948">
				<speed>7.294066</speed>
				<ele>58.729693</ele>
				<time>2026-09-05T01:07:06Z</time>
			</trkpt>
			<trkpt lat="35.372663" lon="139.565943">
				<speed>7.534898</speed>
				<ele>57.786557</ele>
				<time>2026-09-05T01:07:07Z</time>
			</trkpt>
			<trkpt lat="35.372595" lon="139.565934">
				<speed>8.045662</speed>
				<ele>56.698081</ele>
				<time>2026-09-05T01:07:08Z</time>
			</trkpt>
			<trkpt lat="35.372526" lon="139.565921">
				<speed>7.917070</speed>
				<ele>56.270290</ele>
				<time>2026-09-05T01:07:09Z</time>
			</trkpt>
			<trkpt lat="35.372456" lon="139.565904">
				<speed>7.793298</speed>
				<ele>55.491567</ele>
				<time>2026-09-05T01:07:10Z</time>
			</trkpt>
			<trkpt lat="35.372387" lon="139.565883">
				<speed>7.775911</speed>
				<ele>54.613875</ele>
				<time>2026-09-05T01:07:11Z</time>
			</trkpt>
			<trkpt lat="35.372319" lon="139.565857">
				<speed>7.304843</speed>
				<ele>53.819725</ele>
				<time>2026-09-05T01:07:12Z</time>
			</trkpt>
			<trkpt lat="35.372254" lon="139.565829">
				<speed>6.775121</speed>
				<ele>53.161642</ele>
				<time>2026-09-05T01:07:13Z</time>
			</trkpt>
			<trkpt lat="35.372192" lon="139.565797">
				<speed>6.678405</speed>
				<ele>52.718323</ele>
				<time>2026-09-05T01:07:14Z</time>
			</trkpt>
			<trkpt lat="35.372135" lon="139.565762">
				<speed>6.524513</speed>
				<ele>51.548697</ele>
				<time>2026-09-05T01:07:15Z</time>
			</trkpt>
			<trkpt lat="35.372079" lon="139.565724">
				<speed>6.696192</speed>
				<ele>51.129399</ele>
				<time>2026-09-05T01:07:16Z</time>
			</trkpt>
			<trkpt lat="35.372026" lon="139.565683">
				<speed>7.031011</speed>
				<ele>50.109236</ele>
				<time>2026-09-05T01:07:17Z</time>
			</trkpt>
			<trkpt lat="35.371973" lon="139.565638">
				<speed>7.343559</speed>
				<ele>49.178575</ele>
				<time>2026-09-05T01:07:18Z</time>
			</trkpt>
			<trkpt lat="35.371921" lon="139.565589">
				<speed>7.733433</speed>
				<ele>48.393774</ele>
				<time>2026-09-05T01:07:19Z</time>
			</trkpt>
			<trkpt lat="35.371867" lon="139.565537">
				<speed>7.897023</speed>
				<ele>47.821497</ele>
				<time>2026-09-05T01:07:20Z</time>
			</trkpt>
			<trkpt lat="35.371814" lon="139.565482">
				<speed>7.864625</speed>
				<ele>47.165506</ele>
				<time>2026-09-05T01:07:21Z</time>
			</trkpt>
			<trkpt lat="35.371760" lon="139.565427">
				<speed>7.701083</speed>
				<ele>46.682832</ele>
				<time>2026-09-05T01:07:22Z</time>
			</trkpt>
			<trkpt lat="35.371708" lon="139.565371">
				<speed>7.016208</speed>
				<ele>46.260055</ele>
				<time>2026-09-05T01:07:23Z</time>
			</trkpt>
			<trkpt lat="35.371658" lon="139.565318">
				<speed>6.159879</speed>
				<ele>45.896648</ele>
				<time>2026-09-05T01:07:24Z</time>
			</trkpt>
			<trkpt lat="35.371611" lon="139.565268">
				<speed>5.605374</speed>
				<ele>45.389101</ele>
				<time>2026-09-05T01:07:25Z</time>
			</trkpt>
			<trkpt lat="35.371568" lon="139.565222">
				<speed>5.295844</speed>
				<ele>45.080664</ele>
				<time>2026-09-05T01:07:26Z</time>
			</trkpt>
			<trkpt lat="35.371489" lon="139.565138">
				<speed>5.160729</speed>
				<ele>44.093404</ele>
				<time>2026-09-05T01:07:28Z</time>
			</trkpt>
			<trkpt lat="35.371415" lon="139.565064">
				<speed>4.958969</speed>
				<ele>43.918854</ele>
				<time>2026-09-05T01:07:30Z</time>
			</trkpt>
			<trkpt lat="35.371347" lon="139.565002">
				<speed>4.325480</speed>
				<ele>43.436681</ele>
				<time>2026-09-05T01:07:32Z</time>
			</trkpt>
			<trkpt lat="35.371285" lon="139.564952">
				<speed>4.160103</speed>
				<ele>42.818879</ele>
				<time>2026-09-05T01:07:34Z</time>
			</trkpt>
			<trkpt lat="35.371223" lon="139.564907">
				<speed>4.810914</speed>
				<ele>42.072171</ele>
				<time>2026-09-05T01:07:36Z</time>
			</trkpt>
			<trkpt lat="35.371157" lon="139.564864">
				<speed>4.775040</speed>
				<ele>41.346542</ele>
				<time>2026-09-05T01:07:38Z</time>
			</trkpt>
			<trkpt lat="35.371085" lon="139.564823">
				<speed>5.114513</speed>
				<ele>40.780756</ele>
				<time>2026-09-05T01:07:40Z</time>
			</trkpt>
			<trkpt lat="35.371006" lon="139.564782">
				<speed>5.468940</speed>
				<ele>40.337151</ele>
				<time>2026-09-05T01:07:42Z</time>
			</trkpt>
			<trkpt lat="35.370918" lon="139.564739">
				<speed>5.653743</speed>
				<ele>39.419129</ele>
				<time>2026-09-05T01:07:44Z</time>
			</trkpt>
			<trkpt lat="35.370823" lon="139.564697">
				<speed>5.807257</speed>
				<ele>38.651829</ele>
				<time>2026-09-05T01:07:46Z</time>
			</trkpt>
			<trkpt lat="35.370724" lon="139.564656">
				<speed>5.525120</speed>
				<ele>37.980331</ele>
				<time>2026-09-05T01:07:48Z</time>
			</trkpt>
			<trkpt lat="35.370625" lon="139.564617">
				<speed>5.443257</speed>
				<ele>37.397441</ele>
				<time>2026-09-05T01:07:50Z</time>
			</trkpt>
			<trkpt lat="35.370534" lon="139.564588">
				<speed>3.336241</speed>
				<ele>36.729762</ele>
				<time>2026-09-05T01:07:52Z</time>
			</trkpt>
			<trkpt lat="35.370462" lon="139.564568">
				<speed>3.169275</speed>
				<ele>37.145416</ele>
				<time>2026-09-05T01:07:54Z</time>
			</trkpt>
			<trkpt lat="35.370395" lon="139.564554">
				<speed>4.415028</speed>
				<ele>36.612123</ele>
				<time>2026-09-05T01:07:56Z</time>
			</trkpt>
			<trkpt lat="35.370324" lon="139.564539">
				<speed>4.131477</speed>
				<ele>36.029052</ele>
				<time>2026-09-05T01:07:58Z</time>
			</trkpt>
			<trkpt lat="35.370261" lon="139.564526">
				<speed>2.777714</speed>
				<ele>35.760914</ele>
				<time>2026-09-05T01:08:00Z</time>
			</trkpt>
			<trkpt lat="35.370190" lon="139.564506">
				<speed>4.332999</speed>
				<ele>34.542408</ele>
				<time>2026-09-05T01:08:15Z</time>
			</trkpt>
			<trkpt lat="35.370127" lon="139.564482">
				<speed>5.138852</speed>
				<ele>34.029196</ele>
				<time>2026-09-05T01:08:17Z</time>
			</trkpt>
			<trkpt lat="35.370039" lon="139.564450">
				<speed>5.876086</speed>
				<ele>33.631776</ele>
				<time>2026-09-05T01:08:19Z</time>
			</trkpt>
			<trkpt lat="35.369932" lon="139.564413">
				<speed>6.236288</speed>
				<ele>33.048371</ele>
				<time>2026-09-05T01:08:21Z</time>
			</trkpt>
			<trkpt lat="35.369874" lon="139.564392">
				<speed>6.588793</speed>
				<ele>32.760239</ele>
				<time>2026-09-05T01:08:22Z</time>
			</trkpt>
			<trkpt lat="35.369813" lon="139.564371">
				<speed>6.475961</speed>
				<ele>32.508572</ele>
				<time>2026-09-05T01:08:23Z</time>
			</trkpt>
			<trkpt lat="35.369751" lon="139.564348">
				<speed>6.564974</speed>
				<ele>32.239664</ele>
				<time>2026-09-05T01:08:24Z</time>
			</trkpt>
			<trkpt lat="35.369687" lon="139.564326">
				<speed>6.641392</speed>
				<ele>31.999009</ele>
				<time>2026-09-05T01:08:25Z</time>
			</trkpt>
			<trkpt lat="35.369623" lon="139.564302">
				<speed>6.823521</speed>
				<ele>31.834121</ele>
				<time>2026-09-05T01:08:26Z</time>
			</trkpt>
			<trkpt lat="35.369558" lon="139.564277">
				<speed>6.882108</speed>
				<ele>31.536919</ele>
				<time>2026-09-05T01:08:27Z</time>
			</trkpt>
			<trkpt lat="35.369493" lon="139.564252">
				<speed>6.631932</speed>
				<ele>31.388892</ele>
				<time>2026-09-05T01:08:28Z</time>
			</trkpt>
			<trkpt lat="35.369431" lon="139.564226">
				<speed>5.957589</speed>
				<ele>31.076655</ele>
				<time>2026-09-05T01:08:29Z</time>
			</trkpt>
			<trkpt lat="35.369373" lon="139.564201">
				<speed>5.155596</speed>
				<ele>30.833165</ele>
				<time>2026-09-05T01:08:30Z</time>
			</trkpt>
			<trkpt lat="35.369320" lon="139.564178">
				<speed>4.157197</speed>
				<ele>30.747547</ele>
				<time>2026-09-05T01:08:31Z</time>
			</trkpt>
			<trkpt lat="35.369238" lon="139.564139">
				<speed>2.597280</speed>
				<ele>30.311777</ele>
				<time>2026-09-05T01:08:33Z</time>
			</trkpt>
			<trkpt lat="35.369191" lon="139.564102">
				<speed>1.424026</speed>
				<ele>30.244895</ele>
				<time>2026-09-05T01:08:35Z</time>
			</trkpt>
			<trkpt lat="35.368969" lon="139.563928">
				<speed>6.083478</speed>
				<ele>28.310985</ele>
				<time>2026-09-05T01:09:18Z</time>
			</trkpt>
			<trkpt lat="35.368917" lon="139.563879">
				<speed>4.432333</speed>
				<ele>27.317577</ele>
				<time>2026-09-05T01:09:23Z</time>
			</trkpt>
			<trkpt lat="35.368865" lon="139.563820">
				<speed>2.792456</speed>
				<ele>27.170325</ele>
				<time>2026-09-05T01:09:25Z</time>
			</trkpt>
			<trkpt lat="35.368707" lon="139.563630">
				<speed>2.348432</speed>
				<ele>27.697979</ele>
				<time>2026-09-05T01:09:29Z</time>
			</trkpt>
			<trkpt lat="35.368656" lon="139.563557">
				<speed>6.047749</speed>
				<ele>26.155541</ele>
				<time>2026-09-05T01:09:35Z</time>
			</trkpt>
			<trkpt lat="35.368591" lon="139.563450">
				<speed>6.725373</speed>
				<ele>25.742900</ele>
				<time>2026-09-05T01:09:37Z</time>
			</trkpt>
			<trkpt lat="35.368546" lon="139.563374">
				<speed>6.830266</speed>
				<ele>25.801254</ele>
				<time>2026-09-05T01:09:38Z</time>
			</trkpt>
			<trkpt lat="35.368496" lon="139.563290">
				<speed>6.726499</speed>
				<ele>26.040137</ele>
				<time>2026-09-05T01:09:39Z</time>
			</trkpt>
			<trkpt lat="35.368444" lon="139.563203">
				<speed>6.821709</speed>
				<ele>25.563148</ele>
				<time>2026-09-05T01:09:40Z</time>
			</trkpt>
			<trkpt lat="35.368394" lon="139.563118">
				<speed>5.882949</speed>
				<ele>25.740914</ele>
				<time>2026-09-05T01:09:41Z</time>
			</trkpt>
			<trkpt lat="35.368347" lon="139.563037">
				<speed>5.736382</speed>
				<ele>25.354579</ele>
				<time>2026-09-05T01:09:42Z</time>
			</trkpt>
			<trkpt lat="35.368302" lon="139.562960">
				<speed>6.181461</speed>
				<ele>25.268866</ele>
				<time>2026-09-05T01:09:43Z</time>
			</trkpt>
			<trkpt lat="35.368259" lon="139.562888">
				<speed>6.110787</speed>
				<ele>25.153054</ele>
				<time>2026-09-05T01:09:44Z</time>
			</trkpt>
			<trkpt lat="35.368219" lon="139.562818">
				<speed>6.243400</speed>
				<ele>24.944571</ele>
				<time>2026-09-05T01:09:45Z</time>
			</trkpt>
			<trkpt lat="35.368180" lon="139.562753">
				<speed>5.893598</speed>
				<ele>24.296147</ele>
				<time>2026-09-05T01:09:46Z</time>
			</trkpt>
			<trkpt lat="35.368146" lon="139.562693">
				<speed>4.901695</speed>
				<ele>24.692188</ele>
				<time>2026-09-05T01:09:47Z</time>
			</trkpt>
			<trkpt lat="35.368091" lon="139.562597">
				<speed>2.974420</speed>
				<ele>24.809780</ele>
				<time>2026-09-05T01:09:49Z</time>
			</trkpt>
			<trkpt lat="35.368057" lon="139.562532">
				<speed>2.421133</speed>
				<ele>24.643605</ele>
				<time>2026-09-05T01:09:51Z</time>
			</trkpt>
			<trkpt lat="35.368012" lon="139.562453">
				<speed>4.346048</speed>
				<ele>24.624433</ele>
				<time>2026-09-05T01:09:54Z</time>
			</trkpt>
			<trkpt lat="35.367978" lon="139.562390">
				<speed>5.219282</speed>
				<ele>24.628012</ele>
				<time>2026-09-05T01:09:56Z</time>
			</trkpt>
			<trkpt lat="35.367936" lon="139.562310">
				<speed>5.972667</speed>
				<ele>24.575839</ele>
				<time>2026-09-05T01:09:58Z</time>
			</trkpt>
			<trkpt lat="35.367881" lon="139.562215">
				<speed>6.461737</speed>
				<ele>24.449989</ele>
				<time>2026-09-05T01:10:00Z</time>
			</trkpt>
			<trkpt lat="35.367818" lon="139.562105">
				<speed>6.742140</speed>
				<ele>24.279714</ele>
				<time>2026-09-05T01:10:02Z</time>
			</trkpt>
			<trkpt lat="35.367785" lon="139.562045">
				<speed>6.823207</speed>
				<ele>24.188073</ele>
				<time>2026-09-05T01:10:03Z</time>
			</trkpt>
			<trkpt lat="35.367751" lon="139.561984">
				<speed>6.748409</speed>
				<ele>24.045207</ele>
				<time>2026-09-05T01:10:04Z</time>
			</trkpt>
			<trkpt lat="35.367717" lon="139.561922">
				<speed>6.416474</speed>
				<ele>24.057579</ele>
				<time>2026-09-05T01:10:05Z</time>
			</trkpt>
			<trkpt lat="35.367683" lon="139.561859">
				<speed>6.506597</speed>
				<ele>23.919286</ele>
				<time>2026-09-05T01:10:06Z</time>
			</trkpt>
			<trkpt lat="35.367649" lon="139.561797">
				<speed>6.013603</speed>
				<ele>23.866397</ele>
				<time>2026-09-05T01:10:07Z</time>
			</trkpt>
			<trkpt lat="35.367616" lon="139.561737">
				<speed>5.791850</speed>
				<ele>23.893481</ele>
				<time>2026-09-05T01:10:08Z</time>
			</trkpt>
			<trkpt lat="35.367584" lon="139.561679">
				<speed>5.382928</speed>
				<ele>23.925524</ele>
				<time>2026-09-05T01:10:09Z</time>
			</trkpt>
			<trkpt lat="35.367528" lon="139.561576">
				<speed>4.100598</speed>
				<ele>23.830925</ele>
				<time>2026-09-05T01:10:11Z</time>
			</trkpt>
			<trkpt lat="35.367481" lon="139.561489">
				<speed>4.196182</speed>
				<ele>23.793554</ele>
				<time>2026-09-05T01:10:13Z</time>
			</trkpt>
			<trkpt lat="35.367436" lon="139.561410">
				<speed>4.774308</speed>
				<ele>24.439652</ele>
				<time>2026-09-05T01:10:15Z</time>
			</trkpt>
			<trkpt lat="35.367391" lon="139.561332">
				<speed>4.855101</speed>
				<ele>24.791954</ele>
				<time>2026-09-05T01:10:17Z</time>
			</trkpt>
			<trkpt lat="35.367344" lon="139.561253">
				<speed>4.542711</speed>
				<ele>24.227322</ele>
				<time>2026-09-05T01:10:19Z</time>
			</trkpt>
			<trkpt lat="35.367301" lon="139.561178">
				<speed>4.196736</speed>
				<ele>24.311650</ele>
				<time>2026-09-05T01:10:21Z</time>
			</trkpt>
			<trkpt lat="35.367259" lon="139.561103">
				<speed>4.767518</speed>
				<ele>23.453928</ele>
				<time>2026-09-05T01:10:23Z</time>
			</trkpt>
			<trkpt lat="35.367210" lon="139.561025">
				<speed>5.150622</speed>
				<ele>23.724391</ele>
				<time>2026-09-05T01:10:25Z</time>
			</trkpt>
			<trkpt lat="35.367157" lon="139.560937">
				<speed>5.578597</speed>
				<ele>23.491149</ele>
				<time>2026-09-05T01:10:27Z</time>
			</trkpt>
			<trkpt lat="35.367103" lon="139.560841">
				<speed>5.429949</speed>
				<ele>23.266457</ele>
				<time>2026-09-05T01:10:29Z</time>
			</trkpt>
			<trkpt lat="35.367046" lon="139.560744">
				<speed>5.200792</speed>
				<ele>23.351955</ele>
				<time>2026-09-05T01:10:31Z</time>
			</trkpt>
			<trkpt lat="35.366987" lon="139.560652">
				<speed>4.848438</speed>
				<ele>24.106180</ele>
				<time>2026-09-05T01:10:33Z</time>
			</trkpt>
			<trkpt lat="35.366927" lon="139.560572">
				<speed>4.659605</speed>
				<ele>23.607406</ele>
				<time>2026-09-05T01:10:35Z</time>
			</trkpt>
			<trkpt lat="35.366860" lon="139.560502">
				<speed>4.814471</speed>
				<ele>23.879309</ele>
				<time>2026-09-05T01:10:37Z</time>
			</trkpt>
			<trkpt lat="35.366789" lon="139.560437">
				<speed>4.624029</speed>
				<ele>24.422862</ele>
				<time>2026-09-05T01:10:39Z</time>
			</trkpt>
			<trkpt lat="35.366718" lon="139.560378">
				<speed>4.379458</speed>
				<ele>24.162386</ele>
				<time>2026-09-05T01:10:41Z</time>
			</trkpt>
			<trkpt lat="35.366652" lon="139.560327">
				<speed>3.320516</speed>
				<ele>24.241603</ele>
				<time>2026-09-05T01:10:43Z</time>
			</trkpt>
			<trkpt lat="35.366596" lon="139.560289">
				<speed>2.459292</speed>
				<ele>23.871614</ele>
				<time>2026-09-05T01:10:45Z</time>
			</trkpt>
			<trkpt lat="35.366547" lon="139.560258">
				<speed>3.323808</speed>
				<ele>23.802519</ele>
				<time>2026-09-05T01:10:47Z</time>
			</trkpt>
			<trkpt lat="35.366493" lon="139.560229">
				<speed>4.071938</speed>
				<ele>23.920000</ele>
				<time>2026-09-05T01:10:49Z</time>
			</trkpt>
			<trkpt lat="35.366429" lon="139.560197">
				<speed>4.805569</speed>
				<ele>23.960970</ele>
				<time>2026-09-05T01:10:51Z</time>
			</trkpt>
			<trkpt lat="35.366354" lon="139.560159">
				<speed>5.035909</speed>
				<ele>23.497557</ele>
				<time>2026-09-05T01:10:53Z</time>
			</trkpt>
			<trkpt lat="35.366272" lon="139.560123">
				<speed>5.091677</speed>
				<ele>23.751534</ele>
				<time>2026-09-05T01:10:55Z</time>
			</trkpt>
			<trkpt lat="35.366183" lon="139.560086">
				<speed>5.395570</speed>
				<ele>23.918048</ele>
				<time>2026-09-05T01:10:57Z</time>
			</trkpt>
			<trkpt lat="35.366087" lon="139.560051">
				<speed>5.703383</speed>
				<ele>23.671606</ele>
				<time>2026-09-05T01:10:59Z</time>
			</trkpt>
			<trkpt lat="35.365988" lon="139.560015">
				<speed>5.877459</speed>
				<ele>23.580151</ele>
				<time>2026-09-05T01:11:01Z</time>
			</trkpt>
			<trkpt lat="35.365883" lon="139.559979">
				<speed>6.088511</speed>
				<ele>23.481403</ele>
				<time>2026-09-05T01:11:03Z</time>
			</trkpt>
			<trkpt lat="35.365830" lon="139.559962">
				<speed>5.725855</speed>
				<ele>23.387325</ele>
				<time>2026-09-05T01:11:04Z</time>
			</trkpt>
			<trkpt lat="35.365777" lon="139.559944">
				<speed>5.670800</speed>
				<ele>23.260545</ele>
				<time>2026-09-05T01:11:05Z</time>
			</trkpt>
			<trkpt lat="35.365724" lon="139.559926">
				<speed>5.693453</speed>
				<ele>23.336592</ele>
				<time>2026-09-05T01:11:06Z</time>
			</trkpt>
			<trkpt lat="35.365624" lon="139.559891">
				<speed>4.816100</speed>
				<ele>22.806637</ele>
				<time>2026-09-05T01:11:08Z</time>
			</trkpt>
			<trkpt lat="35.365529" lon="139.559857">
				<speed>5.419378</speed>
				<ele>22.349799</ele>
				<time>2026-09-05T01:11:10Z</time>
			</trkpt>
			<trkpt lat="35.365434" lon="139.559822">
				<speed>5.901361</speed>
				<ele>22.087343</ele>
				<time>2026-09-05T01:11:12Z</time>
			</trkpt>
			<trkpt lat="35.365335" lon="139.559787">
				<speed>5.980114</speed>
				<ele>21.754543</ele>
				<time>2026-09-05T01:11:14Z</time>
			</trkpt>
			<trkpt lat="35.365234" lon="139.559750">
				<speed>5.915386</speed>
				<ele>21.073569</ele>
				<time>2026-09-05T01:11:16Z</time>
			</trkpt>
			<trkpt lat="35.365131" lon="139.559714">
				<speed>5.750483</speed>
				<ele>20.981072</ele>
				<time>2026-09-05T01:11:18Z</time>
			</trkpt>
			<trkpt lat="35.365034" lon="139.559680">
				<speed>5.059188</speed>
				<ele>21.294816</ele>
				<time>2026-09-05T01:11:20Z</time>
			</trkpt>
			<trkpt lat="35.364942" lon="139.559648">
				<speed>4.798875</speed>
				<ele>20.861758</ele>
				<time>2026-09-05T01:11:22Z</time>
			</trkpt>
			<trkpt lat="35.364861" lon="139.559616">
				<speed>3.564641</speed>
				<ele>20.860715</ele>
				<time>2026-09-05T01:11:24Z</time>
			</trkpt>
			<trkpt lat="35.364795" lon="139.559592">
				<speed>3.129243</speed>
				<ele>21.072663</ele>
				<time>2026-09-05T01:11:26Z</time>
			</trkpt>
			<trkpt lat="35.364741" lon="139.559572">
				<speed>2.356828</speed>
				<ele>20.739158</ele>
				<time>2026-09-05T01:11:28Z</time>
			</trkpt>
			<trkpt lat="35.364757" lon="139.559513">
				<speed>1.477359</speed>
				<ele>20.979832</ele>
				<time>2026-09-05T01:11:43Z</time>
			</trkpt>
			<trkpt lat="35.364785" lon="139.559452">
				<speed>4.854262</speed>
				<ele>20.367278</ele>
				<time>2026-09-05T01:11:49Z</time>
			</trkpt>
			<trkpt lat="35.364886" lon="139.559219">
				<speed>4.854262</speed>
				<ele>19.735572</ele>
				<time>2026-09-05T01:11:51Z</time>
			</trkpt>
			<trkpt lat="35.364912" lon="139.559154">
				<speed>5.689517</speed>
				<ele>20.100125</ele>
				<time>2026-09-05T01:11:56Z</time>
			</trkpt>
			<trkpt lat="35.364943" lon="139.559077">
				<speed>6.002591</speed>
				<ele>20.203228</ele>
				<time>2026-09-05T01:11:58Z</time>
			</trkpt>
			<trkpt lat="35.364970" lon="139.559011">
				<speed>6.065894</speed>
				<ele>20.297127</ele>
				<time>2026-09-05T01:11:59Z</time>
			</trkpt>
			<trkpt lat="35.365005" lon="139.558930">
				<speed>6.013351</speed>
				<ele>20.263785</ele>
				<time>2026-09-05T01:12:00Z</time>
			</trkpt>
			<trkpt lat="35.365043" lon="139.558842">
				<speed>5.673002</speed>
				<ele>20.347146</ele>
				<time>2026-09-05T01:12:01Z</time>
			</trkpt>
			<trkpt lat="35.365085" lon="139.558753">
				<speed>5.408515</speed>
				<ele>20.000575</ele>
				<time>2026-09-05T01:12:02Z</time>
			</trkpt>
			<trkpt lat="35.365126" lon="139.558666">
				<speed>5.504801</speed>
				<ele>20.172765</ele>
				<time>2026-09-05T01:12:03Z</time>
			</trkpt>
			<trkpt lat="35.365168" lon="139.558583">
				<speed>5.687624</speed>
				<ele>20.110225</ele>
				<time>2026-09-05T01:12:04Z</time>
			</trkpt>
			<trkpt lat="35.365208" lon="139.558504">
				<speed>5.661417</speed>
				<ele>20.350178</ele>
				<time>2026-09-05T01:12:05Z</time>
			</trkpt>
			<trkpt lat="35.365245" lon="139.558429">
				<speed>5.641956</speed>
				<ele>20.400346</ele>
				<time>2026-09-05T01:12:06Z</time>
			</trkpt>
			<trkpt lat="35.365280" lon="139.558358">
				<speed>5.799862</speed>
				<ele>20.344863</ele>
				<time>2026-09-05T01:12:07Z</time>
			</trkpt>
			<trkpt lat="35.365313" lon="139.558291">
				<speed>5.603432</speed>
				<ele>20.420115</ele>
				<time>2026-09-05T01:12:08Z</time>
			</trkpt>
			<trkpt lat="35.365343" lon="139.558226">
				<speed>5.585619</speed>
				<ele>20.578057</ele>
				<time>2026-09-05T01:12:09Z</time>
			</trkpt>
			<trkpt lat="35.365369" lon="139.558163">
				<speed>5.391973</speed>
				<ele>20.422098</ele>
				<time>2026-09-05T01:12:10Z</time>
			</trkpt>
			<trkpt lat="35.365412" lon="139.558049">
				<speed>4.700736</speed>
				<ele>20.530088</ele>
				<time>2026-09-05T01:12:12Z</time>
			</trkpt>
			<trkpt lat="35.365445" lon="139.557948">
				<speed>3.923563</speed>
				<ele>20.687936</ele>
				<time>2026-09-05T01:12:14Z</time>
			</trkpt>
			<trkpt lat="35.365465" lon="139.557868">
				<speed>2.009450</speed>
				<ele>20.804434</ele>
				<time>2026-09-05T01:12:16Z</time>
			</trkpt>
			<trkpt lat="35.365473" lon="139.557819">
				<speed>1.716595</speed>
				<ele>20.954748</ele>
				<time>2026-09-05T01:12:18Z</time>
			</trkpt>
			<trkpt lat="35.365481" lon="139.557762">
				<speed>2.547409</speed>
				<ele>21.258802</ele>
				<time>2026-09-05T01:12:21Z</time>
			</trkpt>
			<trkpt lat="35.365517" lon="139.557693">
				<speed>3.175712</speed>
				<ele>21.368362</ele>
				<time>2026-09-05T01:12:25Z</time>
			</trkpt>
			<trkpt lat="35.365547" lon="139.557617">
				<speed>3.630055</speed>
				<ele>22.070522</ele>
				<time>2026-09-05T01:12:28Z</time>
			</trkpt>
			<trkpt lat="35.365569" lon="139.557552">
				<speed>3.969933</speed>
				<ele>22.066059</ele>
				<time>2026-09-05T01:12:30Z</time>
			</trkpt>
			<trkpt lat="35.365591" lon="139.557477">
				<speed>3.794735</speed>
				<ele>22.105443</ele>
				<time>2026-09-05T01:12:32Z</time>
			</trkpt>
			<trkpt lat="35.365617" lon="139.557401">
				<speed>3.669712</speed>
				<ele>21.526486</ele>
				<time>2026-09-05T01:12:34Z</time>
			</trkpt>
			<trkpt lat="35.365652" lon="139.557326">
				<speed>4.601919</speed>
				<ele>21.520723</ele>
				<time>2026-09-05T01:12:36Z</time>
			</trkpt>
			<trkpt lat="35.365697" lon="139.557241">
				<speed>5.338285</speed>
				<ele>21.363554</ele>
				<time>2026-09-05T01:12:38Z</time>
			</trkpt>
			<trkpt lat="35.365752" lon="139.557146">
				<speed>5.816651</speed>
				<ele>21.359569</ele>
				<time>2026-09-05T01:12:40Z</time>
			</trkpt>
			<trkpt lat="35.365814" lon="139.557044">
				<speed>6.048600</speed>
				<ele>21.436902</ele>
				<time>2026-09-05T01:12:42Z</time>
			</trkpt>
			<trkpt lat="35.365847" lon="139.556990">
				<speed>5.926475</speed>
				<ele>21.152900</ele>
				<time>2026-09-05T01:12:43Z</time>
			</trkpt>
			<trkpt lat="35.365882" lon="139.556937">
				<speed>6.150403</speed>
				<ele>20.917863</ele>
				<time>2026-09-05T01:12:44Z</time>
			</trkpt>
			<trkpt lat="35.365919" lon="139.556884">
				<speed>6.109614</speed>
				<ele>20.666237</ele>
				<time>2026-09-05T01:12:45Z</time>
			</trkpt>
			<trkpt lat="35.365958" lon="139.556831">
				<speed>6.307752</speed>
				<ele>20.640418</ele>
				<time>2026-09-05T01:12:46Z</time>
			</trkpt>
			<trkpt lat="35.365998" lon="139.556780">
				<speed>6.043122</speed>
				<ele>20.846588</ele>
				<time>2026-09-05T01:12:47Z</time>
			</trkpt>
			<trkpt lat="35.366040" lon="139.556729">
				<speed>6.004124</speed>
				<ele>20.972551</ele>
				<time>2026-09-05T01:12:48Z</time>
			</trkpt>
			<trkpt lat="35.366082" lon="139.556680">
				<speed>6.093617</speed>
				<ele>21.153433</ele>
				<time>2026-09-05T01:12:49Z</time>
			</trkpt>
			<trkpt lat="35.366126" lon="139.556632">
				<speed>5.944830</speed>
				<ele>21.340286</ele>
				<time>2026-09-05T01:12:50Z</time>
			</trkpt>
			<trkpt lat="35.366170" lon="139.556586">
				<speed>5.987477</speed>
				<ele>21.481164</ele>
				<time>2026-09-05T01:12:51Z</time>
			</trkpt>
			<trkpt lat="35.366214" lon="139.556542">
				<speed>5.668763</speed>
				<ele>21.387432</ele>
				<time>2026-09-05T01:12:52Z</time>
			</trkpt>
			<trkpt lat="35.366257" lon="139.556501">
				<speed>5.181932</speed>
				<ele>21.578964</ele>
				<time>2026-09-05T01:12:53Z</time>
			</trkpt>
			<trkpt lat="35.366338" lon="139.556428">
				<speed>4.332176</speed>
				<ele>21.510005</ele>
				<time>2026-09-05T01:12:55Z</time>
			</trkpt>
			<trkpt lat="35.366377" lon="139.556408">
				<speed>3.306734</speed>
				<ele>21.680993</ele>
				<time>2026-09-05T01:12:56Z</time>
			</trkpt>
			<trkpt lat="35.366424" lon="139.556389">
				<speed>1.731567</speed>
				<ele>20.288429</ele>
				<time>2026-09-05T01:13:07Z</time>
			</trkpt>
			<trkpt lat="35.366467" lon="139.556302">
				<speed>4.115648</speed>
				<ele>23.298805</ele>
				<time>2026-09-05T01:13:14Z</time>
			</trkpt>
			<trkpt lat="35.366508" lon="139.556224">
				<speed>4.176101</speed>
				<ele>22.324931</ele>
				<time>2026-09-05T01:13:16Z</time>
			</trkpt>
			<trkpt lat="35.366553" lon="139.556130">
				<speed>4.515068</speed>
				<ele>22.544614</ele>
				<time>2026-09-05T01:13:18Z</time>
			</trkpt>
			<trkpt lat="35.366597" lon="139.556028">
				<speed>4.158277</speed>
				<ele>22.242069</ele>
				<time>2026-09-05T01:13:20Z</time>
			</trkpt>
			<trkpt lat="35.366633" lon="139.555927">
				<speed>3.665950</speed>
				<ele>22.624421</ele>
				<time>2026-09-05T01:13:22Z</time>
			</trkpt>
			<trkpt lat="35.366637" lon="139.555840">
				<speed>3.935655</speed>
				<ele>22.856187</ele>
				<time>2026-09-05T01:13:24Z</time>
			</trkpt>
			<trkpt lat="35.366606" lon="139.555778">
				<speed>4.872448</speed>
				<ele>22.321971</ele>
				<time>2026-09-05T01:13:26Z</time>
			</trkpt>
			<trkpt lat="35.366543" lon="139.555722">
				<speed>5.347597</speed>
				<ele>22.255699</ele>
				<time>2026-09-05T01:13:28Z</time>
			</trkpt>
			<trkpt lat="35.366455" lon="139.555670">
				<speed>5.554075</speed>
				<ele>21.898362</ele>
				<time>2026-09-05T01:13:30Z</time>
			</trkpt>
			<trkpt lat="35.366352" lon="139.555621">
				<speed>5.662982</speed>
				<ele>21.961581</ele>
				<time>2026-09-05T01:13:32Z</time>
			</trkpt>
			<trkpt lat="35.366297" lon="139.555597">
				<speed>5.816304</speed>
				<ele>21.922000</ele>
				<time>2026-09-05T01:13:33Z</time>
			</trkpt>
			<trkpt lat="35.366241" lon="139.555572">
				<speed>5.907444</speed>
				<ele>21.934571</ele>
				<time>2026-09-05T01:13:34Z</time>
			</trkpt>
			<trkpt lat="35.366185" lon="139.555548">
				<speed>5.593309</speed>
				<ele>21.846443</ele>
				<time>2026-09-05T01:13:35Z</time>
			</trkpt>
			<trkpt lat="35.366129" lon="139.555524">
				<speed>5.325321</speed>
				<ele>21.716074</ele>
				<time>2026-09-05T01:13:36Z</time>
			</trkpt>
			<trkpt lat="35.366076" lon="139.555499">
				<speed>5.146702</speed>
				<ele>21.553980</ele>
				<time>2026-09-05T01:13:37Z</time>
			</trkpt>
			<trkpt lat="35.366024" lon="139.555475">
				<speed>5.183943</speed>
				<ele>21.136577</ele>
				<time>2026-09-05T01:13:38Z</time>
			</trkpt>
			<trkpt lat="35.365972" lon="139.555453">
				<speed>5.140811</speed>
				<ele>21.270288</ele>
				<time>2026-09-05T01:13:39Z</time>
			</trkpt>
			<trkpt lat="35.365873" lon="139.555417">
				<speed>4.827146</speed>
				<ele>21.018596</ele>
				<time>2026-09-05T01:13:41Z</time>
			</trkpt>
			<trkpt lat="35.365782" lon="139.555392">
				<speed>4.741922</speed>
				<ele>20.918836</ele>
				<time>2026-09-05T01:13:43Z</time>
			</trkpt>
			<trkpt lat="35.365694" lon="139.555369">
				<speed>4.961034</speed>
				<ele>20.629772</ele>
				<time>2026-09-05T01:13:45Z</time>
			</trkpt>
			<trkpt lat="35.365605" lon="139.555342">
				<speed>5.313346</speed>
				<ele>20.430495</ele>
				<time>2026-09-05T01:13:47Z</time>
			</trkpt>
			<trkpt lat="35.365515" lon="139.555312">
				<speed>5.461461</speed>
				<ele>20.262565</ele>
				<time>2026-09-05T01:13:49Z</time>
			</trkpt>
			<trkpt lat="35.365424" lon="139.555281">
				<speed>4.676653</speed>
				<ele>20.033731</ele>
				<time>2026-09-05T01:13:51Z</time>
			</trkpt>
			<trkpt lat="35.365339" lon="139.555251">
				<speed>4.623376</speed>
				<ele>19.493553</ele>
				<time>2026-09-05T01:13:53Z</time>
			</trkpt>
			<trkpt lat="35.365253" lon="139.555226">
				<speed>5.360087</speed>
				<ele>19.597000</ele>
				<time>2026-09-05T01:13:55Z</time>
			</trkpt>
			<trkpt lat="35.365159" lon="139.555206">
				<speed>5.705221</speed>
				<ele>19.486057</ele>
				<time>2026-09-05T01:13:57Z</time>
			</trkpt>
			<trkpt lat="35.365061" lon="139.555195">
				<speed>5.679281</speed>
				<ele>19.930267</ele>
				<time>2026-09-05T01:13:59Z</time>
			</trkpt>
			<trkpt lat="35.364959" lon="139.555189">
				<speed>5.552892</speed>
				<ele>19.197500</ele>
				<time>2026-09-05T01:14:01Z</time>
			</trkpt>
			<trkpt lat="35.364863" lon="139.555178">
				<speed>4.325677</speed>
				<ele>19.854365</ele>
				<time>2026-09-05T01:14:03Z</time>
			</trkpt>
			<trkpt lat="35.364787" lon="139.555158">
				<speed>2.812708</speed>
				<ele>19.558656</ele>
				<time>2026-09-05T01:14:05Z</time>
			</trkpt>
			<trkpt lat="35.364738" lon="139.555120">
				<speed>3.236349</speed>
				<ele>19.621260</ele>
				<time>2026-09-05T01:14:09Z</time>
			</trkpt>
			<trkpt lat="35.364768" lon="139.555024">
				<speed>3.829820</speed>
				<ele>19.859225</ele>
				<time>2026-09-05T01:14:12Z</time>
			</trkpt>
			<trkpt lat="35.364805" lon="139.554911">
				<speed>4.044985</speed>
				<ele>19.866061</ele>
				<time>2026-09-05T01:14:14Z</time>
			</trkpt>
			<trkpt lat="35.364844" lon="139.554796">
				<speed>4.228684</speed>
				<ele>19.885045</ele>
				<time>2026-09-05T01:14:16Z</time>
			</trkpt>
			<trkpt lat="35.364882" lon="139.554683">
				<speed>4.273804</speed>
				<ele>19.758616</ele>
				<time>2026-09-05T01:14:18Z</time>
			</trkpt>
			<trkpt lat="35.364915" lon="139.554577">
				<speed>3.270801</speed>
				<ele>19.706172</ele>
				<time>2026-09-05T01:14:20Z</time>
			</trkpt>
			<trkpt lat="35.364925" lon="139.554531">
				<speed>2.349886</speed>
				<ele>19.446732</ele>
				<time>2026-09-05T01:14:21Z</time>
			</trkpt>
			<trkpt lat="35.364923" lon="139.554465">
				<speed>2.510272</speed>
				<ele>19.396401</ele>
				<time>2026-09-05T01:14:23Z</time>
			</trkpt>
			<trkpt lat="35.364875" lon="139.554407">
				<speed>3.567105</speed>
				<ele>19.648103</ele>
				<time>2026-09-05T01:14:26Z</time>
			</trkpt>
			<trkpt lat="35.364827" lon="139.554371">
				<speed>2.899876</speed>
				<ele>19.786033</ele>
				<time>2026-09-05T01:14:28Z</time>
			</trkpt>
			<trkpt lat="35.364778" lon="139.554336">
				<speed>2.779531</speed>
				<ele>19.538263</ele>
				<time>2026-09-05T01:14:30Z</time>
			</trkpt>
			<trkpt lat="35.364734" lon="139.554301">
				<speed>2.244027</speed>
				<ele>19.301936</ele>
				<time>2026-09-05T01:14:32Z</time>
			</trkpt>
			<trkpt lat="35.364702" lon="139.554260">
				<speed>2.470961</speed>
				<ele>18.911801</ele>
				<time>2026-09-05T01:14:34Z</time>
			</trkpt>
			<trkpt lat="35.364709" lon="139.554192">
				<speed>4.041773</speed>
				<ele>18.766569</ele>
				<time>2026-09-05T01:14:37Z</time>
			</trkpt>
			<trkpt lat="35.364739" lon="139.554126">
				<speed>4.494019</speed>
				<ele>19.092096</ele>
				<time>2026-09-05T01:14:39Z</time>
			</trkpt>
			<trkpt lat="35.364778" lon="139.554045">
				<speed>4.436789</speed>
				<ele>19.197285</ele>
				<time>2026-09-05T01:14:41Z</time>
			</trkpt>
			<trkpt lat="35.364819" lon="139.553955">
				<speed>4.396998</speed>
				<ele>19.342047</ele>
				<time>2026-09-05T01:14:43Z</time>
			</trkpt>
			<trkpt lat="35.364855" lon="139.553856">
				<speed>4.904149</speed>
				<ele>19.328538</ele>
				<time>2026-09-05T01:14:45Z</time>
			</trkpt>
			<trkpt lat="35.364885" lon="139.553747">
				<speed>5.192248</speed>
				<ele>19.686471</ele>
				<time>2026-09-05T01:14:47Z</time>
			</trkpt>
			<trkpt lat="35.364895" lon="139.553628">
				<speed>5.338687</speed>
				<ele>19.506039</ele>
				<time>2026-09-05T01:14:49Z</time>
			</trkpt>
			<trkpt lat="35.364891" lon="139.553480">
				<speed>5.462269</speed>
				<ele>19.718427</ele>
				<time>2026-09-05T01:14:51Z</time>
			</trkpt>
			<trkpt lat="35.364889" lon="139.553370">
				<speed>5.434848</speed>
				<ele>19.761802</ele>
				<time>2026-09-05T01:14:53Z</time>
			</trkpt>
			<trkpt lat="35.364890" lon="139.553244">
				<speed>5.219386</speed>
				<ele>19.609605</ele>
				<time>2026-09-05T01:14:55Z</time>
			</trkpt>
			<trkpt lat="35.364894" lon="139.553115">
				<speed>6.155592</speed>
				<ele>18.602321</ele>
				<time>2026-09-05T01:14:57Z</time>
			</trkpt>
			<trkpt lat="35.364898" lon="139.553047">
				<speed>6.294107</speed>
				<ele>18.936883</ele>
				<time>2026-09-05T01:14:58Z</time>
			</trkpt>
			<trkpt lat="35.364903" lon="139.552979">
				<speed>6.147195</speed>
				<ele>19.282622</ele>
				<time>2026-09-05T01:14:59Z</time>
			</trkpt>
			<trkpt lat="35.364908" lon="139.552911">
				<speed>6.053932</speed>
				<ele>19.081128</ele>
				<time>2026-09-05T01:15:00Z</time>
			</trkpt>
			<trkpt lat="35.364914" lon="139.552842">
				<speed>6.089565</speed>
				<ele>19.132649</ele>
				<time>2026-09-05T01:15:01Z</time>
			</trkpt>
			<trkpt lat="35.364920" lon="139.552773">
				<speed>6.160920</speed>
				<ele>19.212523</ele>
				<time>2026-09-05T01:15:02Z</time>
			</trkpt>
			<trkpt lat="35.364927" lon="139.552704">
				<speed>6.160151</speed>
				<ele>19.532837</ele>
				<time>2026-09-05T01:15:03Z</time>
			</trkpt>
			<trkpt lat="35.364934" lon="139.552635">
				<speed>6.028579</speed>
				<ele>19.927447</ele>
				<time>2026-09-05T01:15:04Z</time>
			</trkpt>
			<trkpt lat="35.364941" lon="139.552568">
				<speed>5.733159</speed>
				<ele>20.550341</ele>
				<time>2026-09-05T01:15:05Z</time>
			</trkpt>
			<trkpt lat="35.364955" lon="139.552441">
				<speed>4.978000</speed>
				<ele>21.360547</ele>
				<time>2026-09-05T01:15:07Z</time>
			</trkpt>
			<trkpt lat="35.364968" lon="139.552327">
				<speed>3.971198</speed>
				<ele>21.020849</ele>
				<time>2026-09-05T01:15:09Z</time>
			</trkpt>
			<trkpt lat="35.364979" lon="139.552229">
				<speed>3.144475</speed>
				<ele>22.581880</ele>
				<time>2026-09-05T01:15:11Z</time>
			</trkpt>
			<trkpt lat="35.364990" lon="139.552132">
				<speed>1.044502</speed>
				<ele>21.751950</ele>
				<time>2026-09-05T01:15:14Z</time>
			</trkpt>
			<trkpt lat="35.365010" lon="139.552070">
				<speed>2.981201</speed>
				<ele>26.286803</ele>
				<time>2026-09-05T01:16:34Z</time>
			</trkpt>
			<trkpt lat="35.365020" lon="139.551979">
				<speed>5.328411</speed>
				<ele>24.510672</ele>
				<time>2026-09-05T01:16:41Z</time>
			</trkpt>
			<trkpt lat="35.365039" lon="139.551871">
				<speed>6.161753</speed>
				<ele>23.875326</ele>
				<time>2026-09-05T01:16:43Z</time>
			</trkpt>
			<trkpt lat="35.365053" lon="139.551792">
				<speed>6.601129</speed>
				<ele>23.430337</ele>
				<time>2026-09-05T01:16:44Z</time>
			</trkpt>
			<trkpt lat="35.365068" lon="139.551701">
				<speed>7.031975</speed>
				<ele>23.002617</ele>
				<time>2026-09-05T01:16:45Z</time>
			</trkpt>
			<trkpt lat="35.365083" lon="139.551602">
				<speed>7.297955</speed>
				<ele>22.916430</ele>
				<time>2026-09-05T01:16:46Z</time>
			</trkpt>
			<trkpt lat="35.365098" lon="139.551500">
				<speed>7.238595</speed>
				<ele>23.030407</ele>
				<time>2026-09-05T01:16:47Z</time>
			</trkpt>
			<trkpt lat="35.365111" lon="139.551398">
				<speed>7.076278</speed>
				<ele>22.825441</ele>
				<time>2026-09-05T01:16:48Z</time>
			</trkpt>
			<trkpt lat="35.365121" lon="139.551298">
				<speed>6.818197</speed>
				<ele>22.718718</ele>
				<time>2026-09-05T01:16:49Z</time>
			</trkpt>
			<trkpt lat="35.365130" lon="139.551202">
				<speed>6.727526</speed>
				<ele>22.782313</ele>
				<time>2026-09-05T01:16:50Z</time>
			</trkpt>
			<trkpt lat="35.365136" lon="139.551110">
				<speed>6.682905</speed>
				<ele>22.542365</ele>
				<time>2026-09-05T01:16:51Z</time>
			</trkpt>
			<trkpt lat="35.365139" lon="139.551021">
				<speed>6.472835</speed>
				<ele>22.783904</ele>
				<time>2026-09-05T01:16:52Z</time>
			</trkpt>
			<trkpt lat="35.365140" lon="139.550937">
				<speed>6.303017</speed>
				<ele>22.758191</ele>
				<time>2026-09-05T01:16:53Z</time>
			</trkpt>
			<trkpt lat="35.365139" lon="139.550857">
				<speed>6.029752</speed>
				<ele>22.379856</ele>
				<time>2026-09-05T01:16:54Z</time>
			</trkpt>
			<trkpt lat="35.365136" lon="139.550782">
				<speed>5.912439</speed>
				<ele>22.064120</ele>
				<time>2026-09-05T01:16:55Z</time>
			</trkpt>
			<trkpt lat="35.365133" lon="139.550711">
				<speed>5.751513</speed>
				<ele>22.060415</ele>
				<time>2026-09-05T01:16:56Z</time>
			</trkpt>
			<trkpt lat="35.365129" lon="139.550644">
				<speed>5.592173</speed>
				<ele>21.741718</ele>
				<time>2026-09-05T01:16:57Z</time>
			</trkpt>
			<trkpt lat="35.365114" lon="139.550519">
				<speed>5.614392</speed>
				<ele>21.401108</ele>
				<time>2026-09-05T01:16:59Z</time>
			</trkpt>
			<trkpt lat="35.365093" lon="139.550400">
				<speed>5.895038</speed>
				<ele>21.087733</ele>
				<time>2026-09-05T01:17:01Z</time>
			</trkpt>
			<trkpt lat="35.365067" lon="139.550283">
				<speed>5.904119</speed>
				<ele>20.860279</ele>
				<time>2026-09-05T01:17:03Z</time>
			</trkpt>
			<trkpt lat="35.365040" lon="139.550164">
				<speed>6.054790</speed>
				<ele>20.413839</ele>
				<time>2026-09-05T01:17:05Z</time>
			</trkpt>
			<trkpt lat="35.365014" lon="139.550041">
				<speed>6.158071</speed>
				<ele>20.076769</ele>
				<time>2026-09-05T01:17:07Z</time>
			</trkpt>
			<trkpt lat="35.364991" lon="139.549916">
				<speed>6.020817</speed>
				<ele>20.018317</ele>
				<time>2026-09-05T01:17:09Z</time>
			</trkpt>
			<trkpt lat="35.364968" lon="139.549788">
				<speed>6.219211</speed>
				<ele>19.667875</ele>
				<time>2026-09-05T01:17:11Z</time>
			</trkpt>
			<trkpt lat="35.364957" lon="139.549722">
				<speed>6.388984</speed>
				<ele>18.800120</ele>
				<time>2026-09-05T01:17:12Z</time>
			</trkpt>
			<trkpt lat="35.364946" lon="139.549655">
				<speed>6.400275</speed>
				<ele>19.103448</ele>
				<time>2026-09-05T01:17:13Z</time>
			</trkpt>
			<trkpt lat="35.364934" lon="139.549587">
				<speed>6.217937</speed>
				<ele>18.997364</ele>
				<time>2026-09-05T01:17:14Z</time>
			</trkpt>
			<trkpt lat="35.364923" lon="139.549520">
				<speed>6.256365</speed>
				<ele>19.090430</ele>
				<time>2026-09-05T01:17:15Z</time>
			</trkpt>
			<trkpt lat="35.364911" lon="139.549452">
				<speed>6.206986</speed>
				<ele>18.980449</ele>
				<time>2026-09-05T01:17:16Z</time>
			</trkpt>
			<trkpt lat="35.364900" lon="139.549385">
				<speed>6.182213</speed>
				<ele>18.796847</ele>
				<time>2026-09-05T01:17:17Z</time>
			</trkpt>
			<trkpt lat="35.364889" lon="139.549317">
				<speed>6.198511</speed>
				<ele>18.815704</ele>
				<time>2026-09-05T01:17:18Z</time>
			</trkpt>
			<trkpt lat="35.364878" lon="139.549250">
				<speed>6.222064</speed>
				<ele>18.821232</ele>
				<time>2026-09-05T01:17:19Z</time>
			</trkpt>
			<trkpt lat="35.364866" lon="139.549182">
				<speed>6.334849</speed>
				<ele>18.831714</ele>
				<time>2026-09-05T01:17:20Z</time>
			</trkpt>
			<trkpt lat="35.364854" lon="139.549114">
				<speed>6.330831</speed>
				<ele>18.711112</ele>
				<time>2026-09-05T01:17:21Z</time>
			</trkpt>
			<trkpt lat="35.364842" lon="139.549047">
				<speed>6.200105</speed>
				<ele>18.757268</ele>
				<time>2026-09-05T01:17:22Z</time>
			</trkpt>
			<trkpt lat="35.364829" lon="139.548979">
				<speed>6.287264</speed>
				<ele>18.819124</ele>
				<time>2026-09-05T01:17:23Z</time>
			</trkpt>
			<trkpt lat="35.364817" lon="139.548911">
				<speed>6.239229</speed>
				<ele>18.589239</ele>
				<time>2026-09-05T01:17:24Z</time>
			</trkpt>
			<trkpt lat="35.364804" lon="139.548844">
				<speed>6.045874</speed>
				<ele>18.880411</ele>
				<time>2026-09-05T01:17:25Z</time>
			</trkpt>
			<trkpt lat="35.364792" lon="139.548777">
				<speed>5.963002</speed>
				<ele>18.964904</ele>
				<time>2026-09-05T01:17:26Z</time>
			</trkpt>
			<trkpt lat="35.364778" lon="139.548712">
				<speed>5.739661</speed>
				<ele>18.972942</ele>
				<time>2026-09-05T01:17:27Z</time>
			</trkpt>
			<trkpt lat="35.364751" lon="139.548592">
				<speed>4.588569</speed>
				<ele>19.210421</ele>
				<time>2026-09-05T01:17:29Z</time>
			</trkpt>
			<trkpt lat="35.364728" lon="139.548493">
				<speed>3.396219</speed>
				<ele>19.303562</ele>
				<time>2026-09-05T01:17:31Z</time>
			</trkpt>
			<trkpt lat="35.364711" lon="139.548413">
				<speed>3.380892</speed>
				<ele>19.357156</ele>
				<time>2026-09-05T01:17:33Z</time>
			</trkpt>
			<trkpt lat="35.364698" lon="139.548341">
				<speed>3.705675</speed>
				<ele>18.871874</ele>
				<time>2026-09-05T01:17:35Z</time>
			</trkpt>
			<trkpt lat="35.364687" lon="139.548266">
				<speed>4.233011</speed>
				<ele>17.077836</ele>
				<time>2026-09-05T01:17:37Z</time>
			</trkpt>
			<trkpt lat="35.364674" lon="139.548179">
				<speed>5.689579</speed>
				<ele>15.999711</ele>
				<time>2026-09-05T01:17:39Z</time>
			</trkpt>
			<trkpt lat="35.364658" lon="139.548068">
				<speed>6.752902</speed>
				<ele>15.594680</ele>
				<time>2026-09-05T01:17:41Z</time>
			</trkpt>
			<trkpt lat="35.364639" lon="139.547934">
				<speed>6.658629</speed>
				<ele>15.814931</ele>
				<time>2026-09-05T01:17:43Z</time>
			</trkpt>
			<trkpt lat="35.364628" lon="139.547862">
				<speed>6.737337</speed>
				<ele>15.577375</ele>
				<time>2026-09-05T01:17:44Z</time>
			</trkpt>
			<trkpt lat="35.364616" lon="139.547788">
				<speed>6.693130</speed>
				<ele>15.603557</ele>
				<time>2026-09-05T01:17:45Z</time>
			</trkpt>
			<trkpt lat="35.364604" lon="139.547713">
				<speed>6.613542</speed>
				<ele>15.782908</ele>
				<time>2026-09-05T01:17:46Z</time>
			</trkpt>
			<trkpt lat="35.364591" lon="139.547636">
				<speed>6.688782</speed>
				<ele>15.761444</ele>
				<time>2026-09-05T01:17:47Z</time>
			</trkpt>
			<trkpt lat="35.364576" lon="139.547559">
				<speed>6.693524</speed>
				<ele>15.809489</ele>
				<time>2026-09-05T01:17:48Z</time>
			</trkpt>
			<trkpt lat="35.364560" lon="139.547483">
				<speed>6.650268</speed>
				<ele>15.889754</ele>
				<time>2026-09-05T01:17:49Z</time>
			</trkpt>
			<trkpt lat="35.364543" lon="139.547407">
				<speed>6.538610</speed>
				<ele>15.877178</ele>
				<time>2026-09-05T01:17:50Z</time>
			</trkpt>
			<trkpt lat="35.364526" lon="139.547331">
				<speed>6.475190</speed>
				<ele>16.038362</ele>
				<time>2026-09-05T01:17:51Z</time>
			</trkpt>
			<trkpt lat="35.364507" lon="139.547257">
				<speed>6.463558</speed>
				<ele>16.126885</ele>
				<time>2026-09-05T01:17:52Z</time>
			</trkpt>
			<trkpt lat="35.364488" lon="139.547184">
				<speed>6.639332</speed>
				<ele>16.047985</ele>
				<time>2026-09-05T01:17:53Z</time>
			</trkpt>
			<trkpt lat="35.364468" lon="139.547111">
				<speed>6.563719</speed>
				<ele>16.015263</ele>
				<time>2026-09-05T01:17:54Z</time>
			</trkpt>
			<trkpt lat="35.364446" lon="139.547040">
				<speed>6.655626</speed>
				<ele>16.355956</ele>
				<time>2026-09-05T01:17:55Z</time>
			</trkpt>
			<trkpt lat="35.364424" lon="139.546970">
				<speed>6.407675</speed>
				<ele>16.574420</ele>
				<time>2026-09-05T01:17:56Z</time>
			</trkpt>
			<trkpt lat="35.364401" lon="139.546905">
				<speed>5.333504</speed>
				<ele>16.841695</ele>
				<time>2026-09-05T01:17:57Z</time>
			</trkpt>
			<trkpt lat="35.364358" lon="139.546792">
				<speed>4.492665</speed>
				<ele>17.444785</ele>
				<time>2026-09-05T01:17:59Z</time>
			</trkpt>
			<trkpt lat="35.364322" lon="139.546697">
				<speed>4.181335</speed>
				<ele>17.528293</ele>
				<time>2026-09-05T01:18:01Z</time>
			</trkpt>
			<trkpt lat="35.364291" lon="139.546613">
				<speed>4.179403</speed>
				<ele>17.487343</ele>
				<time>2026-09-05T01:18:03Z</time>
			</trkpt>
			<trkpt lat="35.364270" lon="139.546534">
				<speed>4.262560</speed>
				<ele>17.373480</ele>
				<time>2026-09-05T01:18:05Z</time>
			</trkpt>
			<trkpt lat="35.364250" lon="139.546448">
				<speed>5.394499</speed>
				<ele>16.840722</ele>
				<time>2026-09-05T01:18:07Z</time>
			</trkpt>
			<trkpt lat="35.364239" lon="139.546350">
				<speed>5.840365</speed>
				<ele>16.818098</ele>
				<time>2026-09-05T01:18:09Z</time>
			</trkpt>
			<trkpt lat="35.364250" lon="139.546272">
				<speed>6.042150</speed>
				<ele>16.818098</ele>
				<time>2026-09-05T01:18:10Z</time>
			</trkpt>
			<trkpt lat="35.364265" lon="139.546195">
				<speed>6.104399</speed>
				<ele>16.823630</ele>
				<time>2026-09-05T01:18:11Z</time>
			</trkpt>
			<trkpt lat="35.364286" lon="139.546048">
				<speed>6.135400</speed>
				<ele>17.027251</ele>
				<time>2026-09-05T01:18:13Z</time>
			</trkpt>
			<trkpt lat="35.364290" lon="139.545907">
				<speed>6.104394</speed>
				<ele>16.870155</ele>
				<time>2026-09-05T01:18:15Z</time>
			</trkpt>
			<trkpt lat="35.364278" lon="139.545770">
				<speed>5.987887</speed>
				<ele>16.830597</ele>
				<time>2026-09-05T01:18:17Z</time>
			</trkpt>
			<trkpt lat="35.364253" lon="139.545638">
				<speed>6.004775</speed>
				<ele>16.714761</ele>
				<time>2026-09-05T01:18:19Z</time>
			</trkpt>
			<trkpt lat="35.364218" lon="139.545504">
				<speed>6.809239</speed>
				<ele>15.812846</ele>
				<time>2026-09-05T01:18:21Z</time>
			</trkpt>
			<trkpt lat="35.364175" lon="139.545362">
				<speed>7.216375</speed>
				<ele>16.128234</ele>
				<time>2026-09-05T01:18:23Z</time>
			</trkpt>
			<trkpt lat="35.364151" lon="139.545289">
				<speed>7.121027</speed>
				<ele>16.123882</ele>
				<time>2026-09-05T01:18:24Z</time>
			</trkpt>
			<trkpt lat="35.364127" lon="139.545216">
				<speed>6.986113</speed>
				<ele>16.144370</ele>
				<time>2026-09-05T01:18:25Z</time>
			</trkpt>
			<trkpt lat="35.364102" lon="139.545143">
				<speed>6.881709</speed>
				<ele>16.133925</ele>
				<time>2026-09-05T01:18:26Z</time>
			</trkpt>
			<trkpt lat="35.364078" lon="139.545070">
				<speed>6.842196</speed>
				<ele>16.201087</ele>
				<time>2026-09-05T01:18:27Z</time>
			</trkpt>
			<trkpt lat="35.364053" lon="139.544998">
				<speed>6.691829</speed>
				<ele>15.878258</ele>
				<time>2026-09-05T01:18:28Z</time>
			</trkpt>
			<trkpt lat="35.364029" lon="139.544925">
				<speed>6.846060</speed>
				<ele>16.052968</ele>
				<time>2026-09-05T01:18:29Z</time>
			</trkpt>
			<trkpt lat="35.364005" lon="139.544853">
				<speed>6.904170</speed>
				<ele>16.167258</ele>
				<time>2026-09-05T01:18:30Z</time>
			</trkpt>
			<trkpt lat="35.363981" lon="139.544781">
				<speed>6.850294</speed>
				<ele>16.369652</ele>
				<time>2026-09-05T01:18:31Z</time>
			</trkpt>
			<trkpt lat="35.363957" lon="139.544709">
				<speed>6.817179</speed>
				<ele>16.452371</ele>
				<time>2026-09-05T01:18:32Z</time>
			</trkpt>
			<trkpt lat="35.363934" lon="139.544638">
				<speed>6.736768</speed>
				<ele>16.552934</ele>
				<time>2026-09-05T01:18:33Z</time>
			</trkpt>
			<trkpt lat="35.363911" lon="139.544566">
				<speed>6.906654</speed>
				<ele>16.738781</ele>
				<time>2026-09-05T01:18:34Z</time>
			</trkpt>
			<trkpt lat="35.363889" lon="139.544495">
				<speed>6.803825</speed>
				<ele>16.621660</ele>
				<time>2026-09-05T01:18:35Z</time>
			</trkpt>
			<trkpt lat="35.363867" lon="139.544424">
				<speed>6.892405</speed>
				<ele>16.592992</ele>
				<time>2026-09-05T01:18:36Z</time>
			</trkpt>
			<trkpt lat="35.363845" lon="139.544353">
				<speed>6.722075</speed>
				<ele>16.764196</ele>
				<time>2026-09-05T01:18:37Z</time>
			</trkpt>
			<trkpt lat="35.363823" lon="139.544282">
				<speed>6.756608</speed>
				<ele>16.498248</ele>
				<time>2026-09-05T01:18:38Z</time>
			</trkpt>
			<trkpt lat="35.363801" lon="139.544212">
				<speed>6.873985</speed>
				<ele>16.699749</ele>
				<time>2026-09-05T01:18:39Z</time>
			</trkpt>
			<trkpt lat="35.363780" lon="139.544141">
				<speed>6.810256</speed>
				<ele>16.663310</ele>
				<time>2026-09-05T01:18:40Z</time>
			</trkpt>
			<trkpt lat="35.363759" lon="139.544071">
				<speed>6.807337</speed>
				<ele>16.504462</ele>
				<time>2026-09-05T01:18:41Z</time>
			</trkpt>
			<trkpt lat="35.363717" lon="139.543930">
				<speed>6.755711</speed>
				<ele>16.542956</ele>
				<time>2026-09-05T01:18:43Z</time>
			</trkpt>
			<trkpt lat="35.363696" lon="139.543860">
				<speed>6.824586</speed>
				<ele>16.601079</ele>
				<time>2026-09-05T01:18:44Z</time>
			</trkpt>
			<trkpt lat="35.363675" lon="139.543790">
				<speed>6.758099</speed>
				<ele>16.536470</ele>
				<time>2026-09-05T01:18:45Z</time>
			</trkpt>
			<trkpt lat="35.363654" lon="139.543720">
				<speed>6.740334</speed>
				<ele>16.505413</ele>
				<time>2026-09-05T01:18:46Z</time>
			</trkpt>
			<trkpt lat="35.363634" lon="139.543652">
				<speed>6.227743</speed>
				<ele>16.852115</ele>
				<time>2026-09-05T01:18:47Z</time>
			</trkpt>
			<trkpt lat="35.363614" lon="139.543587">
				<speed>5.529270</speed>
				<ele>17.014566</ele>
				<time>2026-09-05T01:18:48Z</time>
			</trkpt>
			<trkpt lat="35.363580" lon="139.543470">
				<speed>5.458717</speed>
				<ele>16.219483</ele>
				<time>2026-09-05T01:18:50Z</time>
			</trkpt>
			<trkpt lat="35.363546" lon="139.543354">
				<speed>6.137416</speed>
				<ele>15.659131</ele>
				<time>2026-09-05T01:18:52Z</time>
			</trkpt>
			<trkpt lat="35.363510" lon="139.543233">
				<speed>6.484917</speed>
				<ele>15.122970</ele>
				<time>2026-09-05T01:18:54Z</time>
			</trkpt>
			<trkpt lat="35.363473" lon="139.543108">
				<speed>6.281062</speed>
				<ele>15.038906</ele>
				<time>2026-09-05T01:18:56Z</time>
			</trkpt>
			<trkpt lat="35.363436" lon="139.542982">
				<speed>6.075286</speed>
				<ele>15.073294</ele>
				<time>2026-09-05T01:18:58Z</time>
			</trkpt>
			<trkpt lat="35.363398" lon="139.542853">
				<speed>6.409631</speed>
				<ele>15.108047</ele>
				<time>2026-09-05T01:19:00Z</time>
			</trkpt>
			<trkpt lat="35.363359" lon="139.542721">
				<speed>6.595128</speed>
				<ele>15.123092</ele>
				<time>2026-09-05T01:19:02Z</time>
			</trkpt>
			<trkpt lat="35.363320" lon="139.542587">
				<speed>6.011421</speed>
				<ele>15.127972</ele>
				<time>2026-09-05T01:19:04Z</time>
			</trkpt>
			<trkpt lat="35.363285" lon="139.542470">
				<speed>3.840210</speed>
				<ele>15.188107</ele>
				<time>2026-09-05T01:19:06Z</time>
			</trkpt>
			<trkpt lat="35.363257" lon="139.542375">
				<speed>3.857681</speed>
				<ele>15.117504</ele>
				<time>2026-09-05T01:19:08Z</time>
			</trkpt>
			<trkpt lat="35.363231" lon="139.542288">
				<speed>4.697745</speed>
				<ele>15.281697</ele>
				<time>2026-09-05T01:19:10Z</time>
			</trkpt>
			<trkpt lat="35.363204" lon="139.542195">
				<speed>5.487122</speed>
				<ele>15.174385</ele>
				<time>2026-09-05T01:19:12Z</time>
			</trkpt>
			<trkpt lat="35.363173" lon="139.542091">
				<speed>6.102098</speed>
				<ele>15.363848</ele>
				<time>2026-09-05T01:19:14Z</time>
			</trkpt>
			<trkpt lat="35.363139" lon="139.541976">
				<speed>6.003896</speed>
				<ele>15.057197</ele>
				<time>2026-09-05T01:19:16Z</time>
			</trkpt>
			<trkpt lat="35.363103" lon="139.541856">
				<speed>5.990871</speed>
				<ele>15.026790</ele>
				<time>2026-09-05T01:19:18Z</time>
			</trkpt>
			<trkpt lat="35.363024" lon="139.541747">
				<speed>5.973490</speed>
				<ele>15.136430</ele>
				<time>2026-09-05T01:19:20Z</time>
			</trkpt>
			<trkpt lat="35.362975" lon="139.541693">
				<speed>6.074060</speed>
				<ele>15.130954</ele>
				<time>2026-09-05T01:19:21Z</time>
			</trkpt>
			<trkpt lat="35.362928" lon="139.541641">
				<speed>6.044998</speed>
				<ele>15.473164</ele>
				<time>2026-09-05T01:19:22Z</time>
			</trkpt>
			<trkpt lat="35.362886" lon="139.541588">
				<speed>5.998564</speed>
				<ele>15.732785</ele>
				<time>2026-09-05T01:19:23Z</time>
			</trkpt>
			<trkpt lat="35.362847" lon="139.541534">
				<speed>6.070952</speed>
				<ele>16.111649</ele>
				<time>2026-09-05T01:19:24Z</time>
			</trkpt>
			<trkpt lat="35.362813" lon="139.541479">
				<speed>5.900368</speed>
				<ele>16.087976</ele>
				<time>2026-09-05T01:19:25Z</time>
			</trkpt>
			<trkpt lat="35.362781" lon="139.541422">
				<speed>6.127688</speed>
				<ele>15.765631</ele>
				<time>2026-09-05T01:19:26Z</time>
			</trkpt>
			<trkpt lat="35.362752" lon="139.541364">
				<speed>6.026753</speed>
				<ele>15.793459</ele>
				<time>2026-09-05T01:19:27Z</time>
			</trkpt>
			<trkpt lat="35.362725" lon="139.541304">
				<speed>6.092377</speed>
				<ele>15.705320</ele>
				<time>2026-09-05T01:19:28Z</time>
			</trkpt>
			<trkpt lat="35.362701" lon="139.541244">
				<speed>5.950302</speed>
				<ele>15.719278</ele>
				<time>2026-09-05T01:19:29Z</time>
			</trkpt>
			<trkpt lat="35.362679" lon="139.541184">
				<speed>5.732341</speed>
				<ele>15.828048</ele>
				<time>2026-09-05T01:19:30Z</time>
			</trkpt>
			<trkpt lat="35.362639" lon="139.541069">
				<speed>4.675232</speed>
				<ele>16.446767</ele>
				<time>2026-09-05T01:19:32Z</time>
			</trkpt>
			<trkpt lat="35.362608" lon="139.540971">
				<speed>3.458290</speed>
				<ele>16.302343</ele>
				<time>2026-09-05T01:19:34Z</time>
			</trkpt>
			<trkpt lat="35.362590" lon="139.540893">
				<speed>2.661832</speed>
				<ele>16.356378</ele>
				<time>2026-09-05T01:19:36Z</time>
			</trkpt>
			<trkpt lat="35.362579" lon="139.540836">
				<speed>2.191192</speed>
				<ele>16.558271</ele>
				<time>2026-09-05T01:19:38Z</time>
			</trkpt>
			<trkpt lat="35.362565" lon="139.540764">
				<speed>3.690100</speed>
				<ele>16.278558</ele>
				<time>2026-09-05T01:19:41Z</time>
			</trkpt>
			<trkpt lat="35.362553" lon="139.540660">
				<speed>4.927919</speed>
				<ele>16.329319</ele>
				<time>2026-09-05T01:19:44Z</time>
			</trkpt>
			<trkpt lat="35.362549" lon="139.540566">
				<speed>5.430700</speed>
				<ele>16.428398</ele>
				<time>2026-09-05T01:19:46Z</time>
			</trkpt>
			<trkpt lat="35.362545" lon="139.540454">
				<speed>5.645303</speed>
				<ele>16.508853</ele>
				<time>2026-09-05T01:19:48Z</time>
			</trkpt>
			<trkpt lat="35.362525" lon="139.540341">
				<speed>5.730219</speed>
				<ele>16.342134</ele>
				<time>2026-09-05T01:19:50Z</time>
			</trkpt>
			<trkpt lat="35.362492" lon="139.540232">
				<speed>5.891790</speed>
				<ele>15.181870</ele>
				<time>2026-09-05T01:19:52Z</time>
			</trkpt>
			<trkpt lat="35.362454" lon="139.540126">
				<speed>5.152443</speed>
				<ele>15.239009</ele>
				<time>2026-09-05T01:19:54Z</time>
			</trkpt>
			<trkpt lat="35.362438" lon="139.540034">
				<speed>4.759597</speed>
				<ele>15.311005</ele>
				<time>2026-09-05T01:19:56Z</time>
			</trkpt>
			<trkpt lat="35.362460" lon="139.539963">
				<speed>4.646048</speed>
				<ele>15.772272</ele>
				<time>2026-09-05T01:19:57Z</time>
			</trkpt>
			<trkpt lat="35.362492" lon="139.539891">
				<speed>4.150159</speed>
				<ele>15.688976</ele>
				<time>2026-09-05T01:19:58Z</time>
			</trkpt>
			<trkpt lat="35.362525" lon="139.539824">
				<speed>4.162070</speed>
				<ele>15.652114</ele>
				<time>2026-09-05T01:19:59Z</time>
			</trkpt>
			<trkpt lat="35.362556" lon="139.539760">
				<speed>4.170458</speed>
				<ele>15.439238</ele>
				<time>2026-09-05T01:20:00Z</time>
			</trkpt>
			<trkpt lat="35.362584" lon="139.539701">
				<speed>4.273352</speed>
				<ele>15.170104</ele>
				<time>2026-09-05T01:20:01Z</time>
			</trkpt>
			<trkpt lat="35.362634" lon="139.539591">
				<speed>4.618151</speed>
				<ele>15.457996</ele>
				<time>2026-09-05T01:20:03Z</time>
			</trkpt>
			<trkpt lat="35.362680" lon="139.539487">
				<speed>4.863897</speed>
				<ele>15.323540</ele>
				<time>2026-09-05T01:20:05Z</time>
			</trkpt>
			<trkpt lat="35.362722" lon="139.539386">
				<speed>5.217475</speed>
				<ele>15.346070</ele>
				<time>2026-09-05T01:20:07Z</time>
			</trkpt>
			<trkpt lat="35.362761" lon="139.539284">
				<speed>5.060228</speed>
				<ele>15.351102</ele>
				<time>2026-09-05T01:20:09Z</time>
			</trkpt>
			<trkpt lat="35.362799" lon="139.539182">
				<speed>5.304473</speed>
				<ele>15.529615</ele>
				<time>2026-09-05T01:20:11Z</time>
			</trkpt>
			<trkpt lat="35.362836" lon="139.539078">
				<speed>5.336188</speed>
				<ele>15.477407</ele>
				<time>2026-09-05T01:20:13Z</time>
			</trkpt>
			<trkpt lat="35.362873" lon="139.538972">
				<speed>5.422268</speed>
				<ele>15.373770</ele>
				<time>2026-09-05T01:20:15Z</time>
			</trkpt>
			<trkpt lat="35.362909" lon="139.538863">
				<speed>5.177073</speed>
				<ele>15.904791</ele>
				<time>2026-09-05T01:20:17Z</time>
			</trkpt>
			<trkpt lat="35.362943" lon="139.538757">
				<speed>4.726361</speed>
				<ele>16.375939</ele>
				<time>2026-09-05T01:20:19Z</time>
			</trkpt>
			<trkpt lat="35.362974" lon="139.538657">
				<speed>4.304940</speed>
				<ele>16.684264</ele>
				<time>2026-09-05T01:20:21Z</time>
			</trkpt>
			<trkpt lat="35.362999" lon="139.538567">
				<speed>3.669768</speed>
				<ele>17.207606</ele>
				<time>2026-09-05T01:20:23Z</time>
			</trkpt>
			<trkpt lat="35.363018" lon="139.538489">
				<speed>3.018611</speed>
				<ele>17.449646</ele>
				<time>2026-09-05T01:20:25Z</time>
			</trkpt>
			<trkpt lat="35.363039" lon="139.538419">
				<speed>3.779938</speed>
				<ele>17.047404</ele>
				<time>2026-09-05T01:20:27Z</time>
			</trkpt>
			<trkpt lat="35.363065" lon="139.538346">
				<speed>4.607252</speed>
				<ele>16.660269</ele>
				<time>2026-09-05T01:20:29Z</time>
			</trkpt>
			<trkpt lat="35.363096" lon="139.538260">
				<speed>5.501487</speed>
				<ele>16.141458</ele>
				<time>2026-09-05T01:20:31Z</time>
			</trkpt>
			<trkpt lat="35.363132" lon="139.538156">
				<speed>6.328441</speed>
				<ele>15.441923</ele>
				<time>2026-09-05T01:20:33Z</time>
			</trkpt>
			<trkpt lat="35.363175" lon="139.538035">
				<speed>6.477618</speed>
				<ele>15.371371</ele>
				<time>2026-09-05T01:20:35Z</time>
			</trkpt>
			<trkpt lat="35.363196" lon="139.537971">
				<speed>6.349994</speed>
				<ele>15.299825</ele>
				<time>2026-09-05T01:20:36Z</time>
			</trkpt>
			<trkpt lat="35.363217" lon="139.537905">
				<speed>6.146878</speed>
				<ele>15.238506</ele>
				<time>2026-09-05T01:20:37Z</time>
			</trkpt>
			<trkpt lat="35.363237" lon="139.537840">
				<speed>5.647032</speed>
				<ele>15.268814</ele>
				<time>2026-09-05T01:20:38Z</time>
			</trkpt>
			<trkpt lat="35.363256" lon="139.537777">
				<speed>4.868257</speed>
				<ele>15.310916</ele>
				<time>2026-09-05T01:20:39Z</time>
			</trkpt>
			<trkpt lat="35.363288" lon="139.537673">
				<speed>2.974485</speed>
				<ele>14.996784</ele>
				<time>2026-09-05T01:20:41Z</time>
			</trkpt>
			<trkpt lat="35.363315" lon="139.537589">
				<speed>3.894320</speed>
				<ele>15.053845</ele>
				<time>2026-09-05T01:20:43Z</time>
			</trkpt>
			<trkpt lat="35.363347" lon="139.537510">
				<speed>4.652026</speed>
				<ele>14.493264</ele>
				<time>2026-09-05T01:20:45Z</time>
			</trkpt>
			<trkpt lat="35.363381" lon="139.537424">
				<speed>5.382917</speed>
				<ele>14.855379</ele>
				<time>2026-09-05T01:20:47Z</time>
			</trkpt>
			<trkpt lat="35.363418" lon="139.537325">
				<speed>5.522839</speed>
				<ele>15.364195</ele>
				<time>2026-09-05T01:20:49Z</time>
			</trkpt>
			<trkpt lat="35.363455" lon="139.537218">
				<speed>5.709088</speed>
				<ele>15.059102</ele>
				<time>2026-09-05T01:20:51Z</time>
			</trkpt>
			<trkpt lat="35.363494" lon="139.537104">
				<speed>5.738228</speed>
				<ele>15.121077</ele>
				<time>2026-09-05T01:20:53Z</time>
			</trkpt>
			<trkpt lat="35.363533" lon="139.536986">
				<speed>5.687823</speed>
				<ele>15.094651</ele>
				<time>2026-09-05T01:20:55Z</time>
			</trkpt>
			<trkpt lat="35.363572" lon="139.536867">
				<speed>5.657086</speed>
				<ele>15.111969</ele>
				<time>2026-09-05T01:20:57Z</time>
			</trkpt>
			<trkpt lat="35.363603" lon="139.536750">
				<speed>4.725323</speed>
				<ele>15.016516</ele>
				<time>2026-09-05T01:20:59Z</time>
			</trkpt>
			<trkpt lat="35.363630" lon="139.536642">
				<speed>4.729968</speed>
				<ele>15.157004</ele>
				<time>2026-09-05T01:21:01Z</time>
			</trkpt>
			<trkpt lat="35.363661" lon="139.536541">
				<speed>4.855562</speed>
				<ele>15.187846</ele>
				<time>2026-09-05T01:21:03Z</time>
			</trkpt>
			<trkpt lat="35.363693" lon="139.536443">
				<speed>5.087907</speed>
				<ele>15.468090</ele>
				<time>2026-09-05T01:21:05Z</time>
			</trkpt>
			<trkpt lat="35.363726" lon="139.536342">
				<speed>5.173784</speed>
				<ele>15.234287</ele>
				<time>2026-09-05T01:21:07Z</time>
			</trkpt>
			<trkpt lat="35.363763" lon="139.536243">
				<speed>5.275547</speed>
				<ele>15.461375</ele>
				<time>2026-09-05T01:21:09Z</time>
			</trkpt>
			<trkpt lat="35.363799" lon="139.536143">
				<speed>4.947985</speed>
				<ele>15.286082</ele>
				<time>2026-09-05T01:21:11Z</time>
			</trkpt>
			<trkpt lat="35.363832" lon="139.536043">
				<speed>4.889794</speed>
				<ele>15.283079</ele>
				<time>2026-09-05T01:21:13Z</time>
			</trkpt>
			<trkpt lat="35.363863" lon="139.535945">
				<speed>4.627668</speed>
				<ele>15.343558</ele>
				<time>2026-09-05T01:21:15Z</time>
			</trkpt>
			<trkpt lat="35.363895" lon="139.535849">
				<speed>4.902842</speed>
				<ele>15.315329</ele>
				<time>2026-09-05T01:21:17Z</time>
			</trkpt>
			<trkpt lat="35.363927" lon="139.535750">
				<speed>5.166977</speed>
				<ele>15.831409</ele>
				<time>2026-09-05T01:21:19Z</time>
			</trkpt>
			<trkpt lat="35.363960" lon="139.535647">
				<speed>5.109797</speed>
				<ele>15.492553</ele>
				<time>2026-09-05T01:21:21Z</time>
			</trkpt>
			<trkpt lat="35.363994" lon="139.535542">
				<speed>5.219068</speed>
				<ele>15.262006</ele>
				<time>2026-09-05T01:21:23Z</time>
			</trkpt>
			<trkpt lat="35.364029" lon="139.535436">
				<speed>5.169611</speed>
				<ele>16.621312</ele>
				<time>2026-09-05T01:21:25Z</time>
			</trkpt>
			<trkpt lat="35.364063" lon="139.535337">
				<speed>3.748161</speed>
				<ele>15.817883</ele>
				<time>2026-09-05T01:21:27Z</time>
			</trkpt>
			<trkpt lat="35.364092" lon="139.535250">
				<speed>3.900982</speed>
				<ele>15.763451</ele>
				<time>2026-09-05T01:21:29Z</time>
			</trkpt>
			<trkpt lat="35.364120" lon="139.535165">
				<speed>4.529296</speed>
				<ele>15.294518</ele>
				<time>2026-09-05T01:21:31Z</time>
			</trkpt>
			<trkpt lat="35.364149" lon="139.535079">
				<speed>4.699189</speed>
				<ele>15.379732</ele>
				<time>2026-09-05T01:21:33Z</time>
			</trkpt>
			<trkpt lat="35.364180" lon="139.534987">
				<speed>5.138965</speed>
				<ele>15.357299</ele>
				<time>2026-09-05T01:21:35Z</time>
			</trkpt>
			<trkpt lat="35.364212" lon="139.534887">
				<speed>5.251541</speed>
				<ele>15.698980</ele>
				<time>2026-09-05T01:21:37Z</time>
			</trkpt>
			<trkpt lat="35.364244" lon="139.534786">
				<speed>4.881591</speed>
				<ele>14.948010</ele>
				<time>2026-09-05T01:21:39Z</time>
			</trkpt>
			<trkpt lat="35.364277" lon="139.534682">
				<speed>5.170353</speed>
				<ele>15.081492</ele>
				<time>2026-09-05T01:21:41Z</time>
			</trkpt>
			<trkpt lat="35.364311" lon="139.534576">
				<speed>5.205102</speed>
				<ele>14.999615</ele>
				<time>2026-09-05T01:21:43Z</time>
			</trkpt>
			<trkpt lat="35.364345" lon="139.534468">
				<speed>5.494991</speed>
				<ele>14.509797</ele>
				<time>2026-09-05T01:21:45Z</time>
			</trkpt>
			<trkpt lat="35.364381" lon="139.534357">
				<speed>5.521074</speed>
				<ele>14.661932</ele>
				<time>2026-09-05T01:21:47Z</time>
			</trkpt>
			<trkpt lat="35.364417" lon="139.534242">
				<speed>5.668597</speed>
				<ele>14.813503</ele>
				<time>2026-09-05T01:21:49Z</time>
			</trkpt>
			<trkpt lat="35.364450" lon="139.534131">
				<speed>4.062128</speed>
				<ele>15.545331</ele>
				<time>2026-09-05T01:21:51Z</time>
			</trkpt>
			<trkpt lat="35.364473" lon="139.534042">
				<speed>2.201639</speed>
				<ele>15.512727</ele>
				<time>2026-09-05T01:21:53Z</time>
			</trkpt>
			<trkpt lat="35.364488" lon="139.533976">
				<speed>2.563010</speed>
				<ele>15.172949</ele>
				<time>2026-09-05T01:21:55Z</time>
			</trkpt>
			<trkpt lat="35.364513" lon="139.533894">
				<speed>3.167666</speed>
				<ele>14.695279</ele>
				<time>2026-09-05T01:21:58Z</time>
			</trkpt>
			<trkpt lat="35.364548" lon="139.533814">
				<speed>3.846008</speed>
				<ele>14.532811</ele>
				<time>2026-09-05T01:22:01Z</time>
			</trkpt>
			<trkpt lat="35.364577" lon="139.533751">
				<speed>4.166238</speed>
				<ele>12.952912</ele>
				<time>2026-09-05T01:22:03Z</time>
			</trkpt>
			<trkpt lat="35.364605" lon="139.533679">
				<speed>4.164669</speed>
				<ele>12.995114</ele>
				<time>2026-09-05T01:22:05Z</time>
			</trkpt>
			<trkpt lat="35.364628" lon="139.533595">
				<speed>4.529367</speed>
				<ele>13.264664</ele>
				<time>2026-09-05T01:22:07Z</time>
			</trkpt>
			<trkpt lat="35.364648" lon="139.533500">
				<speed>4.790279</speed>
				<ele>13.661968</ele>
				<time>2026-09-05T01:22:09Z</time>
			</trkpt>
			<trkpt lat="35.364663" lon="139.533398">
				<speed>4.781893</speed>
				<ele>14.399293</ele>
				<time>2026-09-05T01:22:11Z</time>
			</trkpt>
			<trkpt lat="35.364675" lon="139.533292">
				<speed>4.662641</speed>
				<ele>14.626762</ele>
				<time>2026-09-05T01:22:13Z</time>
			</trkpt>
			<trkpt lat="35.364685" lon="139.533187">
				<speed>4.415487</speed>
				<ele>14.918848</ele>
				<time>2026-09-05T01:22:15Z</time>
			</trkpt>
			<trkpt lat="35.364688" lon="139.533088">
				<speed>3.666158</speed>
				<ele>15.696550</ele>
				<time>2026-09-05T01:22:17Z</time>
			</trkpt>
			<trkpt lat="35.364684" lon="139.532993">
				<speed>4.009445</speed>
				<ele>15.778736</ele>
				<time>2026-09-05T01:22:19Z</time>
			</trkpt>
			<trkpt lat="35.364676" lon="139.532908">
				<speed>2.445288</speed>
				<ele>15.985648</ele>
				<time>2026-09-05T01:22:21Z</time>
			</trkpt>
			<trkpt lat="35.364662" lon="139.532827">
				<speed>3.523538</speed>
				<ele>17.056477</ele>
				<time>2026-09-05T01:22:23Z</time>
			</trkpt>
			<trkpt lat="35.364647" lon="139.532747">
				<speed>3.365931</speed>
				<ele>17.488298</ele>
				<time>2026-09-05T01:22:25Z</time>
			</trkpt>
			<trkpt lat="35.364629" lon="139.532671">
				<speed>3.020531</speed>
				<ele>17.142148</ele>
				<time>2026-09-05T01:22:27Z</time>
			</trkpt>
			<trkpt lat="35.364608" lon="139.532594">
				<speed>3.960521</speed>
				<ele>16.845078</ele>
				<time>2026-09-05T01:22:29Z</time>
			</trkpt>
			<trkpt lat="35.364588" lon="139.532510">
				<speed>4.122554</speed>
				<ele>17.946054</ele>
				<time>2026-09-05T01:22:31Z</time>
			</trkpt>
			<trkpt lat="35.364564" lon="139.532426">
				<speed>3.869157</speed>
				<ele>17.421489</ele>
				<time>2026-09-05T01:22:33Z</time>
			</trkpt>
			<trkpt lat="35.364541" lon="139.532344">
				<speed>3.607097</speed>
				<ele>17.270404</ele>
				<time>2026-09-05T01:22:35Z</time>
			</trkpt>
			<trkpt lat="35.364515" lon="139.532264">
				<speed>4.282525</speed>
				<ele>16.340462</ele>
				<time>2026-09-05T01:22:37Z</time>
			</trkpt>
			<trkpt lat="35.364467" lon="139.532184">
				<speed>5.248059</speed>
				<ele>16.307939</ele>
				<time>2026-09-05T01:22:39Z</time>
			</trkpt>
			<trkpt lat="35.364406" lon="139.532097">
				<speed>5.280147</speed>
				<ele>16.561375</ele>
				<time>2026-09-05T01:22:41Z</time>
			</trkpt>
			<trkpt lat="35.364340" lon="139.532008">
				<speed>5.250940</speed>
				<ele>16.644861</ele>
				<time>2026-09-05T01:22:43Z</time>
			</trkpt>
			<trkpt lat="35.364266" lon="139.531926">
				<speed>5.316676</speed>
				<ele>16.571447</ele>
				<time>2026-09-05T01:22:45Z</time>
			</trkpt>
			<trkpt lat="35.364180" lon="139.531862">
				<speed>5.519479</speed>
				<ele>16.748645</ele>
				<time>2026-09-05T01:22:47Z</time>
			</trkpt>
			<trkpt lat="35.364085" lon="139.531815">
				<speed>5.465978</speed>
				<ele>16.788562</ele>
				<time>2026-09-05T01:22:49Z</time>
			</trkpt>
			<trkpt lat="35.363985" lon="139.531777">
				<speed>5.493909</speed>
				<ele>16.579258</ele>
				<time>2026-09-05T01:22:51Z</time>
			</trkpt>
			<trkpt lat="35.363882" lon="139.531742">
				<speed>5.557827</speed>
				<ele>17.322732</ele>
				<time>2026-09-05T01:22:53Z</time>
			</trkpt>
			<trkpt lat="35.363779" lon="139.531711">
				<speed>5.445300</speed>
				<ele>17.016009</ele>
				<time>2026-09-05T01:22:55Z</time>
			</trkpt>
			<trkpt lat="35.363676" lon="139.531678">
				<speed>5.643140</speed>
				<ele>17.799050</ele>
				<time>2026-09-05T01:22:57Z</time>
			</trkpt>
			<trkpt lat="35.363574" lon="139.531646">
				<speed>5.699223</speed>
				<ele>17.665051</ele>
				<time>2026-09-05T01:22:59Z</time>
			</trkpt>
			<trkpt lat="35.363473" lon="139.531612">
				<speed>5.770420</speed>
				<ele>17.896353</ele>
				<time>2026-09-05T01:23:01Z</time>
			</trkpt>
			<trkpt lat="35.363372" lon="139.531579">
				<speed>5.572082</speed>
				<ele>18.762096</ele>
				<time>2026-09-05T01:23:03Z</time>
			</trkpt>
			<trkpt lat="35.363274" lon="139.531552">
				<speed>4.657848</speed>
				<ele>19.276628</ele>
				<time>2026-09-05T01:23:05Z</time>
			</trkpt>
			<trkpt lat="35.363180" lon="139.531542">
				<speed>4.881890</speed>
				<ele>19.497498</ele>
				<time>2026-09-05T01:23:07Z</time>
			</trkpt>
			<trkpt lat="35.363095" lon="139.531549">
				<speed>4.063256</speed>
				<ele>20.135316</ele>
				<time>2026-09-05T01:23:09Z</time>
			</trkpt>
			<trkpt lat="35.363021" lon="139.531567">
				<speed>3.339491</speed>
				<ele>20.659928</ele>
				<time>2026-09-05T01:23:11Z</time>
			</trkpt>
			<trkpt lat="35.362959" lon="139.531589">
				<speed>2.677018</speed>
				<ele>20.744038</ele>
				<time>2026-09-05T01:23:13Z</time>
			</trkpt>
			<trkpt lat="35.362915" lon="139.531610">
				<speed>2.448152</speed>
				<ele>21.484866</ele>
				<time>2026-09-05T01:23:15Z</time>
			</trkpt>
			<trkpt lat="35.362878" lon="139.531648">
				<speed>1.120137</speed>
				<ele>22.242975</ele>
				<time>2026-09-05T01:23:18Z</time>
			</trkpt>
			<trkpt lat="35.362844" lon="139.531594">
				<speed>4.207511</speed>
				<ele>21.818367</ele>
				<time>2026-09-05T01:23:41Z</time>
			</trkpt>
			<trkpt lat="35.362738" lon="139.531509">
				<speed>0.693151</speed>
				<ele>20.854665</ele>
				<time>2026-09-05T01:23:53Z</time>
			</trkpt>
			<trkpt lat="35.362733" lon="139.531432">
				<speed>3.117667</speed>
				<ele>20.822354</ele>
				<time>2026-09-05T01:23:58Z</time>
			</trkpt>
			<trkpt lat="35.362729" lon="139.531362">
				<speed>4.282089</speed>
				<ele>21.378212</ele>
				<time>2026-09-05T01:24:00Z</time>
			</trkpt>
			<trkpt lat="35.362721" lon="139.531269">
				<speed>4.785323</speed>
				<ele>21.529155</ele>
				<time>2026-09-05T01:24:02Z</time>
			</trkpt>
			<trkpt lat="35.362707" lon="139.531160">
				<speed>5.318677</speed>
				<ele>21.658519</ele>
				<time>2026-09-05T01:24:04Z</time>
			</trkpt>
			<trkpt lat="35.362692" lon="139.531041">
				<speed>4.946490</speed>
				<ele>21.876412</ele>
				<time>2026-09-05T01:24:06Z</time>
			</trkpt>
			<trkpt lat="35.362676" lon="139.530922">
				<speed>4.931930</speed>
				<ele>22.656895</ele>
				<time>2026-09-05T01:24:08Z</time>
			</trkpt>
			<trkpt lat="35.362662" lon="139.530805">
				<speed>4.818348</speed>
				<ele>22.366495</ele>
				<time>2026-09-05T01:24:10Z</time>
			</trkpt>
			<trkpt lat="35.362648" lon="139.530686">
				<speed>5.197671</speed>
				<ele>22.461221</ele>
				<time>2026-09-05T01:24:12Z</time>
			</trkpt>
			<trkpt lat="35.362637" lon="139.530566">
				<speed>4.955212</speed>
				<ele>21.849605</ele>
				<time>2026-09-05T01:24:14Z</time>
			</trkpt>
			<trkpt lat="35.362631" lon="139.530444">
				<speed>5.474651</speed>
				<ele>22.284182</ele>
				<time>2026-09-05T01:24:16Z</time>
			</trkpt>
			<trkpt lat="35.362631" lon="139.530319">
				<speed>5.738132</speed>
				<ele>22.804481</ele>
				<time>2026-09-05T01:24:18Z</time>
			</trkpt>
			<trkpt lat="35.362637" lon="139.530191">
				<speed>5.787185</speed>
				<ele>22.274828</ele>
				<time>2026-09-05T01:24:20Z</time>
			</trkpt>
			<trkpt lat="35.362651" lon="139.530061">
				<speed>6.057261</speed>
				<ele>22.254936</ele>
				<time>2026-09-05T01:24:22Z</time>
			</trkpt>
			<trkpt lat="35.362660" lon="139.529996">
				<speed>5.769811</speed>
				<ele>22.232102</ele>
				<time>2026-09-05T01:24:23Z</time>
			</trkpt>
			<trkpt lat="35.362670" lon="139.529931">
				<speed>5.777100</speed>
				<ele>21.989035</ele>
				<time>2026-09-05T01:24:24Z</time>
			</trkpt>
			<trkpt lat="35.362680" lon="139.529866">
				<speed>5.733922</speed>
				<ele>21.836925</ele>
				<time>2026-09-05T01:24:25Z</time>
			</trkpt>
			<trkpt lat="35.362691" lon="139.529801">
				<speed>5.800246</speed>
				<ele>21.704142</ele>
				<time>2026-09-05T01:24:26Z</time>
			</trkpt>
			<trkpt lat="35.362714" lon="139.529672">
				<speed>5.866468</speed>
				<ele>21.519375</ele>
				<time>2026-09-05T01:24:28Z</time>
			</trkpt>
			<trkpt lat="35.362726" lon="139.529607">
				<speed>5.819486</speed>
				<ele>21.459219</ele>
				<time>2026-09-05T01:24:29Z</time>
			</trkpt>
			<trkpt lat="35.362751" lon="139.529479">
				<speed>5.778480</speed>
				<ele>21.242934</ele>
				<time>2026-09-05T01:24:31Z</time>
			</trkpt>
			<trkpt lat="35.362777" lon="139.529352">
				<speed>5.807769</speed>
				<ele>21.026541</ele>
				<time>2026-09-05T01:24:33Z</time>
			</trkpt>
			<trkpt lat="35.362804" lon="139.529224">
				<speed>5.985841</speed>
				<ele>20.383075</ele>
				<time>2026-09-05T01:24:35Z</time>
			</trkpt>
			<trkpt lat="35.362816" lon="139.529160">
				<speed>5.907970</speed>
				<ele>19.949796</ele>
				<time>2026-09-05T01:24:36Z</time>
			</trkpt>
			<trkpt lat="35.362829" lon="139.529095">
				<speed>6.113773</speed>
				<ele>19.586298</ele>
				<time>2026-09-05T01:24:37Z</time>
			</trkpt>
			<trkpt lat="35.362841" lon="139.529028">
				<speed>6.341319</speed>
				<ele>19.232148</ele>
				<time>2026-09-05T01:24:38Z</time>
			</trkpt>
			<trkpt lat="35.362853" lon="139.528961">
				<speed>6.625689</speed>
				<ele>18.642050</ele>
				<time>2026-09-05T01:24:39Z</time>
			</trkpt>
			<trkpt lat="35.362865" lon="139.528891">
				<speed>6.741142</speed>
				<ele>18.093833</ele>
				<time>2026-09-05T01:24:40Z</time>
			</trkpt>
			<trkpt lat="35.362878" lon="139.528820">
				<speed>6.685836</speed>
				<ele>17.759775</ele>
				<time>2026-09-05T01:24:41Z</time>
			</trkpt>
			<trkpt lat="35.362891" lon="139.528749">
				<speed>6.499487</speed>
				<ele>17.232892</ele>
				<time>2026-09-05T01:24:42Z</time>
			</trkpt>
			<trkpt lat="35.362904" lon="139.528677">
				<speed>6.957752</speed>
				<ele>16.882019</ele>
				<time>2026-09-05T01:24:43Z</time>
			</trkpt>
			<trkpt lat="35.362917" lon="139.528604">
				<speed>6.986891</speed>
				<ele>16.473742</ele>
				<time>2026-09-05T01:24:44Z</time>
			</trkpt>
			<trkpt lat="35.362931" lon="139.528530">
				<speed>7.202488</speed>
				<ele>16.185291</ele>
				<time>2026-09-05T01:24:45Z</time>
			</trkpt>
			<trkpt lat="35.362944" lon="139.528453">
				<speed>7.532551</speed>
				<ele>15.819939</ele>
				<time>2026-09-05T01:24:46Z</time>
			</trkpt>
			<trkpt lat="35.362958" lon="139.528374">
				<speed>7.675352</speed>
				<ele>15.518252</ele>
				<time>2026-09-05T01:24:47Z</time>
			</trkpt>
			<trkpt lat="35.362972" lon="139.528293">
				<speed>7.810276</speed>
				<ele>15.152886</ele>
				<time>2026-09-05T01:24:48Z</time>
			</trkpt>
			<trkpt lat="35.362985" lon="139.528211">
				<speed>7.420928</speed>
				<ele>14.810019</ele>
				<time>2026-09-05T01:24:49Z</time>
			</trkpt>
			<trkpt lat="35.362997" lon="139.528131">
				<speed>6.512710</speed>
				<ele>14.612113</ele>
				<time>2026-09-05T01:24:50Z</time>
			</trkpt>
			<trkpt lat="35.363010" lon="139.528053">
				<speed>6.628136</speed>
				<ele>13.865478</ele>
				<time>2026-09-05T01:24:51Z</time>
			</trkpt>
			<trkpt lat="35.363022" lon="139.527978">
				<speed>6.589040</speed>
				<ele>13.838546</ele>
				<time>2026-09-05T01:24:52Z</time>
			</trkpt>
			<trkpt lat="35.363034" lon="139.527901">
				<speed>7.118370</speed>
				<ele>13.453358</ele>
				<time>2026-09-05T01:24:53Z</time>
			</trkpt>
			<trkpt lat="35.363047" lon="139.527826">
				<speed>6.842095</speed>
				<ele>13.542087</ele>
				<time>2026-09-05T01:24:54Z</time>
			</trkpt>
			<trkpt lat="35.363059" lon="139.527753">
				<speed>5.985595</speed>
				<ele>13.565353</ele>
				<time>2026-09-05T01:24:55Z</time>
			</trkpt>
			<trkpt lat="35.363071" lon="139.527687">
				<speed>4.796866</speed>
				<ele>13.586123</ele>
				<time>2026-09-05T01:24:56Z</time>
			</trkpt>
			<trkpt lat="35.363092" lon="139.527571">
				<speed>4.863113</speed>
				<ele>13.545356</ele>
				<time>2026-09-05T01:24:58Z</time>
			</trkpt>
			<trkpt lat="35.363110" lon="139.527464">
				<speed>5.085402</speed>
				<ele>14.067477</ele>
				<time>2026-09-05T01:25:00Z</time>
			</trkpt>
			<trkpt lat="35.363127" lon="139.527364">
				<speed>4.648657</speed>
				<ele>15.237059</ele>
				<time>2026-09-05T01:25:02Z</time>
			</trkpt>
			<trkpt lat="35.363144" lon="139.527268">
				<speed>4.768071</speed>
				<ele>15.766459</ele>
				<time>2026-09-05T01:25:04Z</time>
			</trkpt>
			<trkpt lat="35.363161" lon="139.527171">
				<speed>4.989687</speed>
				<ele>16.336005</ele>
				<time>2026-09-05T01:25:06Z</time>
			</trkpt>
			<trkpt lat="35.363178" lon="139.527073">
				<speed>4.849358</speed>
				<ele>17.219568</ele>
				<time>2026-09-05T01:25:08Z</time>
			</trkpt>
			<trkpt lat="35.363196" lon="139.526973">
				<speed>4.557061</speed>
				<ele>17.709638</ele>
				<time>2026-09-05T01:25:10Z</time>
			</trkpt>
			<trkpt lat="35.363216" lon="139.526877">
				<speed>4.794046</speed>
				<ele>18.326076</ele>
				<time>2026-09-05T01:25:12Z</time>
			</trkpt>
			<trkpt lat="35.363239" lon="139.526780">
				<speed>4.828215</speed>
				<ele>18.461989</ele>
				<time>2026-09-05T01:25:14Z</time>
			</trkpt>
			<trkpt lat="35.363268" lon="139.526682">
				<speed>5.093327</speed>
				<ele>18.803209</ele>
				<time>2026-09-05T01:25:16Z</time>
			</trkpt>
			<trkpt lat="35.363300" lon="139.526583">
				<speed>5.164251</speed>
				<ele>19.040062</ele>
				<time>2026-09-05T01:25:18Z</time>
			</trkpt>
			<trkpt lat="35.363338" lon="139.526478">
				<speed>5.395138</speed>
				<ele>19.465604</ele>
				<time>2026-09-05T01:25:20Z</time>
			</trkpt>
			<trkpt lat="35.363382" lon="139.526376">
				<speed>5.440385</speed>
				<ele>19.894763</ele>
				<time>2026-09-05T01:25:22Z</time>
			</trkpt>
			<trkpt lat="35.363433" lon="139.526271">
				<speed>5.625587</speed>
				<ele>19.920257</ele>
				<time>2026-09-05T01:25:24Z</time>
			</trkpt>
			<trkpt lat="35.363494" lon="139.526167">
				<speed>5.784329</speed>
				<ele>20.066682</ele>
				<time>2026-09-05T01:25:26Z</time>
			</trkpt>
			<trkpt lat="35.363559" lon="139.526067">
				<speed>5.228025</speed>
				<ele>20.265564</ele>
				<time>2026-09-05T01:25:28Z</time>
			</trkpt>
			<trkpt lat="35.363624" lon="139.525973">
				<speed>4.841103</speed>
				<ele>19.911473</ele>
				<time>2026-09-05T01:25:30Z</time>
			</trkpt>
			<trkpt lat="35.363684" lon="139.525884">
				<speed>4.492373</speed>
				<ele>19.841665</ele>
				<time>2026-09-05T01:25:32Z</time>
			</trkpt>
			<trkpt lat="35.363739" lon="139.525799">
				<speed>5.008839</speed>
				<ele>19.655353</ele>
				<time>2026-09-05T01:25:34Z</time>
			</trkpt>
			<trkpt lat="35.363789" lon="139.525708">
				<speed>5.349620</speed>
				<ele>19.657980</ele>
				<time>2026-09-05T01:25:36Z</time>
			</trkpt>
			<trkpt lat="35.363833" lon="139.525609">
				<speed>5.469408</speed>
				<ele>19.511436</ele>
				<time>2026-09-05T01:25:38Z</time>
			</trkpt>
			<trkpt lat="35.363866" lon="139.525502">
				<speed>5.328128</speed>
				<ele>19.322559</ele>
				<time>2026-09-05T01:25:40Z</time>
			</trkpt>
			<trkpt lat="35.363894" lon="139.525388">
				<speed>5.466178</speed>
				<ele>18.720629</ele>
				<time>2026-09-05T01:25:42Z</time>
			</trkpt>
			<trkpt lat="35.363918" lon="139.525271">
				<speed>5.616437</speed>
				<ele>18.385376</ele>
				<time>2026-09-05T01:25:44Z</time>
			</trkpt>
			<trkpt lat="35.363935" lon="139.525148">
				<speed>6.279416</speed>
				<ele>16.662081</ele>
				<time>2026-09-05T01:25:46Z</time>
			</trkpt>
			<trkpt lat="35.363943" lon="139.525082">
				<speed>6.544326</speed>
				<ele>17.480275</ele>
				<time>2026-09-05T01:25:47Z</time>
			</trkpt>
			<trkpt lat="35.363952" lon="139.525013">
				<speed>6.688803</speed>
				<ele>17.366245</ele>
				<time>2026-09-05T01:25:48Z</time>
			</trkpt>
			<trkpt lat="35.363961" lon="139.524942">
				<speed>6.770367</speed>
				<ele>17.076422</ele>
				<time>2026-09-05T01:25:49Z</time>
			</trkpt>
			<trkpt lat="35.363969" lon="139.524869">
				<speed>6.861147</speed>
				<ele>16.990198</ele>
				<time>2026-09-05T01:25:50Z</time>
			</trkpt>
			<trkpt lat="35.363978" lon="139.524794">
				<speed>6.611875</speed>
				<ele>17.025350</ele>
				<time>2026-09-05T01:25:51Z</time>
			</trkpt>
			<trkpt lat="35.363987" lon="139.524719">
				<speed>6.739652</speed>
				<ele>16.990254</ele>
				<time>2026-09-05T01:25:52Z</time>
			</trkpt>
			<trkpt lat="35.363996" lon="139.524644">
				<speed>6.576190</speed>
				<ele>16.975295</ele>
				<time>2026-09-05T01:25:53Z</time>
			</trkpt>
			<trkpt lat="35.364005" lon="139.524569">
				<speed>6.539686</speed>
				<ele>17.183090</ele>
				<time>2026-09-05T01:25:54Z</time>
			</trkpt>
			<trkpt lat="35.364013" lon="139.524495">
				<speed>6.252772</speed>
				<ele>17.061604</ele>
				<time>2026-09-05T01:25:55Z</time>
			</trkpt>
			<trkpt lat="35.364022" lon="139.524422">
				<speed>6.384359</speed>
				<ele>17.412204</ele>
				<time>2026-09-05T01:25:56Z</time>
			</trkpt>
			<trkpt lat="35.364031" lon="139.524350">
				<speed>6.211212</speed>
				<ele>17.082048</ele>
				<time>2026-09-05T01:25:57Z</time>
			</trkpt>
			<trkpt lat="35.364040" lon="139.524278">
				<speed>6.326027</speed>
				<ele>17.296538</ele>
				<time>2026-09-05T01:25:58Z</time>
			</trkpt>
			<trkpt lat="35.364049" lon="139.524207">
				<speed>6.427218</speed>
				<ele>16.871697</ele>
				<time>2026-09-05T01:25:59Z</time>
			</trkpt>
			<trkpt lat="35.364058" lon="139.524137">
				<speed>6.131879</speed>
				<ele>17.160359</ele>
				<time>2026-09-05T01:26:00Z</time>
			</trkpt>
			<trkpt lat="35.364067" lon="139.524068">
				<speed>6.244374</speed>
				<ele>17.176273</ele>
				<time>2026-09-05T01:26:01Z</time>
			</trkpt>
			<trkpt lat="35.364076" lon="139.524000">
				<speed>6.249066</speed>
				<ele>17.011005</ele>
				<time>2026-09-05T01:26:02Z</time>
			</trkpt>
			<trkpt lat="35.364086" lon="139.523932">
				<speed>6.122542</speed>
				<ele>16.684265</ele>
				<time>2026-09-05T01:26:03Z</time>
			</trkpt>
			<trkpt lat="35.364095" lon="139.523864">
				<speed>6.222230</speed>
				<ele>16.672590</ele>
				<time>2026-09-05T01:26:04Z</time>
			</trkpt>
			<trkpt lat="35.364105" lon="139.523798">
				<speed>5.834116</speed>
				<ele>16.926155</ele>
				<time>2026-09-05T01:26:05Z</time>
			</trkpt>
			<trkpt lat="35.364115" lon="139.523733">
				<speed>5.993744</speed>
				<ele>16.599400</ele>
				<time>2026-09-05T01:26:06Z</time>
			</trkpt>
			<trkpt lat="35.364135" lon="139.523605">
				<speed>5.714137</speed>
				<ele>16.570886</ele>
				<time>2026-09-05T01:26:08Z</time>
			</trkpt>
			<trkpt lat="35.364154" lon="139.523483">
				<speed>5.426454</speed>
				<ele>16.278102</ele>
				<time>2026-09-05T01:26:10Z</time>
			</trkpt>
			<trkpt lat="35.364172" lon="139.523365">
				<speed>5.411347</speed>
				<ele>16.314980</ele>
				<time>2026-09-05T01:26:12Z</time>
			</trkpt>
			<trkpt lat="35.364188" lon="139.523253">
				<speed>4.971167</speed>
				<ele>16.615024</ele>
				<time>2026-09-05T01:26:14Z</time>
			</trkpt>
			<trkpt lat="35.364202" lon="139.523150">
				<speed>3.859705</speed>
				<ele>16.503373</ele>
				<time>2026-09-05T01:26:16Z</time>
			</trkpt>
			<trkpt lat="35.364211" lon="139.523061">
				<speed>4.003890</speed>
				<ele>16.775002</ele>
				<time>2026-09-05T01:26:18Z</time>
			</trkpt>
			<trkpt lat="35.364219" lon="139.522974">
				<speed>4.384459</speed>
				<ele>16.785796</ele>
				<time>2026-09-05T01:26:20Z</time>
			</trkpt>
			<trkpt lat="35.364230" lon="139.522885">
				<speed>4.669725</speed>
				<ele>16.890942</ele>
				<time>2026-09-05T01:26:22Z</time>
			</trkpt>
			<trkpt lat="35.364246" lon="139.522794">
				<speed>4.702039</speed>
				<ele>16.767818</ele>
				<time>2026-09-05T01:26:24Z</time>
			</trkpt>
			<trkpt lat="35.364265" lon="139.522700">
				<speed>4.621944</speed>
				<ele>16.829953</ele>
				<time>2026-09-05T01:26:26Z</time>
			</trkpt>
			<trkpt lat="35.364285" lon="139.522605">
				<speed>4.749807</speed>
				<ele>16.910493</ele>
				<time>2026-09-05T01:26:28Z</time>
			</trkpt>
			<trkpt lat="35.364309" lon="139.522505">
				<speed>5.072532</speed>
				<ele>16.987740</ele>
				<time>2026-09-05T01:26:30Z</time>
			</trkpt>
			<trkpt lat="35.364339" lon="139.522403">
				<speed>5.004446</speed>
				<ele>17.095805</ele>
				<time>2026-09-05T01:26:32Z</time>
			</trkpt>
			<trkpt lat="35.364367" lon="139.522301">
				<speed>4.633601</speed>
				<ele>16.799751</ele>
				<time>2026-09-05T01:26:34Z</time>
			</trkpt>
			<trkpt lat="35.364387" lon="139.522200">
				<speed>4.723837</speed>
				<ele>17.312083</ele>
				<time>2026-09-05T01:26:36Z</time>
			</trkpt>
			<trkpt lat="35.364403" lon="139.522097">
				<speed>4.925763</speed>
				<ele>17.461483</ele>
				<time>2026-09-05T01:26:38Z</time>
			</trkpt>
			<trkpt lat="35.364415" lon="139.521990">
				<speed>5.047163</speed>
				<ele>18.041753</ele>
				<time>2026-09-05T01:26:40Z</time>
			</trkpt>
			<trkpt lat="35.364428" lon="139.521879">
				<speed>5.318060</speed>
				<ele>17.810959</ele>
				<time>2026-09-05T01:26:42Z</time>
			</trkpt>
			<trkpt lat="35.364444" lon="139.521764">
				<speed>5.391981</speed>
				<ele>17.907023</ele>
				<time>2026-09-05T01:26:44Z</time>
			</trkpt>
			<trkpt lat="35.364458" lon="139.521650">
				<speed>4.745664</speed>
				<ele>17.542902</ele>
				<time>2026-09-05T01:26:46Z</time>
			</trkpt>
			<trkpt lat="35.364470" lon="139.521538">
				<speed>5.220542</speed>
				<ele>17.752209</ele>
				<time>2026-09-05T01:26:48Z</time>
			</trkpt>
			<trkpt lat="35.364478" lon="139.521421">
				<speed>5.591081</speed>
				<ele>17.878563</ele>
				<time>2026-09-05T01:26:50Z</time>
			</trkpt>
			<trkpt lat="35.364485" lon="139.521299">
				<speed>5.799104</speed>
				<ele>17.858833</ele>
				<time>2026-09-05T01:26:52Z</time>
			</trkpt>
			<trkpt lat="35.364490" lon="139.521173">
				<speed>5.726234</speed>
				<ele>17.772388</ele>
				<time>2026-09-05T01:26:54Z</time>
			</trkpt>
			<trkpt lat="35.364493" lon="139.521043">
				<speed>5.885052</speed>
				<ele>17.957863</ele>
				<time>2026-09-05T01:26:56Z</time>
			</trkpt>
			<trkpt lat="35.364494" lon="139.520977">
				<speed>6.013688</speed>
				<ele>17.837211</ele>
				<time>2026-09-05T01:26:57Z</time>
			</trkpt>
			<trkpt lat="35.364493" lon="139.520911">
				<speed>6.019022</speed>
				<ele>17.971776</ele>
				<time>2026-09-05T01:26:58Z</time>
			</trkpt>
			<trkpt lat="35.364492" lon="139.520844">
				<speed>6.071121</speed>
				<ele>17.916026</ele>
				<time>2026-09-05T01:26:59Z</time>
			</trkpt>
			<trkpt lat="35.364490" lon="139.520776">
				<speed>6.177638</speed>
				<ele>17.937596</ele>
				<time>2026-09-05T01:27:00Z</time>
			</trkpt>
			<trkpt lat="35.364487" lon="139.520708">
				<speed>6.278638</speed>
				<ele>18.106300</ele>
				<time>2026-09-05T01:27:01Z</time>
			</trkpt>
			<trkpt lat="35.364483" lon="139.520638">
				<speed>6.291380</speed>
				<ele>18.084102</ele>
				<time>2026-09-05T01:27:02Z</time>
			</trkpt>
			<trkpt lat="35.364478" lon="139.520569">
				<speed>6.260105</speed>
				<ele>18.145568</ele>
				<time>2026-09-05T01:27:03Z</time>
			</trkpt>
			<trkpt lat="35.364474" lon="139.520499">
				<speed>6.334842</speed>
				<ele>18.267807</ele>
				<time>2026-09-05T01:27:04Z</time>
			</trkpt>
			<trkpt lat="35.364469" lon="139.520428">
				<speed>6.420781</speed>
				<ele>18.239985</ele>
				<time>2026-09-05T01:27:05Z</time>
			</trkpt>
			<trkpt lat="35.364464" lon="139.520356">
				<speed>6.489972</speed>
				<ele>18.282701</ele>
				<time>2026-09-05T01:27:06Z</time>
			</trkpt>
			<trkpt lat="35.364459" lon="139.520285">
				<speed>6.527498</speed>
				<ele>18.328731</ele>
				<time>2026-09-05T01:27:07Z</time>
			</trkpt>
			<trkpt lat="35.364453" lon="139.520213">
				<speed>6.470364</speed>
				<ele>18.643855</ele>
				<time>2026-09-05T01:27:08Z</time>
			</trkpt>
			<trkpt lat="35.364448" lon="139.520141">
				<speed>6.445302</speed>
				<ele>18.830968</ele>
				<time>2026-09-05T01:27:09Z</time>
			</trkpt>
			<trkpt lat="35.364443" lon="139.520069">
				<speed>6.351583</speed>
				<ele>18.867801</ele>
				<time>2026-09-05T01:27:10Z</time>
			</trkpt>
			<trkpt lat="35.364438" lon="139.519998">
				<speed>6.236262</speed>
				<ele>18.925768</ele>
				<time>2026-09-05T01:27:11Z</time>
			</trkpt>
			<trkpt lat="35.364433" lon="139.519928">
				<speed>6.321545</speed>
				<ele>19.084508</ele>
				<time>2026-09-05T01:27:12Z</time>
			</trkpt>
			<trkpt lat="35.364428" lon="139.519858">
				<speed>6.298231</speed>
				<ele>19.123145</ele>
				<time>2026-09-05T01:27:13Z</time>
			</trkpt>
			<trkpt lat="35.364423" lon="139.519788">
				<speed>6.242234</speed>
				<ele>18.834380</ele>
				<time>2026-09-05T01:27:14Z</time>
			</trkpt>
			<trkpt lat="35.364417" lon="139.519718">
				<speed>6.276767</speed>
				<ele>19.015165</ele>
				<time>2026-09-05T01:27:15Z</time>
			</trkpt>
			<trkpt lat="35.364411" lon="139.519648">
				<speed>6.256485</speed>
				<ele>19.114219</ele>
				<time>2026-09-05T01:27:16Z</time>
			</trkpt>
			<trkpt lat="35.364405" lon="139.519580">
				<speed>6.103141</speed>
				<ele>19.176029</ele>
				<time>2026-09-05T01:27:17Z</time>
			</trkpt>
			<trkpt lat="35.364399" lon="139.519510">
				<speed>6.385653</speed>
				<ele>19.181976</ele>
				<time>2026-09-05T01:27:18Z</time>
			</trkpt>
			<trkpt lat="35.364392" lon="139.519441">
				<speed>6.319717</speed>
				<ele>19.288136</ele>
				<time>2026-09-05T01:27:19Z</time>
			</trkpt>
			<trkpt lat="35.364385" lon="139.519372">
				<speed>6.211953</speed>
				<ele>18.512844</ele>
				<time>2026-09-05T01:27:20Z</time>
			</trkpt>
			<trkpt lat="35.364377" lon="139.519303">
				<speed>6.323985</speed>
				<ele>18.956773</ele>
				<time>2026-09-05T01:27:21Z</time>
			</trkpt>
			<trkpt lat="35.364367" lon="139.519234">
				<speed>6.274267</speed>
				<ele>19.369978</ele>
				<time>2026-09-05T01:27:22Z</time>
			</trkpt>
			<trkpt lat="35.364356" lon="139.519166">
				<speed>6.239291</speed>
				<ele>19.556979</ele>
				<time>2026-09-05T01:27:23Z</time>
			</trkpt>
			<trkpt lat="35.364343" lon="139.519099">
				<speed>6.198611</speed>
				<ele>19.463402</ele>
				<time>2026-09-05T01:27:24Z</time>
			</trkpt>
			<trkpt lat="35.364327" lon="139.519032">
				<speed>6.395676</speed>
				<ele>19.302303</ele>
				<time>2026-09-05T01:27:25Z</time>
			</trkpt>
			<trkpt lat="35.364310" lon="139.518966">
				<speed>6.579070</speed>
				<ele>19.530369</ele>
				<time>2026-09-05T01:27:26Z</time>
			</trkpt>
			<trkpt lat="35.364291" lon="139.518899">
				<speed>6.557821</speed>
				<ele>19.604581</ele>
				<time>2026-09-05T01:27:27Z</time>
			</trkpt>
			<trkpt lat="35.364271" lon="139.518832">
				<speed>6.631179</speed>
				<ele>19.811733</ele>
				<time>2026-09-05T01:27:28Z</time>
			</trkpt>
			<trkpt lat="35.364251" lon="139.518764">
				<speed>6.707806</speed>
				<ele>19.982488</ele>
				<time>2026-09-05T01:27:29Z</time>
			</trkpt>
			<trkpt lat="35.364231" lon="139.518695">
				<speed>6.812804</speed>
				<ele>20.173589</ele>
				<time>2026-09-05T01:27:30Z</time>
			</trkpt>
			<trkpt lat="35.364211" lon="139.518625">
				<speed>6.961417</speed>
				<ele>20.329845</ele>
				<time>2026-09-05T01:27:31Z</time>
			</trkpt>
			<trkpt lat="35.364192" lon="139.518554">
				<speed>6.868539</speed>
				<ele>20.536722</ele>
				<time>2026-09-05T01:27:32Z</time>
			</trkpt>
			<trkpt lat="35.364174" lon="139.518481">
				<speed>6.881427</speed>
				<ele>20.606009</ele>
				<time>2026-09-05T01:27:33Z</time>
			</trkpt>
			<trkpt lat="35.364158" lon="139.518409">
				<speed>6.751150</speed>
				<ele>20.731235</ele>
				<time>2026-09-05T01:27:34Z</time>
			</trkpt>
			<trkpt lat="35.364143" lon="139.518335">
				<speed>6.696439</speed>
				<ele>20.778914</ele>
				<time>2026-09-05T01:27:35Z</time>
			</trkpt>
			<trkpt lat="35.364129" lon="139.518262">
				<speed>6.492751</speed>
				<ele>20.936969</ele>
				<time>2026-09-05T01:27:36Z</time>
			</trkpt>
			<trkpt lat="35.364117" lon="139.518190">
				<speed>6.310515</speed>
				<ele>20.985623</ele>
				<time>2026-09-05T01:27:37Z</time>
			</trkpt>
			<trkpt lat="35.364107" lon="139.518120">
				<speed>6.121577</speed>
				<ele>21.075863</ele>
				<time>2026-09-05T01:27:38Z</time>
			</trkpt>
			<trkpt lat="35.364097" lon="139.518050">
				<speed>6.118572</speed>
				<ele>21.302886</ele>
				<time>2026-09-05T01:27:39Z</time>
			</trkpt>
			<trkpt lat="35.364089" lon="139.517982">
				<speed>6.157953</speed>
				<ele>21.221703</ele>
				<time>2026-09-05T01:27:40Z</time>
			</trkpt>
			<trkpt lat="35.364082" lon="139.517913">
				<speed>6.179418</speed>
				<ele>21.142626</ele>
				<time>2026-09-05T01:27:41Z</time>
			</trkpt>
			<trkpt lat="35.364076" lon="139.517845">
				<speed>6.356917</speed>
				<ele>21.011868</ele>
				<time>2026-09-05T01:27:42Z</time>
			</trkpt>
			<trkpt lat="35.364071" lon="139.517776">
				<speed>6.374319</speed>
				<ele>20.815542</ele>
				<time>2026-09-05T01:27:43Z</time>
			</trkpt>
			<trkpt lat="35.364067" lon="139.517706">
				<speed>6.599751</speed>
				<ele>20.745749</ele>
				<time>2026-09-05T01:27:44Z</time>
			</trkpt>
			<trkpt lat="35.364063" lon="139.517634">
				<speed>6.709371</speed>
				<ele>20.555086</ele>
				<time>2026-09-05T01:27:45Z</time>
			</trkpt>
			<trkpt lat="35.364061" lon="139.517561">
				<speed>6.997690</speed>
				<ele>20.624550</ele>
				<time>2026-09-05T01:27:46Z</time>
			</trkpt>
			<trkpt lat="35.364059" lon="139.517485">
				<speed>7.444682</speed>
				<ele>21.142546</ele>
				<time>2026-09-05T01:27:47Z</time>
			</trkpt>
			<trkpt lat="35.364059" lon="139.517408">
				<speed>7.057390</speed>
				<ele>20.421608</ele>
				<time>2026-09-05T01:27:48Z</time>
			</trkpt>
			<trkpt lat="35.364057" lon="139.517330">
				<speed>7.129763</speed>
				<ele>20.266174</ele>
				<time>2026-09-05T01:27:49Z</time>
			</trkpt>
			<trkpt lat="35.364054" lon="139.517253">
				<speed>7.063062</speed>
				<ele>20.426021</ele>
				<time>2026-09-05T01:27:50Z</time>
			</trkpt>
			<trkpt lat="35.364048" lon="139.517176">
				<speed>6.619013</speed>
				<ele>20.490791</ele>
				<time>2026-09-05T01:27:51Z</time>
			</trkpt>
			<trkpt lat="35.364039" lon="139.517103">
				<speed>6.153936</speed>
				<ele>20.599086</ele>
				<time>2026-09-05T01:27:52Z</time>
			</trkpt>
			<trkpt lat="35.364028" lon="139.517035">
				<speed>5.108170</speed>
				<ele>20.581033</ele>
				<time>2026-09-05T01:27:53Z</time>
			</trkpt>
			<trkpt lat="35.363998" lon="139.516921">
				<speed>4.238405</speed>
				<ele>20.229740</ele>
				<time>2026-09-05T01:27:55Z</time>
			</trkpt>
			<trkpt lat="35.363957" lon="139.516823">
				<speed>5.082966</speed>
				<ele>20.743949</ele>
				<time>2026-09-05T01:27:57Z</time>
			</trkpt>
			<trkpt lat="35.363906" lon="139.516735">
				<speed>4.954504</speed>
				<ele>20.783864</ele>
				<time>2026-09-05T01:27:59Z</time>
			</trkpt>
			<trkpt lat="35.363850" lon="139.516654">
				<speed>4.666444</speed>
				<ele>20.590596</ele>
				<time>2026-09-05T01:28:01Z</time>
			</trkpt>
			<trkpt lat="35.363790" lon="139.516581">
				<speed>4.490096</speed>
				<ele>20.685762</ele>
				<time>2026-09-05T01:28:03Z</time>
			</trkpt>
			<trkpt lat="35.363730" lon="139.516513">
				<speed>4.498410</speed>
				<ele>20.986570</ele>
				<time>2026-09-05T01:28:05Z</time>
			</trkpt>
			<trkpt lat="35.363671" lon="139.516445">
				<speed>4.367051</speed>
				<ele>20.992068</ele>
				<time>2026-09-05T01:28:07Z</time>
			</trkpt>
			<trkpt lat="35.363615" lon="139.516383">
				<speed>3.309850</speed>
				<ele>21.317473</ele>
				<time>2026-09-05T01:28:09Z</time>
			</trkpt>
			<trkpt lat="35.363567" lon="139.516382">
				<speed>1.263059</speed>
				<ele>20.032071</ele>
				<time>2026-09-05T01:28:26Z</time>
			</trkpt>
			<trkpt lat="35.363541" lon="139.516349">
				<speed>2.275199</speed>
				<ele>21.065754</ele>
				<time>2026-09-05T01:28:32Z</time>
			</trkpt>
			<trkpt lat="35.363511" lon="139.516299">
				<speed>0.401440</speed>
				<ele>20.945946</ele>
				<time>2026-09-05T01:28:35Z</time>
			</trkpt>
			<trkpt lat="35.363488" lon="139.516254">
				<speed>0.040019</speed>
				<ele>21.023252</ele>
				<time>2026-09-05T01:28:37Z</time>
			</trkpt>
			<trkpt lat="35.363456" lon="139.516198">
				<speed>3.504983</speed>
				<ele>21.617277</ele>
				<time>2026-09-05T01:28:45Z</time>
			</trkpt>
			<trkpt lat="35.363412" lon="139.516135">
				<speed>4.141130</speed>
				<ele>21.225432</ele>
				<time>2026-09-05T01:28:47Z</time>
			</trkpt>
			<trkpt lat="35.363350" lon="139.516055">
				<speed>4.596534</speed>
				<ele>21.243420</ele>
				<time>2026-09-05T01:28:49Z</time>
			</trkpt>
			<trkpt lat="35.363281" lon="139.515965">
				<speed>5.196973</speed>
				<ele>21.424555</ele>
				<time>2026-09-05T01:28:51Z</time>
			</trkpt>
			<trkpt lat="35.363209" lon="139.515871">
				<speed>4.864054</speed>
				<ele>21.557755</ele>
				<time>2026-09-05T01:28:53Z</time>
			</trkpt>
			<trkpt lat="35.363139" lon="139.515778">
				<speed>4.848250</speed>
				<ele>22.264600</ele>
				<time>2026-09-05T01:28:55Z</time>
			</trkpt>
			<trkpt lat="35.363074" lon="139.515688">
				<speed>4.130335</speed>
				<ele>22.327718</ele>
				<time>2026-09-05T01:28:57Z</time>
			</trkpt>
			<trkpt lat="35.363017" lon="139.515607">
				<speed>3.867844</speed>
				<ele>22.447496</ele>
				<time>2026-09-05T01:28:59Z</time>
			</trkpt>
			<trkpt lat="35.362962" lon="139.515530">
				<speed>4.468672</speed>
				<ele>22.537441</ele>
				<time>2026-09-05T01:29:01Z</time>
			</trkpt>
			<trkpt lat="35.362907" lon="139.515454">
				<speed>4.737969</speed>
				<ele>22.679003</ele>
				<time>2026-09-05T01:29:03Z</time>
			</trkpt>
			<trkpt lat="35.362852" lon="139.515380">
				<speed>4.691383</speed>
				<ele>22.955836</ele>
				<time>2026-09-05T01:29:05Z</time>
			</trkpt>
			<trkpt lat="35.362798" lon="139.515304">
				<speed>4.597256</speed>
				<ele>22.791766</ele>
				<time>2026-09-05T01:29:07Z</time>
			</trkpt>
			<trkpt lat="35.362744" lon="139.515229">
				<speed>4.411930</speed>
				<ele>23.085329</ele>
				<time>2026-09-05T01:29:09Z</time>
			</trkpt>
			<trkpt lat="35.362691" lon="139.515154">
				<speed>4.422006</speed>
				<ele>23.246407</ele>
				<time>2026-09-05T01:29:11Z</time>
			</trkpt>
			<trkpt lat="35.362644" lon="139.515082">
				<speed>3.329574</speed>
				<ele>23.303719</ele>
				<time>2026-09-05T01:29:13Z</time>
			</trkpt>
			<trkpt lat="35.362604" lon="139.515016">
				<speed>3.591499</speed>
				<ele>23.305781</ele>
				<time>2026-09-05T01:29:15Z</time>
			</trkpt>
			<trkpt lat="35.362563" lon="139.514951">
				<speed>4.286991</speed>
				<ele>23.554325</ele>
				<time>2026-09-05T01:29:17Z</time>
			</trkpt>
			<trkpt lat="35.362516" lon="139.514882">
				<speed>4.671288</speed>
				<ele>23.602971</ele>
				<time>2026-09-05T01:29:19Z</time>
			</trkpt>
			<trkpt lat="35.362464" lon="139.514807">
				<speed>4.934041</speed>
				<ele>23.702522</ele>
				<time>2026-09-05T01:29:21Z</time>
			</trkpt>
			<trkpt lat="35.362407" lon="139.514726">
				<speed>5.228037</speed>
				<ele>24.131840</ele>
				<time>2026-09-05T01:29:23Z</time>
			</trkpt>
			<trkpt lat="35.362345" lon="139.514639">
				<speed>5.423085</speed>
				<ele>24.303258</ele>
				<time>2026-09-05T01:29:25Z</time>
			</trkpt>
			<trkpt lat="35.362279" lon="139.514548">
				<speed>5.497808</speed>
				<ele>24.427134</ele>
				<time>2026-09-05T01:29:27Z</time>
			</trkpt>
			<trkpt lat="35.362211" lon="139.514453">
				<speed>5.663196</speed>
				<ele>24.731577</ele>
				<time>2026-09-05T01:29:29Z</time>
			</trkpt>
			<trkpt lat="35.362143" lon="139.514356">
				<speed>5.681124</speed>
				<ele>24.728200</ele>
				<time>2026-09-05T01:29:31Z</time>
			</trkpt>
			<trkpt lat="35.362079" lon="139.514263">
				<speed>4.813039</speed>
				<ele>24.975836</ele>
				<time>2026-09-05T01:29:33Z</time>
			</trkpt>
			<trkpt lat="35.362018" lon="139.514172">
				<speed>5.398267</speed>
				<ele>24.733860</ele>
				<time>2026-09-05T01:29:35Z</time>
			</trkpt>
			<trkpt lat="35.361956" lon="139.514079">
				<speed>5.791362</speed>
				<ele>24.577785</ele>
				<time>2026-09-05T01:29:37Z</time>
			</trkpt>
			<trkpt lat="35.361891" lon="139.513980">
				<speed>6.084054</speed>
				<ele>24.297492</ele>
				<time>2026-09-05T01:29:39Z</time>
			</trkpt>
			<trkpt lat="35.361823" lon="139.513877">
				<speed>6.304371</speed>
				<ele>24.410572</ele>
				<time>2026-09-05T01:29:41Z</time>
			</trkpt>
			<trkpt lat="35.361788" lon="139.513824">
				<speed>6.400694</speed>
				<ele>24.206856</ele>
				<time>2026-09-05T01:29:42Z</time>
			</trkpt>
			<trkpt lat="35.361753" lon="139.513769">
				<speed>6.570594</speed>
				<ele>24.051930</ele>
				<time>2026-09-05T01:29:43Z</time>
			</trkpt>
			<trkpt lat="35.361716" lon="139.513712">
				<speed>6.779956</speed>
				<ele>23.850510</ele>
				<time>2026-09-05T01:29:44Z</time>
			</trkpt>
			<trkpt lat="35.361679" lon="139.513654">
				<speed>6.721361</speed>
				<ele>23.794429</ele>
				<time>2026-09-05T01:29:45Z</time>
			</trkpt>
			<trkpt lat="35.361641" lon="139.513595">
				<speed>6.851535</speed>
				<ele>23.634967</ele>
				<time>2026-09-05T01:29:46Z</time>
			</trkpt>
			<trkpt lat="35.361602" lon="139.513535">
				<speed>6.997658</speed>
				<ele>23.309023</ele>
				<time>2026-09-05T01:29:47Z</time>
			</trkpt>
			<trkpt lat="35.361562" lon="139.513475">
				<speed>7.146889</speed>
				<ele>23.268256</ele>
				<time>2026-09-05T01:29:48Z</time>
			</trkpt>
			<trkpt lat="35.361520" lon="139.513414">
				<speed>7.209412</speed>
				<ele>23.183230</ele>
				<time>2026-09-05T01:29:49Z</time>
			</trkpt>
			<trkpt lat="35.361478" lon="139.513352">
				<speed>7.337800</speed>
				<ele>23.036540</ele>
				<time>2026-09-05T01:29:50Z</time>
			</trkpt>
			<trkpt lat="35.361435" lon="139.513290">
				<speed>7.283160</speed>
				<ele>22.869892</ele>
				<time>2026-09-05T01:29:51Z</time>
			</trkpt>
			<trkpt lat="35.361391" lon="139.513227">
				<speed>7.358876</speed>
				<ele>22.881424</ele>
				<time>2026-09-05T01:29:52Z</time>
			</trkpt>
			<trkpt lat="35.361347" lon="139.513163">
				<speed>7.326464</speed>
				<ele>22.056991</ele>
				<time>2026-09-05T01:29:53Z</time>
			</trkpt>
			<trkpt lat="35.361303" lon="139.513101">
				<speed>7.205063</speed>
				<ele>22.372842</ele>
				<time>2026-09-05T01:29:54Z</time>
			</trkpt>
			<trkpt lat="35.361258" lon="139.513042">
				<speed>6.474382</speed>
				<ele>22.435619</ele>
				<time>2026-09-05T01:29:55Z</time>
			</trkpt>
			<trkpt lat="35.361215" lon="139.512987">
				<speed>6.047027</speed>
				<ele>22.456344</ele>
				<time>2026-09-05T01:29:56Z</time>
			</trkpt>
			<trkpt lat="35.361172" lon="139.512936">
				<speed>5.924333</speed>
				<ele>22.326351</ele>
				<time>2026-09-05T01:29:57Z</time>
			</trkpt>
			<trkpt lat="35.361131" lon="139.512886">
				<speed>6.036090</speed>
				<ele>22.329327</ele>
				<time>2026-09-05T01:29:58Z</time>
			</trkpt>
			<trkpt lat="35.361092" lon="139.512837">
				<speed>6.069514</speed>
				<ele>22.618506</ele>
				<time>2026-09-05T01:29:59Z</time>
			</trkpt>
			<trkpt lat="35.361054" lon="139.512787">
				<speed>6.260497</speed>
				<ele>22.521270</ele>
				<time>2026-09-05T01:30:00Z</time>
			</trkpt>
			<trkpt lat="35.361017" lon="139.512737">
				<speed>6.374409</speed>
				<ele>22.352756</ele>
				<time>2026-09-05T01:30:01Z</time>
			</trkpt>
			<trkpt lat="35.360981" lon="139.512685">
				<speed>6.201056</speed>
				<ele>22.707880</ele>
				<time>2026-09-05T01:30:02Z</time>
			</trkpt>
			<trkpt lat="35.360947" lon="139.512633">
				<speed>6.409442</speed>
				<ele>22.227046</ele>
				<time>2026-09-05T01:30:03Z</time>
			</trkpt>
			<trkpt lat="35.360913" lon="139.512580">
				<speed>6.275837</speed>
				<ele>22.537488</ele>
				<time>2026-09-05T01:30:04Z</time>
			</trkpt>
			<trkpt lat="35.360880" lon="139.512526">
				<speed>6.220147</speed>
				<ele>22.322479</ele>
				<time>2026-09-05T01:30:05Z</time>
			</trkpt>
			<trkpt lat="35.360847" lon="139.512473">
				<speed>6.018517</speed>
				<ele>22.366967</ele>
				<time>2026-09-05T01:30:06Z</time>
			</trkpt>
			<trkpt lat="35.360784" lon="139.512369">
				<speed>5.465796</speed>
				<ele>22.248992</ele>
				<time>2026-09-05T01:30:08Z</time>
			</trkpt>
			<trkpt lat="35.360757" lon="139.512324">
				<speed>3.247856</speed>
				<ele>22.255625</ele>
				<time>2026-09-05T01:30:09Z</time>
			</trkpt>
			<trkpt lat="35.360711" lon="139.512247">
				<speed>0.939282</speed>
				<ele>22.917984</ele>
				<time>2026-09-05T01:30:17Z</time>
			</trkpt>
			<trkpt lat="35.360749" lon="139.512301">
				<speed>1.908910</speed>
				<ele>23.071454</ele>
				<time>2026-09-05T01:30:18Z</time>
			</trkpt>
			<trkpt lat="35.360662" lon="139.512161">
				<speed>4.579434</speed>
				<ele>23.435770</ele>
				<time>2026-09-05T01:30:26Z</time>
			</trkpt>
			<trkpt lat="35.360629" lon="139.512107">
				<speed>4.971972</speed>
				<ele>23.801435</ele>
				<time>2026-09-05T01:30:27Z</time>
			</trkpt>
			<trkpt lat="35.360594" lon="139.512050">
				<speed>5.182947</speed>
				<ele>23.837732</ele>
				<time>2026-09-05T01:30:28Z</time>
			</trkpt>
			<trkpt lat="35.360558" lon="139.511991">
				<speed>5.206662</speed>
				<ele>24.069981</ele>
				<time>2026-09-05T01:30:29Z</time>
			</trkpt>
			<trkpt lat="35.360523" lon="139.511931">
				<speed>5.679183</speed>
				<ele>23.981599</ele>
				<time>2026-09-05T01:30:30Z</time>
			</trkpt>
			<trkpt lat="35.360487" lon="139.511872">
				<speed>5.613698</speed>
				<ele>23.284424</ele>
				<time>2026-09-05T01:30:31Z</time>
			</trkpt>
			<trkpt lat="35.360452" lon="139.511813">
				<speed>5.647066</speed>
				<ele>23.649737</ele>
				<time>2026-09-05T01:30:32Z</time>
			</trkpt>
			<trkpt lat="35.360417" lon="139.511756">
				<speed>5.823504</speed>
				<ele>23.705372</ele>
				<time>2026-09-05T01:30:33Z</time>
			</trkpt>
			<trkpt lat="35.360382" lon="139.511699">
				<speed>5.939434</speed>
				<ele>23.851304</ele>
				<time>2026-09-05T01:30:34Z</time>
			</trkpt>
			<trkpt lat="35.360347" lon="139.511642">
				<speed>6.182835</speed>
				<ele>23.828754</ele>
				<time>2026-09-05T01:30:35Z</time>
			</trkpt>
			<trkpt lat="35.360312" lon="139.511584">
				<speed>6.267087</speed>
				<ele>23.895407</ele>
				<time>2026-09-05T01:30:36Z</time>
			</trkpt>
			<trkpt lat="35.360277" lon="139.511528">
				<speed>6.184347</speed>
				<ele>24.081452</ele>
				<time>2026-09-05T01:30:37Z</time>
			</trkpt>
			<trkpt lat="35.360242" lon="139.511471">
				<speed>6.225180</speed>
				<ele>23.959386</ele>
				<time>2026-09-05T01:30:38Z</time>
			</trkpt>
			<trkpt lat="35.360207" lon="139.511414">
				<speed>6.507978</speed>
				<ele>24.119978</ele>
				<time>2026-09-05T01:30:39Z</time>
			</trkpt>
			<trkpt lat="35.360171" lon="139.511357">
				<speed>6.385487</speed>
				<ele>24.457407</ele>
				<time>2026-09-05T01:30:40Z</time>
			</trkpt>
			<trkpt lat="35.360136" lon="139.511299">
				<speed>6.516543</speed>
				<ele>24.332384</ele>
				<time>2026-09-05T01:30:41Z</time>
			</trkpt>
			<trkpt lat="35.360101" lon="139.511242">
				<speed>6.470414</speed>
				<ele>24.394970</ele>
				<time>2026-09-05T01:30:42Z</time>
			</trkpt>
			<trkpt lat="35.360065" lon="139.511184">
				<speed>6.650749</speed>
				<ele>24.663764</ele>
				<time>2026-09-05T01:30:43Z</time>
			</trkpt>
			<trkpt lat="35.360028" lon="139.511126">
				<speed>6.589620</speed>
				<ele>24.359659</ele>
				<time>2026-09-05T01:30:44Z</time>
			</trkpt>
			<trkpt lat="35.359992" lon="139.511068">
				<speed>6.446647</speed>
				<ele>24.590072</ele>
				<time>2026-09-05T01:30:45Z</time>
			</trkpt>
			<trkpt lat="35.359955" lon="139.511011">
				<speed>6.581023</speed>
				<ele>24.329385</ele>
				<time>2026-09-05T01:30:46Z</time>
			</trkpt>
			<trkpt lat="35.359918" lon="139.510953">
				<speed>6.587343</speed>
				<ele>24.456072</ele>
				<time>2026-09-05T01:30:47Z</time>
			</trkpt>
			<trkpt lat="35.359880" lon="139.510897">
				<speed>6.498002</speed>
				<ele>24.231157</ele>
				<time>2026-09-05T01:30:48Z</time>
			</trkpt>
			<trkpt lat="35.359843" lon="139.510841">
				<speed>6.327465</speed>
				<ele>24.098513</ele>
				<time>2026-09-05T01:30:49Z</time>
			</trkpt>
			<trkpt lat="35.359805" lon="139.510786">
				<speed>6.170830</speed>
				<ele>24.229259</ele>
				<time>2026-09-05T01:30:50Z</time>
			</trkpt>
			<trkpt lat="35.359769" lon="139.510733">
				<speed>5.766290</speed>
				<ele>24.253156</ele>
				<time>2026-09-05T01:30:51Z</time>
			</trkpt>
			<trkpt lat="35.359733" lon="139.510683">
				<speed>5.461729</speed>
				<ele>23.152253</ele>
				<time>2026-09-05T01:30:52Z</time>
			</trkpt>
			<trkpt lat="35.359666" lon="139.510586">
				<speed>5.668375</speed>
				<ele>23.376075</ele>
				<time>2026-09-05T01:30:54Z</time>
			</trkpt>
			<trkpt lat="35.359602" lon="139.510488">
				<speed>6.020054</speed>
				<ele>23.477973</ele>
				<time>2026-09-05T01:30:56Z</time>
			</trkpt>
			<trkpt lat="35.359540" lon="139.510388">
				<speed>5.816413</speed>
				<ele>23.442791</ele>
				<time>2026-09-05T01:30:58Z</time>
			</trkpt>
			<trkpt lat="35.359479" lon="139.510286">
				<speed>6.103278</speed>
				<ele>23.782119</ele>
				<time>2026-09-05T01:31:00Z</time>
			</trkpt>
			<trkpt lat="35.359418" lon="139.510182">
				<speed>5.987246</speed>
				<ele>23.890262</ele>
				<time>2026-09-05T01:31:02Z</time>
			</trkpt>
			<trkpt lat="35.359356" lon="139.510077">
				<speed>6.129488</speed>
				<ele>24.458986</ele>
				<time>2026-09-05T01:31:04Z</time>
			</trkpt>
			<trkpt lat="35.359297" lon="139.509972">
				<speed>5.223563</speed>
				<ele>24.602101</ele>
				<time>2026-09-05T01:31:06Z</time>
			</trkpt>
			<trkpt lat="35.359237" lon="139.509870">
				<speed>5.563423</speed>
				<ele>25.520990</ele>
				<time>2026-09-05T01:31:08Z</time>
			</trkpt>
			<trkpt lat="35.359177" lon="139.509770">
				<speed>5.540900</speed>
				<ele>25.350706</ele>
				<time>2026-09-05T01:31:10Z</time>
			</trkpt>
			<trkpt lat="35.359120" lon="139.509670">
				<speed>5.277459</speed>
				<ele>26.086254</ele>
				<time>2026-09-05T01:31:12Z</time>
			</trkpt>
			<trkpt lat="35.359069" lon="139.509574">
				<speed>4.582825</speed>
				<ele>26.510945</ele>
				<time>2026-09-05T01:31:14Z</time>
			</trkpt>
			<trkpt lat="35.359022" lon="139.509490">
				<speed>3.665223</speed>
				<ele>26.071610</ele>
				<time>2026-09-05T01:31:16Z</time>
			</trkpt>
			<trkpt lat="35.358977" lon="139.509445">
				<speed>2.289214</speed>
				<ele>26.279334</ele>
				<time>2026-09-05T01:31:42Z</time>
			</trkpt>
			<trkpt lat="35.358953" lon="139.509412">
				<speed>0.108291</speed>
				<ele>26.785659</ele>
				<time>2026-09-05T01:31:48Z</time>
			</trkpt>
			<trkpt lat="35.358943" lon="139.509398">
				<speed>0.000000</speed>
				<ele>26.776610</ele>
				<time>2026-09-05T01:31:49Z</time>
			</trkpt>
			<trkpt lat="35.358927" lon="139.509341">
				<speed>1.086744</speed>
				<ele>28.116270</ele>
				<time>2026-09-05T01:32:45Z</time>
			</trkpt>
			<trkpt lat="35.358903" lon="139.509256">
				<speed>3.508774</speed>
				<ele>29.336657</ele>
				<time>2026-09-05T01:32:53Z</time>
			</trkpt>
			<trkpt lat="35.358848" lon="139.509105">
				<speed>3.647127</speed>
				<ele>29.475080</ele>
				<time>2026-09-05T01:32:55Z</time>
			</trkpt>
			<trkpt lat="35.358816" lon="139.509016">
				<speed>5.083608</speed>
				<ele>30.309092</ele>
				<time>2026-09-05T01:33:01Z</time>
			</trkpt>
			<trkpt lat="35.358773" lon="139.508896">
				<speed>5.160040</speed>
				<ele>30.898960</ele>
				<time>2026-09-05T01:33:03Z</time>
			</trkpt>
			<trkpt lat="35.358745" lon="139.508818">
				<speed>4.857331</speed>
				<ele>31.282535</ele>
				<time>2026-09-05T01:33:04Z</time>
			</trkpt>
			<trkpt lat="35.358718" lon="139.508738">
				<speed>4.665401</speed>
				<ele>31.570778</ele>
				<time>2026-09-05T01:33:05Z</time>
			</trkpt>
			<trkpt lat="35.358691" lon="139.508659">
				<speed>4.473938</speed>
				<ele>31.679711</ele>
				<time>2026-09-05T01:33:06Z</time>
			</trkpt>
			<trkpt lat="35.358666" lon="139.508586">
				<speed>4.029342</speed>
				<ele>31.941538</ele>
				<time>2026-09-05T01:33:07Z</time>
			</trkpt>
			<trkpt lat="35.358644" lon="139.508519">
				<speed>3.684080</speed>
				<ele>31.860905</ele>
				<time>2026-09-05T01:33:08Z</time>
			</trkpt>
			<trkpt lat="35.358608" lon="139.508407">
				<speed>3.003661</speed>
				<ele>32.060284</ele>
				<time>2026-09-05T01:33:10Z</time>
			</trkpt>
			<trkpt lat="35.358581" lon="139.508318">
				<speed>3.423257</speed>
				<ele>31.830132</ele>
				<time>2026-09-05T01:33:12Z</time>
			</trkpt>
			<trkpt lat="35.358557" lon="139.508236">
				<speed>4.186870</speed>
				<ele>32.350639</ele>
				<time>2026-09-05T01:33:14Z</time>
			</trkpt>
			<trkpt lat="35.358533" lon="139.508153">
				<speed>4.637302</speed>
				<ele>32.865258</ele>
				<time>2026-09-05T01:33:16Z</time>
			</trkpt>
			<trkpt lat="35.358505" lon="139.508061">
				<speed>5.055628</speed>
				<ele>32.552274</ele>
				<time>2026-09-05T01:33:18Z</time>
			</trkpt>
			<trkpt lat="35.358477" lon="139.507965">
				<speed>4.864992</speed>
				<ele>32.685076</ele>
				<time>2026-09-05T01:33:20Z</time>
			</trkpt>
			<trkpt lat="35.358448" lon="139.507866">
				<speed>4.853433</speed>
				<ele>32.356647</ele>
				<time>2026-09-05T01:33:22Z</time>
			</trkpt>
			<trkpt lat="35.358416" lon="139.507764">
				<speed>4.759646</speed>
				<ele>32.633469</ele>
				<time>2026-09-05T01:33:24Z</time>
			</trkpt>
			<trkpt lat="35.358385" lon="139.507664">
				<speed>4.624356</speed>
				<ele>32.376458</ele>
				<time>2026-09-05T01:33:26Z</time>
			</trkpt>
			<trkpt lat="35.358357" lon="139.507567">
				<speed>4.418580</speed>
				<ele>31.722781</ele>
				<time>2026-09-05T01:33:28Z</time>
			</trkpt>
			<trkpt lat="35.358328" lon="139.507472">
				<speed>4.540691</speed>
				<ele>32.415911</ele>
				<time>2026-09-05T01:33:30Z</time>
			</trkpt>
			<trkpt lat="35.358300" lon="139.507376">
				<speed>4.829952</speed>
				<ele>32.452747</ele>
				<time>2026-09-05T01:33:32Z</time>
			</trkpt>
			<trkpt lat="35.358273" lon="139.507277">
				<speed>4.159965</speed>
				<ele>33.545216</ele>
				<time>2026-09-05T01:33:34Z</time>
			</trkpt>
			<trkpt lat="35.358248" lon="139.507187">
				<speed>4.254294</speed>
				<ele>33.262151</ele>
				<time>2026-09-05T01:33:36Z</time>
			</trkpt>
			<trkpt lat="35.358221" lon="139.507100">
				<speed>4.305832</speed>
				<ele>33.152675</ele>
				<time>2026-09-05T01:33:38Z</time>
			</trkpt>
			<trkpt lat="35.358193" lon="139.507013">
				<speed>4.562059</speed>
				<ele>33.956272</ele>
				<time>2026-09-05T01:33:40Z</time>
			</trkpt>
			<trkpt lat="35.358162" lon="139.506922">
				<speed>4.761584</speed>
				<ele>34.343326</ele>
				<time>2026-09-05T01:33:42Z</time>
			</trkpt>
			<trkpt lat="35.358148" lon="139.506822">
				<speed>4.464818</speed>
				<ele>34.738448</ele>
				<time>2026-09-05T01:33:44Z</time>
			</trkpt>
			<trkpt lat="35.358142" lon="139.506715">
				<speed>4.444275</speed>
				<ele>35.287623</ele>
				<time>2026-09-05T01:33:46Z</time>
			</trkpt>
			<trkpt lat="35.358132" lon="139.506613">
				<speed>4.262820</speed>
				<ele>35.501351</ele>
				<time>2026-09-05T01:33:48Z</time>
			</trkpt>
			<trkpt lat="35.358114" lon="139.506516">
				<speed>4.436417</speed>
				<ele>35.650897</ele>
				<time>2026-09-05T01:33:50Z</time>
			</trkpt>
			<trkpt lat="35.358091" lon="139.506422">
				<speed>4.470248</speed>
				<ele>36.605747</ele>
				<time>2026-09-05T01:33:52Z</time>
			</trkpt>
			<trkpt lat="35.358063" lon="139.506326">
				<speed>4.813883</speed>
				<ele>36.620426</ele>
				<time>2026-09-05T01:33:54Z</time>
			</trkpt>
			<trkpt lat="35.358031" lon="139.506230">
				<speed>4.838074</speed>
				<ele>37.120596</ele>
				<time>2026-09-05T01:33:56Z</time>
			</trkpt>
			<trkpt lat="35.357998" lon="139.506132">
				<speed>4.770987</speed>
				<ele>37.673803</ele>
				<time>2026-09-05T01:33:58Z</time>
			</trkpt>
			<trkpt lat="35.357964" lon="139.506034">
				<speed>4.884323</speed>
				<ele>38.261641</ele>
				<time>2026-09-05T01:34:00Z</time>
			</trkpt>
			<trkpt lat="35.357932" lon="139.505934">
				<speed>4.723426</speed>
				<ele>38.418846</ele>
				<time>2026-09-05T01:34:02Z</time>
			</trkpt>
			<trkpt lat="35.357901" lon="139.505836">
				<speed>4.618271</speed>
				<ele>38.879784</ele>
				<time>2026-09-05T01:34:04Z</time>
			</trkpt>
			<trkpt lat="35.357869" lon="139.505740">
				<speed>4.986981</speed>
				<ele>38.689613</ele>
				<time>2026-09-05T01:34:06Z</time>
			</trkpt>
			<trkpt lat="35.357837" lon="139.505645">
				<speed>4.637814</speed>
				<ele>39.138571</ele>
				<time>2026-09-05T01:34:08Z</time>
			</trkpt>
			<trkpt lat="35.357802" lon="139.505553">
				<speed>4.489590</speed>
				<ele>39.941887</ele>
				<time>2026-09-05T01:34:10Z</time>
			</trkpt>
			<trkpt lat="35.357764" lon="139.505461">
				<speed>4.968071</speed>
				<ele>40.633555</ele>
				<time>2026-09-05T01:34:12Z</time>
			</trkpt>
			<trkpt lat="35.357723" lon="139.505366">
				<speed>5.055440</speed>
				<ele>40.995401</ele>
				<time>2026-09-05T01:34:14Z</time>
			</trkpt>
			<trkpt lat="35.357679" lon="139.505272">
				<speed>4.798118</speed>
				<ele>41.260339</ele>
				<time>2026-09-05T01:34:16Z</time>
			</trkpt>
			<trkpt lat="35.357633" lon="139.505180">
				<speed>4.485935</speed>
				<ele>42.004628</ele>
				<time>2026-09-05T01:34:18Z</time>
			</trkpt>
			<trkpt lat="35.357586" lon="139.505093">
				<speed>4.771421</speed>
				<ele>42.640588</ele>
				<time>2026-09-05T01:34:20Z</time>
			</trkpt>
			<trkpt lat="35.357536" lon="139.505008">
				<speed>4.898912</speed>
				<ele>43.296470</ele>
				<time>2026-09-05T01:34:22Z</time>
			</trkpt>
			<trkpt lat="35.357483" lon="139.504923">
				<speed>4.944335</speed>
				<ele>43.117945</ele>
				<time>2026-09-05T01:34:24Z</time>
			</trkpt>
			<trkpt lat="35.357429" lon="139.504837">
				<speed>4.834847</speed>
				<ele>44.107943</ele>
				<time>2026-09-05T01:34:26Z</time>
			</trkpt>
			<trkpt lat="35.357372" lon="139.504754">
				<speed>4.837405</speed>
				<ele>43.748119</ele>
				<time>2026-09-05T01:34:28Z</time>
			</trkpt>
			<trkpt lat="35.357307" lon="139.504678">
				<speed>4.829678</speed>
				<ele>44.352026</ele>
				<time>2026-09-05T01:34:30Z</time>
			</trkpt>
			<trkpt lat="35.357242" lon="139.504606">
				<speed>4.728226</speed>
				<ele>44.611028</ele>
				<time>2026-09-05T01:34:32Z</time>
			</trkpt>
			<trkpt lat="35.357178" lon="139.504534">
				<speed>4.738030</speed>
				<ele>44.838961</ele>
				<time>2026-09-05T01:34:34Z</time>
			</trkpt>
			<trkpt lat="35.357111" lon="139.504462">
				<speed>5.005666</speed>
				<ele>44.659105</ele>
				<time>2026-09-05T01:34:36Z</time>
			</trkpt>
			<trkpt lat="35.357043" lon="139.504390">
				<speed>4.905287</speed>
				<ele>44.480474</ele>
				<time>2026-09-05T01:34:38Z</time>
			</trkpt>
			<trkpt lat="35.356974" lon="139.504320">
				<speed>4.810875</speed>
				<ele>44.400048</ele>
				<time>2026-09-05T01:34:40Z</time>
			</trkpt>
			<trkpt lat="35.356911" lon="139.504245">
				<speed>4.514996</speed>
				<ele>43.459956</ele>
				<time>2026-09-05T01:34:42Z</time>
			</trkpt>
			<trkpt lat="35.356855" lon="139.504169">
				<speed>4.022511</speed>
				<ele>43.729892</ele>
				<time>2026-09-05T01:34:44Z</time>
			</trkpt>
			<trkpt lat="35.356804" lon="139.504103">
				<speed>2.862184</speed>
				<ele>43.890911</ele>
				<time>2026-09-05T01:34:46Z</time>
			</trkpt>
			<trkpt lat="35.356744" lon="139.504051">
				<speed>4.148472</speed>
				<ele>42.400020</ele>
				<time>2026-09-05T01:36:09Z</time>
			</trkpt>
			<trkpt lat="35.356676" lon="139.503995">
				<speed>4.420301</speed>
				<ele>43.098727</ele>
				<time>2026-09-05T01:36:11Z</time>
			</trkpt>
			<trkpt lat="35.356600" lon="139.503927">
				<speed>4.632542</speed>
				<ele>43.312918</ele>
				<time>2026-09-05T01:36:13Z</time>
			</trkpt>
			<trkpt lat="35.356519" lon="139.503855">
				<speed>4.598949</speed>
				<ele>43.201619</ele>
				<time>2026-09-05T01:36:15Z</time>
			</trkpt>
			<trkpt lat="35.356438" lon="139.503787">
				<speed>4.506038</speed>
				<ele>43.495348</ele>
				<time>2026-09-05T01:36:17Z</time>
			</trkpt>
			<trkpt lat="35.356354" lon="139.503730">
				<speed>4.354155</speed>
				<ele>43.549369</ele>
				<time>2026-09-05T01:36:19Z</time>
			</trkpt>
			<trkpt lat="35.356275" lon="139.503679">
				<speed>4.202036</speed>
				<ele>43.548462</ele>
				<time>2026-09-05T01:36:21Z</time>
			</trkpt>
			<trkpt lat="35.356199" lon="139.503630">
				<speed>4.547856</speed>
				<ele>43.440462</ele>
				<time>2026-09-05T01:36:23Z</time>
			</trkpt>
			<trkpt lat="35.356123" lon="139.503577">
				<speed>5.112175</speed>
				<ele>42.838416</ele>
				<time>2026-09-05T01:36:25Z</time>
			</trkpt>
			<trkpt lat="35.356045" lon="139.503520">
				<speed>5.250804</speed>
				<ele>43.243859</ele>
				<time>2026-09-05T01:36:27Z</time>
			</trkpt>
			<trkpt lat="35.355964" lon="139.503458">
				<speed>5.645580</speed>
				<ele>43.348717</ele>
				<time>2026-09-05T01:36:29Z</time>
			</trkpt>
			<trkpt lat="35.355881" lon="139.503390">
				<speed>5.674782</speed>
				<ele>43.747926</ele>
				<time>2026-09-05T01:36:31Z</time>
			</trkpt>
			<trkpt lat="35.355798" lon="139.503314">
				<speed>5.759395</speed>
				<ele>43.920329</ele>
				<time>2026-09-05T01:36:33Z</time>
			</trkpt>
			<trkpt lat="35.355712" lon="139.503249">
				<speed>5.078649</speed>
				<ele>44.005976</ele>
				<time>2026-09-05T01:36:35Z</time>
			</trkpt>
			<trkpt lat="35.355625" lon="139.503192">
				<speed>5.502776</speed>
				<ele>43.979801</ele>
				<time>2026-09-05T01:36:37Z</time>
			</trkpt>
			<trkpt lat="35.355540" lon="139.503135">
				<speed>5.171164</speed>
				<ele>45.102319</ele>
				<time>2026-09-05T01:36:39Z</time>
			</trkpt>
			<trkpt lat="35.355466" lon="139.503069">
				<speed>4.781567</speed>
				<ele>45.819862</ele>
				<time>2026-09-05T01:36:41Z</time>
			</trkpt>
			<trkpt lat="35.355396" lon="139.502998">
				<speed>4.913399</speed>
				<ele>45.702771</ele>
				<time>2026-09-05T01:36:43Z</time>
			</trkpt>
			<trkpt lat="35.355326" lon="139.502929">
				<speed>4.867329</speed>
				<ele>46.903081</ele>
				<time>2026-09-05T01:36:45Z</time>
			</trkpt>
			<trkpt lat="35.355255" lon="139.502865">
				<speed>4.887940</speed>
				<ele>47.234837</ele>
				<time>2026-09-05T01:36:47Z</time>
			</trkpt>
			<trkpt lat="35.355184" lon="139.502806">
				<speed>4.614474</speed>
				<ele>47.904062</ele>
				<time>2026-09-05T01:36:49Z</time>
			</trkpt>
			<trkpt lat="35.355108" lon="139.502759">
				<speed>4.872946</speed>
				<ele>48.469642</ele>
				<time>2026-09-05T01:36:51Z</time>
			</trkpt>
			<trkpt lat="35.355026" lon="139.502717">
				<speed>5.029833</speed>
				<ele>49.115016</ele>
				<time>2026-09-05T01:36:53Z</time>
			</trkpt>
			<trkpt lat="35.354944" lon="139.502673">
				<speed>4.749370</speed>
				<ele>49.539581</ele>
				<time>2026-09-05T01:36:55Z</time>
			</trkpt>
			<trkpt lat="35.354863" lon="139.502625">
				<speed>5.249354</speed>
				<ele>49.914158</ele>
				<time>2026-09-05T01:36:57Z</time>
			</trkpt>
			<trkpt lat="35.354781" lon="139.502572">
				<speed>5.298836</speed>
				<ele>50.643780</ele>
				<time>2026-09-05T01:36:59Z</time>
			</trkpt>
			<trkpt lat="35.354696" lon="139.502515">
				<speed>5.095498</speed>
				<ele>51.027842</ele>
				<time>2026-09-05T01:37:01Z</time>
			</trkpt>
			<trkpt lat="35.354617" lon="139.502459">
				<speed>4.556052</speed>
				<ele>51.525022</ele>
				<time>2026-09-05T01:37:03Z</time>
			</trkpt>
			<trkpt lat="35.354541" lon="139.502404">
				<speed>4.724096</speed>
				<ele>51.916499</ele>
				<time>2026-09-05T01:37:05Z</time>
			</trkpt>
			<trkpt lat="35.354467" lon="139.502354">
				<speed>4.364181</speed>
				<ele>51.973808</ele>
				<time>2026-09-05T01:37:07Z</time>
			</trkpt>
			<trkpt lat="35.354400" lon="139.502304">
				<speed>4.263552</speed>
				<ele>52.401736</ele>
				<time>2026-09-05T01:37:09Z</time>
			</trkpt>
			<trkpt lat="35.354340" lon="139.502250">
				<speed>3.912249</speed>
				<ele>52.490510</ele>
				<time>2026-09-05T01:37:11Z</time>
			</trkpt>
			<trkpt lat="35.354286" lon="139.502200">
				<speed>3.778886</speed>
				<ele>53.382665</ele>
				<time>2026-09-05T01:37:13Z</time>
			</trkpt>
			<trkpt lat="35.354231" lon="139.502150">
				<speed>4.667267</speed>
				<ele>53.468227</ele>
				<time>2026-09-05T01:37:15Z</time>
			</trkpt>
			<trkpt lat="35.354167" lon="139.502087">
				<speed>5.146600</speed>
				<ele>53.727160</ele>
				<time>2026-09-05T01:37:17Z</time>
			</trkpt>
			<trkpt lat="35.354098" lon="139.502023">
				<speed>4.983599</speed>
				<ele>53.968957</ele>
				<time>2026-09-05T01:37:19Z</time>
			</trkpt>
			<trkpt lat="35.354023" lon="139.501963">
				<speed>5.047428</speed>
				<ele>54.240926</ele>
				<time>2026-09-05T01:37:21Z</time>
			</trkpt>
			<trkpt lat="35.353941" lon="139.501905">
				<speed>5.304896</speed>
				<ele>54.375805</ele>
				<time>2026-09-05T01:37:23Z</time>
			</trkpt>
			<trkpt lat="35.353854" lon="139.501851">
				<speed>5.492527</speed>
				<ele>54.394628</ele>
				<time>2026-09-05T01:37:25Z</time>
			</trkpt>
			<trkpt lat="35.353757" lon="139.501805">
				<speed>5.831370</speed>
				<ele>54.272129</ele>
				<time>2026-09-05T01:37:27Z</time>
			</trkpt>
			<trkpt lat="35.353656" lon="139.501760">
				<speed>5.868406</speed>
				<ele>54.515634</ele>
				<time>2026-09-05T01:37:29Z</time>
			</trkpt>
			<trkpt lat="35.353605" lon="139.501737">
				<speed>5.871853</speed>
				<ele>54.420004</ele>
				<time>2026-09-05T01:37:30Z</time>
			</trkpt>
			<trkpt lat="35.353554" lon="139.501713">
				<speed>5.799812</speed>
				<ele>54.550637</ele>
				<time>2026-09-05T01:37:31Z</time>
			</trkpt>
			<trkpt lat="35.353503" lon="139.501689">
				<speed>5.751273</speed>
				<ele>54.494229</ele>
				<time>2026-09-05T01:37:32Z</time>
			</trkpt>
			<trkpt lat="35.353452" lon="139.501665">
				<speed>5.826704</speed>
				<ele>54.500508</ele>
				<time>2026-09-05T01:37:33Z</time>
			</trkpt>
			<trkpt lat="35.353353" lon="139.501616">
				<speed>5.608386</speed>
				<ele>54.532880</ele>
				<time>2026-09-05T01:37:35Z</time>
			</trkpt>
			<trkpt lat="35.353256" lon="139.501565">
				<speed>5.691638</speed>
				<ele>54.769051</ele>
				<time>2026-09-05T01:37:37Z</time>
			</trkpt>
			<trkpt lat="35.353159" lon="139.501516">
				<speed>5.895642</speed>
				<ele>54.689698</ele>
				<time>2026-09-05T01:37:39Z</time>
			</trkpt>
			<trkpt lat="35.353061" lon="139.501469">
				<speed>5.849972</speed>
				<ele>54.756634</ele>
				<time>2026-09-05T01:37:41Z</time>
			</trkpt>
			<trkpt lat="35.352962" lon="139.501425">
				<speed>5.894045</speed>
				<ele>55.060559</ele>
				<time>2026-09-05T01:37:43Z</time>
			</trkpt>
			<trkpt lat="35.352863" lon="139.501380">
				<speed>5.736209</speed>
				<ele>54.956760</ele>
				<time>2026-09-05T01:37:45Z</time>
			</trkpt>
			<trkpt lat="35.352767" lon="139.501338">
				<speed>5.204580</speed>
				<ele>54.836539</ele>
				<time>2026-09-05T01:37:47Z</time>
			</trkpt>
			<trkpt lat="35.352676" lon="139.501300">
				<speed>4.958090</speed>
				<ele>55.160554</ele>
				<time>2026-09-05T01:37:49Z</time>
			</trkpt>
			<trkpt lat="35.352586" lon="139.501255">
				<speed>5.774003</speed>
				<ele>55.228820</ele>
				<time>2026-09-05T01:37:51Z</time>
			</trkpt>
			<trkpt lat="35.352492" lon="139.501206">
				<speed>5.866103</speed>
				<ele>55.466391</ele>
				<time>2026-09-05T01:37:53Z</time>
			</trkpt>
			<trkpt lat="35.352394" lon="139.501160">
				<speed>5.748083</speed>
				<ele>54.870985</ele>
				<time>2026-09-05T01:37:55Z</time>
			</trkpt>
			<trkpt lat="35.352297" lon="139.501119">
				<speed>5.776633</speed>
				<ele>54.556350</ele>
				<time>2026-09-05T01:37:57Z</time>
			</trkpt>
			<trkpt lat="35.352199" lon="139.501082">
				<speed>5.687480</speed>
				<ele>54.391072</ele>
				<time>2026-09-05T01:37:59Z</time>
			</trkpt>
			<trkpt lat="35.352103" lon="139.501048">
				<speed>4.952703</speed>
				<ele>54.135395</ele>
				<time>2026-09-05T01:38:01Z</time>
			</trkpt>
			<trkpt lat="35.352019" lon="139.501021">
				<speed>3.374344</speed>
				<ele>54.455383</ele>
				<time>2026-09-05T01:38:03Z</time>
			</trkpt>
			<trkpt lat="35.351950" lon="139.501001">
				<speed>1.063257</speed>
				<ele>55.770016</ele>
				<time>2026-09-05T01:38:06Z</time>
			</trkpt>
			<trkpt lat="35.352003" lon="139.501021">
				<speed>2.194227</speed>
				<ele>56.333734</ele>
				<time>2026-09-05T01:38:10Z</time>
			</trkpt>
			<trkpt lat="35.352052" lon="139.501039">
				<speed>1.625603</speed>
				<ele>56.508960</ele>
				<time>2026-09-05T01:38:12Z</time>
			</trkpt>
			<trkpt lat="35.352104" lon="139.501113">
				<speed>3.819679</speed>
				<ele>56.913574</ele>
				<time>2026-09-05T01:38:15Z</time>
			</trkpt>
			<trkpt lat="35.352122" lon="139.501223">
				<speed>3.180131</speed>
				<ele>57.073725</ele>
				<time>2026-09-05T01:38:17Z</time>
			</trkpt>
			<trkpt lat="35.352124" lon="139.501334">
				<speed>3.509941</speed>
				<ele>57.737156</ele>
				<time>2026-09-05T01:38:19Z</time>
			</trkpt>
			<trkpt lat="35.352116" lon="139.501440">
				<speed>3.646407</speed>
				<ele>58.141044</ele>
				<time>2026-09-05T01:38:21Z</time>
			</trkpt>
			<trkpt lat="35.352101" lon="139.501535">
				<speed>2.713521</speed>
				<ele>58.247316</ele>
				<time>2026-09-05T01:38:23Z</time>
			</trkpt>
			<trkpt lat="35.352049" lon="139.501591">
				<speed>1.861257</speed>
				<ele>58.162400</ele>
				<time>2026-09-05T01:38:26Z</time>
			</trkpt>
			<trkpt lat="35.352023" lon="139.501555">
				<speed>2.306477</speed>
				<ele>58.629187</ele>
				<time>2026-09-05T01:38:29Z</time>
			</trkpt>
			<trkpt lat="35.352020" lon="139.501453">
				<speed>3.015429</speed>
				<ele>59.160911</ele>
				<time>2026-09-05T01:38:32Z</time>
			</trkpt>
			<trkpt lat="35.352029" lon="139.501368">
				<speed>3.092465</speed>
				<ele>59.632765</ele>
				<time>2026-09-05T01:38:34Z</time>
			</trkpt>
			<trkpt lat="35.352044" lon="139.501278">
				<speed>3.424707</speed>
				<ele>59.570411</ele>
				<time>2026-09-05T01:38:36Z</time>
			</trkpt>
			<trkpt lat="35.352061" lon="139.501187">
				<speed>3.152791</speed>
				<ele>59.971817</ele>
				<time>2026-09-05T01:38:38Z</time>
			</trkpt>
			<trkpt lat="35.352077" lon="139.501098">
				<speed>3.615356</speed>
				<ele>59.663139</ele>
				<time>2026-09-05T01:38:40Z</time>
			</trkpt>
			<trkpt lat="35.352095" lon="139.501011">
				<speed>3.302031</speed>
				<ele>59.616311</ele>
				<time>2026-09-05T01:38:42Z</time>
			</trkpt>
			<trkpt lat="35.352113" lon="139.500932">
				<speed>2.961246</speed>
				<ele>59.321029</ele>
				<time>2026-09-05T01:38:44Z</time>
			</trkpt>
			<trkpt lat="35.352128" lon="139.500859">
				<speed>3.408869</speed>
				<ele>58.399364</ele>
				<time>2026-09-05T01:38:46Z</time>
			</trkpt>
			<trkpt lat="35.352140" lon="139.500789">
				<speed>2.134683</speed>
				<ele>58.200919</ele>
				<time>2026-09-05T01:38:48Z</time>
			</trkpt>
			<trkpt lat="35.352156" lon="139.500708">
				<speed>4.526942</speed>
				<ele>54.069904</ele>
				<time>2026-09-05T01:39:20Z</time>
			</trkpt>
			<trkpt lat="35.352172" lon="139.500612">
				<speed>3.509192</speed>
				<ele>53.379678</ele>
				<time>2026-09-05T01:39:23Z</time>
			</trkpt>
			<trkpt lat="35.352187" lon="139.500532">
				<speed>2.795849</speed>
				<ele>52.848731</ele>
				<time>2026-09-05T01:39:25Z</time>
			</trkpt>
			<trkpt lat="35.352208" lon="139.500460">
				<speed>1.884219</speed>
				<ele>52.723617</ele>
				<time>2026-09-05T01:39:27Z</time>
			</trkpt>
			<trkpt lat="35.352213" lon="139.500565">
				<speed>3.411443</speed>
				<ele>51.535253</ele>
				<time>2026-09-05T01:39:35Z</time>
			</trkpt>
			<trkpt lat="35.352199" lon="139.500650">
				<speed>2.754328</speed>
				<ele>51.398351</ele>
				<time>2026-09-05T01:39:37Z</time>
			</trkpt>
			<trkpt lat="35.352187" lon="139.500723">
				<speed>2.212844</speed>
				<ele>51.423313</ele>
				<time>2026-09-05T01:39:39Z</time>
			</trkpt>
			<trkpt lat="35.352171" lon="139.500797">
				<speed>3.216364</speed>
				<ele>51.157661</ele>
				<time>2026-09-05T01:39:41Z</time>
			</trkpt>
			<trkpt lat="35.352145" lon="139.500858">
				<speed>2.063453</speed>
				<ele>51.675514</ele>
				<time>2026-09-05T01:39:43Z</time>
			</trkpt>
			<trkpt lat="35.352079" lon="139.500879">
				<speed>3.885534</speed>
				<ele>50.255091</ele>
				<time>2026-09-05T01:39:46Z</time>
			</trkpt>
			<trkpt lat="35.352022" lon="139.500861">
				<speed>2.777360</speed>
				<ele>50.261069</ele>
				<time>2026-09-05T01:39:48Z</time>
			</trkpt>
			<trkpt lat="35.351964" lon="139.500806">
				<speed>0.041227</speed>
				<ele>49.642055</ele>
				<time>2026-09-05T01:39:56Z</time>
			</trkpt>
			<trkpt lat="35.351919" lon="139.500793">
				<speed>1.050202</speed>
				<ele>49.624789</ele>
				<time>2026-09-05T01:40:07Z</time>
			</trkpt>
			<trkpt lat="35.351886" lon="139.500750">
				<speed>1.427639</speed>
				<ele>49.550727</ele>
				<time>2026-09-05T01:40:11Z</time>
			</trkpt>
			<trkpt lat="35.351866" lon="139.500698">
				<speed>1.283274</speed>
				<ele>49.985038</ele>
				<time>2026-09-05T01:40:14Z</time>
			</trkpt>
			<trkpt lat="35.351845" lon="139.500646">
				<speed>1.737703</speed>
				<ele>49.724195</ele>
				<time>2026-09-05T01:40:17Z</time>
			</trkpt>
			<trkpt lat="35.351808" lon="139.500557">
				<speed>2.371385</speed>
				<ele>50.278356</ele>
				<time>2026-09-05T01:40:23Z</time>
			</trkpt>
			<trkpt lat="35.351783" lon="139.500513">
				<speed>0.685854</speed>
				<ele>48.234193</ele>
				<time>2026-09-05T01:40:34Z</time>
			</trkpt>
			<trkpt lat="35.351731" lon="139.500472">
				<speed>0.510867</speed>
				<ele>47.912541</ele>
				<time>2026-09-05T01:40:42Z</time>
			</trkpt>
			<trkpt lat="35.351697" lon="139.500494">
				<speed>1.036443</speed>
				<ele>47.497389</ele>
				<time>2026-09-05T01:41:05Z</time>
			</trkpt>
			<trkpt lat="35.351672" lon="139.500592">
				<speed>0.000000</speed>
				<ele>48.338464</ele>
				<time>2026-09-05T01:41:44Z</time>
			</trkpt>
			<trkpt lat="35.351689" lon="139.500410">
				<speed>1.245467</speed>
				<ele>48.304610</ele>
				<time>2026-09-05T01:42:48Z</time>
			</trkpt>
			<trkpt lat="35.351629" lon="139.500624">
				<speed>0.126562</speed>
				<ele>47.687313</ele>
				<time>2026-09-05T01:43:12Z</time>
			</trkpt>
			<trkpt lat="35.351661" lon="139.500664">
				<speed>0.105335</speed>
				<ele>48.740708</ele>
				<time>2026-09-05T01:43:21Z</time>
			</trkpt>
			<trkpt lat="35.351689" lon="139.500528">
				<speed>0.125470</speed>
				<ele>48.939489</ele>
				<time>2026-09-05T01:43:38Z</time>
			</trkpt>
			<trkpt lat="35.351715" lon="139.500646">
				<speed>0.125470</speed>
				<ele>48.962642</ele>
				<time>2026-09-05T02:02:31Z</time>
			</trkpt>
			<trkpt lat="35.351725" lon="139.500580">
				<speed>1.727900</speed>
				<ele>49.371764</ele>
				<time>2026-09-05T02:02:41Z</time>
			</trkpt>
			<trkpt lat="35.351747" lon="139.500522">
				<speed>0.183188</speed>
				<ele>48.804680</ele>
				<time>2026-09-05T02:02:50Z</time>
			</trkpt>
			<trkpt lat="35.351811" lon="139.500551">
				<speed>0.897948</speed>
				<ele>49.817094</ele>
				<time>2026-09-05T02:02:58Z</time>
			</trkpt>
			<trkpt lat="35.351848" lon="139.500593">
				<speed>1.959151</speed>
				<ele>51.197137</ele>
				<time>2026-09-05T02:03:05Z</time>
			</trkpt>
			<trkpt lat="35.351880" lon="139.500639">
				<speed>1.461764</speed>
				<ele>51.640466</ele>
				<time>2026-09-05T02:03:07Z</time>
			</trkpt>
			<trkpt lat="35.351914" lon="139.500693">
				<speed>1.471160</speed>
				<ele>51.659790</ele>
				<time>2026-09-05T02:03:09Z</time>
			</trkpt>
			<trkpt lat="35.351941" lon="139.500745">
				<speed>1.249360</speed>
				<ele>52.016712</ele>
				<time>2026-09-05T02:03:11Z</time>
			</trkpt>
			<trkpt lat="35.351965" lon="139.500780">
				<speed>1.103498</speed>
				<ele>52.389527</ele>
				<time>2026-09-05T02:03:13Z</time>
			</trkpt>
			<trkpt lat="35.351913" lon="139.500788">
				<speed>0.807836</speed>
				<ele>52.604915</ele>
				<time>2026-09-05T02:04:00Z</time>
			</trkpt>
			<trkpt lat="35.351961" lon="139.500805">
				<speed>2.124116</speed>
				<ele>52.119059</ele>
				<time>2026-09-05T02:04:08Z</time>
			</trkpt>
			<trkpt lat="35.352023" lon="139.500830">
				<speed>3.505011</speed>
				<ele>52.991620</ele>
				<time>2026-09-05T02:04:11Z</time>
			</trkpt>
			<trkpt lat="35.352081" lon="139.500850">
				<speed>3.519354</speed>
				<ele>53.443663</ele>
				<time>2026-09-05T02:04:13Z</time>
			</trkpt>
			<trkpt lat="35.352141" lon="139.500856">
				<speed>2.830933</speed>
				<ele>53.639235</ele>
				<time>2026-09-05T02:04:15Z</time>
			</trkpt>
			<trkpt lat="35.352209" lon="139.500809">
				<speed>4.033184</speed>
				<ele>53.526636</ele>
				<time>2026-09-05T02:04:18Z</time>
			</trkpt>
			<trkpt lat="35.352241" lon="139.500737">
				<speed>4.637634</speed>
				<ele>53.446255</ele>
				<time>2026-09-05T02:04:20Z</time>
			</trkpt>
			<trkpt lat="35.352267" lon="139.500639">
				<speed>4.999726</speed>
				<ele>53.549246</ele>
				<time>2026-09-05T02:04:22Z</time>
			</trkpt>
			<trkpt lat="35.352289" lon="139.500524">
				<speed>5.207102</speed>
				<ele>53.244808</ele>
				<time>2026-09-05T02:04:24Z</time>
			</trkpt>
			<trkpt lat="35.352308" lon="139.500409">
				<speed>2.957971</speed>
				<ele>53.072168</ele>
				<time>2026-09-05T02:04:26Z</time>
			</trkpt>
			<trkpt lat="35.352314" lon="139.500364">
				<speed>1.493708</speed>
				<ele>53.115577</ele>
				<time>2026-09-05T02:04:27Z</time>
			</trkpt>
			<trkpt lat="35.352312" lon="139.500297">
				<speed>1.223425</speed>
				<ele>53.273715</ele>
				<time>2026-09-05T02:04:29Z</time>
			</trkpt>
			<trkpt lat="35.352268" lon="139.500256">
				<speed>3.825257</speed>
				<ele>53.897053</ele>
				<time>2026-09-05T02:04:32Z</time>
			</trkpt>
			<trkpt lat="35.352203" lon="139.500244">
				<speed>4.520512</speed>
				<ele>53.599717</ele>
				<time>2026-09-05T02:04:34Z</time>
			</trkpt>
			<trkpt lat="35.352117" lon="139.500240">
				<speed>4.892344</speed>
				<ele>53.030250</ele>
				<time>2026-09-05T02:04:36Z</time>
			</trkpt>
			<trkpt lat="35.352017" lon="139.500240">
				<speed>5.239422</speed>
				<ele>52.550795</ele>
				<time>2026-09-05T02:04:38Z</time>
			</trkpt>
			<trkpt lat="35.351963" lon="139.500240">
				<speed>5.569145</speed>
				<ele>51.997461</ele>
				<time>2026-09-05T02:04:39Z</time>
			</trkpt>
			<trkpt lat="35.351907" lon="139.500239">
				<speed>5.797779</speed>
				<ele>51.895095</ele>
				<time>2026-09-05T02:04:40Z</time>
			</trkpt>
			<trkpt lat="35.351848" lon="139.500238">
				<speed>6.158886</speed>
				<ele>51.618652</ele>
				<time>2026-09-05T02:04:41Z</time>
			</trkpt>
			<trkpt lat="35.351786" lon="139.500237">
				<speed>6.515205</speed>
				<ele>51.431719</ele>
				<time>2026-09-05T02:04:42Z</time>
			</trkpt>
			<trkpt lat="35.351722" lon="139.500235">
				<speed>6.760362</speed>
				<ele>51.188288</ele>
				<time>2026-09-05T02:04:43Z</time>
			</trkpt>
			<trkpt lat="35.351656" lon="139.500233">
				<speed>6.878837</speed>
				<ele>51.004561</ele>
				<time>2026-09-05T02:04:44Z</time>
			</trkpt>
			<trkpt lat="35.351589" lon="139.500230">
				<speed>6.916502</speed>
				<ele>50.759187</ele>
				<time>2026-09-05T02:04:45Z</time>
			</trkpt>
			<trkpt lat="35.351522" lon="139.500226">
				<speed>7.030373</speed>
				<ele>50.396775</ele>
				<time>2026-09-05T02:04:46Z</time>
			</trkpt>
			<trkpt lat="35.351454" lon="139.500222">
				<speed>6.690368</speed>
				<ele>50.102220</ele>
				<time>2026-09-05T02:04:47Z</time>
			</trkpt>
			<trkpt lat="35.351389" lon="139.500218">
				<speed>6.087848</speed>
				<ele>49.937374</ele>
				<time>2026-09-05T02:04:48Z</time>
			</trkpt>
			<trkpt lat="35.351327" lon="139.500214">
				<speed>5.520154</speed>
				<ele>49.649281</ele>
				<time>2026-09-05T02:04:49Z</time>
			</trkpt>
			<trkpt lat="35.351269" lon="139.500210">
				<speed>5.285960</speed>
				<ele>49.271947</ele>
				<time>2026-09-05T02:04:50Z</time>
			</trkpt>
			<trkpt lat="35.351214" lon="139.500206">
				<speed>5.025058</speed>
				<ele>49.120735</ele>
				<time>2026-09-05T02:04:51Z</time>
			</trkpt>
			<trkpt lat="35.351116" lon="139.500198">
				<speed>4.419709</speed>
				<ele>48.835910</ele>
				<time>2026-09-05T02:04:53Z</time>
			</trkpt>
			<trkpt lat="35.351032" lon="139.500192">
				<speed>4.435074</speed>
				<ele>48.626440</ele>
				<time>2026-09-05T02:04:55Z</time>
			</trkpt>
			<trkpt lat="35.350953" lon="139.500184">
				<speed>4.567520</speed>
				<ele>48.298637</ele>
				<time>2026-09-05T02:04:57Z</time>
			</trkpt>
			<trkpt lat="35.350876" lon="139.500174">
				<speed>4.697459</speed>
				<ele>48.215251</ele>
				<time>2026-09-05T02:04:59Z</time>
			</trkpt>
			<trkpt lat="35.350801" lon="139.500165">
				<speed>3.849075</speed>
				<ele>47.946436</ele>
				<time>2026-09-05T02:05:01Z</time>
			</trkpt>
			<trkpt lat="35.350736" lon="139.500149">
				<speed>3.714902</speed>
				<ele>48.023934</ele>
				<time>2026-09-05T02:05:03Z</time>
			</trkpt>
			<trkpt lat="35.350691" lon="139.500105">
				<speed>4.751122</speed>
				<ele>46.378831</ele>
				<time>2026-09-05T02:05:05Z</time>
			</trkpt>
			<trkpt lat="35.350662" lon="139.500028">
				<speed>5.089574</speed>
				<ele>47.721328</ele>
				<time>2026-09-05T02:05:07Z</time>
			</trkpt>
			<trkpt lat="35.350647" lon="139.499917">
				<speed>6.330563</speed>
				<ele>46.841661</ele>
				<time>2026-09-05T02:05:09Z</time>
			</trkpt>
			<trkpt lat="35.350644" lon="139.499850">
				<speed>6.334446</speed>
				<ele>46.841547</ele>
				<time>2026-09-05T02:05:10Z</time>
			</trkpt>
			<trkpt lat="35.350643" lon="139.499777">
				<speed>6.639941</speed>
				<ele>46.361974</ele>
				<time>2026-09-05T02:05:11Z</time>
			</trkpt>
			<trkpt lat="35.350642" lon="139.499700">
				<speed>6.793589</speed>
				<ele>46.189243</ele>
				<time>2026-09-05T02:05:12Z</time>
			</trkpt>
			<trkpt lat="35.350643" lon="139.499619">
				<speed>6.956831</speed>
				<ele>45.949781</ele>
				<time>2026-09-05T02:05:13Z</time>
			</trkpt>
			<trkpt lat="35.350643" lon="139.499535">
				<speed>7.273685</speed>
				<ele>45.563680</ele>
				<time>2026-09-05T02:05:14Z</time>
			</trkpt>
			<trkpt lat="35.350642" lon="139.499450">
				<speed>6.993342</speed>
				<ele>45.298021</ele>
				<time>2026-09-05T02:05:15Z</time>
			</trkpt>
			<trkpt lat="35.350639" lon="139.499366">
				<speed>6.274589</speed>
				<ele>44.880209</ele>
				<time>2026-09-05T02:05:16Z</time>
			</trkpt>
			<trkpt lat="35.350635" lon="139.499286">
				<speed>5.813176</speed>
				<ele>44.779765</ele>
				<time>2026-09-05T02:05:17Z</time>
			</trkpt>
			<trkpt lat="35.350631" lon="139.499210">
				<speed>5.589994</speed>
				<ele>44.526684</ele>
				<time>2026-09-05T02:05:18Z</time>
			</trkpt>
			<trkpt lat="35.350626" lon="139.499136">
				<speed>5.650615</speed>
				<ele>44.024278</ele>
				<time>2026-09-05T02:05:19Z</time>
			</trkpt>
			<trkpt lat="35.350619" lon="139.499064">
				<speed>6.066663</speed>
				<ele>43.683993</ele>
				<time>2026-09-05T02:05:20Z</time>
			</trkpt>
			<trkpt lat="35.350613" lon="139.498992">
				<speed>6.302590</speed>
				<ele>43.237722</ele>
				<time>2026-09-05T02:05:21Z</time>
			</trkpt>
			<trkpt lat="35.350608" lon="139.498918">
				<speed>6.870877</speed>
				<ele>42.662074</ele>
				<time>2026-09-05T02:05:22Z</time>
			</trkpt>
			<trkpt lat="35.350606" lon="139.498844">
				<speed>6.843131</speed>
				<ele>42.130036</ele>
				<time>2026-09-05T02:05:23Z</time>
			</trkpt>
			<trkpt lat="35.350605" lon="139.498768">
				<speed>7.119556</speed>
				<ele>41.880298</ele>
				<time>2026-09-05T02:05:24Z</time>
			</trkpt>
			<trkpt lat="35.350605" lon="139.498690">
				<speed>7.466562</speed>
				<ele>41.341958</ele>
				<time>2026-09-05T02:05:25Z</time>
			</trkpt>
			<trkpt lat="35.350607" lon="139.498611">
				<speed>7.142519</speed>
				<ele>40.918435</ele>
				<time>2026-09-05T02:05:26Z</time>
			</trkpt>
			<trkpt lat="35.350609" lon="139.498532">
				<speed>6.921078</speed>
				<ele>40.419839</ele>
				<time>2026-09-05T02:05:27Z</time>
			</trkpt>
			<trkpt lat="35.350612" lon="139.498454">
				<speed>6.532276</speed>
				<ele>39.862203</ele>
				<time>2026-09-05T02:05:28Z</time>
			</trkpt>
			<trkpt lat="35.350614" lon="139.498380">
				<speed>5.746516</speed>
				<ele>38.926969</ele>
				<time>2026-09-05T02:05:29Z</time>
			</trkpt>
			<trkpt lat="35.350617" lon="139.498311">
				<speed>5.355798</speed>
				<ele>38.513879</ele>
				<time>2026-09-05T02:05:30Z</time>
			</trkpt>
			<trkpt lat="35.350623" lon="139.498185">
				<speed>5.050888</speed>
				<ele>37.735543</ele>
				<time>2026-09-05T02:05:32Z</time>
			</trkpt>
			<trkpt lat="35.350630" lon="139.498069">
				<speed>5.007060</speed>
				<ele>37.044784</ele>
				<time>2026-09-05T02:05:34Z</time>
			</trkpt>
			<trkpt lat="35.350639" lon="139.497964">
				<speed>4.050031</speed>
				<ele>36.626950</ele>
				<time>2026-09-05T02:05:36Z</time>
			</trkpt>
			<trkpt lat="35.350647" lon="139.497880">
				<speed>3.000209</speed>
				<ele>36.382298</ele>
				<time>2026-09-05T02:05:38Z</time>
			</trkpt>
			<trkpt lat="35.350635" lon="139.497797">
				<speed>3.426676</speed>
				<ele>35.503798</ele>
				<time>2026-09-05T02:05:41Z</time>
			</trkpt>
			<trkpt lat="35.350558" lon="139.497748">
				<speed>4.864344</speed>
				<ele>35.614590</ele>
				<time>2026-09-05T02:05:44Z</time>
			</trkpt>
			<trkpt lat="35.350482" lon="139.497725">
				<speed>3.669931</speed>
				<ele>35.528551</ele>
				<time>2026-09-05T02:05:46Z</time>
			</trkpt>
			<trkpt lat="35.350399" lon="139.497708">
				<speed>4.520989</speed>
				<ele>35.100210</ele>
				<time>2026-09-05T02:05:48Z</time>
			</trkpt>
			<trkpt lat="35.350306" lon="139.497695">
				<speed>5.229188</speed>
				<ele>34.693101</ele>
				<time>2026-09-05T02:05:50Z</time>
			</trkpt>
			<trkpt lat="35.350205" lon="139.497681">
				<speed>5.544016</speed>
				<ele>34.440087</ele>
				<time>2026-09-05T02:05:52Z</time>
			</trkpt>
			<trkpt lat="35.350099" lon="139.497667">
				<speed>5.485199</speed>
				<ele>34.445763</ele>
				<time>2026-09-05T02:05:54Z</time>
			</trkpt>
			<trkpt lat="35.349993" lon="139.497652">
				<speed>4.673334</speed>
				<ele>34.525671</ele>
				<time>2026-09-05T02:05:56Z</time>
			</trkpt>
			<trkpt lat="35.349904" lon="139.497639">
				<speed>2.875156</speed>
				<ele>34.598973</ele>
				<time>2026-09-05T02:05:58Z</time>
			</trkpt>
			<trkpt lat="35.349850" lon="139.497636">
				<speed>1.723435</speed>
				<ele>34.627641</ele>
				<time>2026-09-05T02:06:00Z</time>
			</trkpt>
			<trkpt lat="35.349870" lon="139.497446">
				<speed>3.813777</speed>
				<ele>34.195953</ele>
				<time>2026-09-05T02:06:09Z</time>
			</trkpt>
			<trkpt lat="35.349881" lon="139.497369">
				<speed>3.072039</speed>
				<ele>32.119896</ele>
				<time>2026-09-05T02:06:15Z</time>
			</trkpt>
			<trkpt lat="35.349856" lon="139.497275">
				<speed>5.006625</speed>
				<ele>32.352828</ele>
				<time>2026-09-05T02:06:18Z</time>
			</trkpt>
			<trkpt lat="35.349793" lon="139.497198">
				<speed>5.467258</speed>
				<ele>32.044986</ele>
				<time>2026-09-05T02:06:20Z</time>
			</trkpt>
			<trkpt lat="35.349699" lon="139.497130">
				<speed>5.356568</speed>
				<ele>31.729709</ele>
				<time>2026-09-05T02:06:22Z</time>
			</trkpt>
			<trkpt lat="35.349646" lon="139.497102">
				<speed>5.182549</speed>
				<ele>31.810198</ele>
				<time>2026-09-05T02:06:23Z</time>
			</trkpt>
			<trkpt lat="35.349551" lon="139.497063">
				<speed>2.501319</speed>
				<ele>31.549723</ele>
				<time>2026-09-05T02:06:25Z</time>
			</trkpt>
			<trkpt lat="35.349485" lon="139.497015">
				<speed>3.675126</speed>
				<ele>31.137145</ele>
				<time>2026-09-05T02:06:27Z</time>
			</trkpt>
			<trkpt lat="35.349447" lon="139.496944">
				<speed>5.061552</speed>
				<ele>30.886439</ele>
				<time>2026-09-05T02:06:29Z</time>
			</trkpt>
			<trkpt lat="35.349423" lon="139.496848">
				<speed>5.559963</speed>
				<ele>29.844956</ele>
				<time>2026-09-05T02:06:31Z</time>
			</trkpt>
			<trkpt lat="35.349412" lon="139.496735">
				<speed>5.570421</speed>
				<ele>29.769250</ele>
				<time>2026-09-05T02:06:33Z</time>
			</trkpt>
			<trkpt lat="35.349412" lon="139.496605">
				<speed>6.294549</speed>
				<ele>29.131876</ele>
				<time>2026-09-05T02:06:35Z</time>
			</trkpt>
			<trkpt lat="35.349416" lon="139.496535">
				<speed>6.010678</speed>
				<ele>28.724167</ele>
				<time>2026-09-05T02:06:36Z</time>
			</trkpt>
			<trkpt lat="35.349422" lon="139.496464">
				<speed>5.971011</speed>
				<ele>28.126629</ele>
				<time>2026-09-05T02:06:37Z</time>
			</trkpt>
			<trkpt lat="35.349430" lon="139.496394">
				<speed>5.560306</speed>
				<ele>28.037469</ele>
				<time>2026-09-05T02:06:38Z</time>
			</trkpt>
			<trkpt lat="35.349440" lon="139.496324">
				<speed>5.276892</speed>
				<ele>27.740445</ele>
				<time>2026-09-05T02:06:39Z</time>
			</trkpt>
			<trkpt lat="35.349452" lon="139.496257">
				<speed>4.995106</speed>
				<ele>27.548291</ele>
				<time>2026-09-05T02:06:40Z</time>
			</trkpt>
			<trkpt lat="35.349474" lon="139.496133">
				<speed>3.599700</speed>
				<ele>27.062656</ele>
				<time>2026-09-05T02:06:42Z</time>
			</trkpt>
			<trkpt lat="35.349487" lon="139.496033">
				<speed>3.451239</speed>
				<ele>27.457472</ele>
				<time>2026-09-05T02:06:44Z</time>
			</trkpt>
			<trkpt lat="35.349471" lon="139.495967">
				<speed>3.921235</speed>
				<ele>27.773702</ele>
				<time>2026-09-05T02:06:46Z</time>
			</trkpt>
			<trkpt lat="35.349429" lon="139.495925">
				<speed>4.261694</speed>
				<ele>27.724097</ele>
				<time>2026-09-05T02:06:48Z</time>
			</trkpt>
			<trkpt lat="35.349364" lon="139.495895">
				<speed>4.556815</speed>
				<ele>27.591618</ele>
				<time>2026-09-05T02:06:50Z</time>
			</trkpt>
			<trkpt lat="35.349283" lon="139.495873">
				<speed>4.655591</speed>
				<ele>27.487548</ele>
				<time>2026-09-05T02:06:52Z</time>
			</trkpt>
			<trkpt lat="35.349197" lon="139.495855">
				<speed>3.517292</speed>
				<ele>27.421433</ele>
				<time>2026-09-05T02:06:54Z</time>
			</trkpt>
			<trkpt lat="35.349158" lon="139.495849">
				<speed>2.580730</speed>
				<ele>27.321433</ele>
				<time>2026-09-05T02:06:55Z</time>
			</trkpt>
			<trkpt lat="35.349095" lon="139.495844">
				<speed>1.307743</speed>
				<ele>28.388642</ele>
				<time>2026-09-05T02:06:57Z</time>
			</trkpt>
			<trkpt lat="35.349040" lon="139.495840">
				<speed>2.999989</speed>
				<ele>28.086262</ele>
				<time>2026-09-05T02:06:59Z</time>
			</trkpt>
			<trkpt lat="35.348985" lon="139.495829">
				<speed>3.763441</speed>
				<ele>27.815223</ele>
				<time>2026-09-05T02:07:01Z</time>
			</trkpt>
			<trkpt lat="35.348926" lon="139.495811">
				<speed>5.254451</speed>
				<ele>26.648325</ele>
				<time>2026-09-05T02:07:03Z</time>
			</trkpt>
			<trkpt lat="35.348853" lon="139.495786">
				<speed>5.313872</speed>
				<ele>25.809315</ele>
				<time>2026-09-05T02:07:05Z</time>
			</trkpt>
			<trkpt lat="35.348770" lon="139.495754">
				<speed>5.214954</speed>
				<ele>25.509388</ele>
				<time>2026-09-05T02:07:07Z</time>
			</trkpt>
			<trkpt lat="35.348680" lon="139.495720">
				<speed>5.350856</speed>
				<ele>25.602873</ele>
				<time>2026-09-05T02:07:09Z</time>
			</trkpt>
			<trkpt lat="35.348587" lon="139.495683">
				<speed>5.072784</speed>
				<ele>25.432444</ele>
				<time>2026-09-05T02:07:11Z</time>
			</trkpt>
			<trkpt lat="35.348493" lon="139.495644">
				<speed>5.607788</speed>
				<ele>25.465443</ele>
				<time>2026-09-05T02:07:13Z</time>
			</trkpt>
			<trkpt lat="35.348394" lon="139.495601">
				<speed>5.774069</speed>
				<ele>25.989054</ele>
				<time>2026-09-05T02:07:15Z</time>
			</trkpt>
			<trkpt lat="35.348293" lon="139.495556">
				<speed>5.916613</speed>
				<ele>26.124738</ele>
				<time>2026-09-05T02:07:17Z</time>
			</trkpt>
			<trkpt lat="35.348242" lon="139.495533">
				<speed>5.961584</speed>
				<ele>25.783954</ele>
				<time>2026-09-05T02:07:18Z</time>
			</trkpt>
			<trkpt lat="35.348189" lon="139.495509">
				<speed>6.076940</speed>
				<ele>25.992997</ele>
				<time>2026-09-05T02:07:19Z</time>
			</trkpt>
			<trkpt lat="35.348137" lon="139.495485">
				<speed>5.908982</speed>
				<ele>26.018210</ele>
				<time>2026-09-05T02:07:20Z</time>
			</trkpt>
			<trkpt lat="35.348086" lon="139.495462">
				<speed>5.314871</speed>
				<ele>25.816036</ele>
				<time>2026-09-05T02:07:21Z</time>
			</trkpt>
			<trkpt lat="35.347991" lon="139.495418">
				<speed>4.138454</speed>
				<ele>26.375741</ele>
				<time>2026-09-05T02:07:23Z</time>
			</trkpt>
			<trkpt lat="35.347914" lon="139.495381">
				<speed>3.032107</speed>
				<ele>26.632189</ele>
				<time>2026-09-05T02:07:25Z</time>
			</trkpt>
			<trkpt lat="35.347870" lon="139.495333">
				<speed>3.965367</speed>
				<ele>25.326170</ele>
				<time>2026-09-05T02:07:27Z</time>
			</trkpt>
			<trkpt lat="35.347844" lon="139.495256">
				<speed>5.227288</speed>
				<ele>24.954897</ele>
				<time>2026-09-05T02:07:29Z</time>
			</trkpt>
			<trkpt lat="35.347828" lon="139.495153">
				<speed>5.342780</speed>
				<ele>25.276636</ele>
				<time>2026-09-05T02:07:31Z</time>
			</trkpt>
			<trkpt lat="35.347820" lon="139.495036">
				<speed>5.341179</speed>
				<ele>25.275378</ele>
				<time>2026-09-05T02:07:33Z</time>
			</trkpt>
			<trkpt lat="35.347816" lon="139.494918">
				<speed>4.143297</speed>
				<ele>24.289014</ele>
				<time>2026-09-05T02:07:35Z</time>
			</trkpt>
			<trkpt lat="35.347815" lon="139.494813">
				<speed>2.868499</speed>
				<ele>24.098415</ele>
				<time>2026-09-05T02:07:37Z</time>
			</trkpt>
			<trkpt lat="35.347812" lon="139.494733">
				<speed>1.492525</speed>
				<ele>24.323241</ele>
				<time>2026-09-05T02:07:39Z</time>
			</trkpt>
			<trkpt lat="35.347806" lon="139.494648">
				<speed>0.547082</speed>
				<ele>23.714838</ele>
				<time>2026-09-05T02:07:47Z</time>
			</trkpt>
			<trkpt lat="35.347817" lon="139.494729">
				<speed>0.547082</speed>
				<ele>23.755091</ele>
				<time>2026-09-05T02:07:48Z</time>
			</trkpt>
			<trkpt lat="35.347779" lon="139.494732">
				<speed>1.282683</speed>
				<ele>23.250869</ele>
				<time>2026-09-05T02:08:04Z</time>
			</trkpt>
			<trkpt lat="35.347852" lon="139.494717">
				<speed>2.376275</speed>
				<ele>23.244510</ele>
				<time>2026-09-05T02:08:09Z</time>
			</trkpt>
			<trkpt lat="35.347902" lon="139.494706">
				<speed>1.998391</speed>
				<ele>23.621659</ele>
				<time>2026-09-05T02:08:11Z</time>
			</trkpt>
			<trkpt lat="35.347985" lon="139.494690">
				<speed>3.676249</speed>
				<ele>22.971220</ele>
				<time>2026-09-05T02:08:14Z</time>
			</trkpt>
			<trkpt lat="35.348054" lon="139.494676">
				<speed>4.015545</speed>
				<ele>23.079915</ele>
				<time>2026-09-05T02:08:16Z</time>
			</trkpt>
			<trkpt lat="35.348129" lon="139.494659">
				<speed>4.283626</speed>
				<ele>23.236597</ele>
				<time>2026-09-05T02:08:18Z</time>
			</trkpt>
			<trkpt lat="35.348204" lon="139.494641">
				<speed>3.720258</speed>
				<ele>23.247306</ele>
				<time>2026-09-05T02:08:20Z</time>
			</trkpt>
			<trkpt lat="35.348266" lon="139.494609">
				<speed>3.302448</speed>
				<ele>22.984550</ele>
				<time>2026-09-05T02:08:22Z</time>
			</trkpt>
			<trkpt lat="35.348305" lon="139.494562">
				<speed>3.047225</speed>
				<ele>22.772503</ele>
				<time>2026-09-05T02:08:24Z</time>
			</trkpt>
			<trkpt lat="35.348317" lon="139.494469">
				<speed>4.100880</speed>
				<ele>21.610673</ele>
				<time>2026-09-05T02:08:27Z</time>
			</trkpt>
			<trkpt lat="35.348291" lon="139.494394">
				<speed>4.645769</speed>
				<ele>21.626954</ele>
				<time>2026-09-05T02:08:29Z</time>
			</trkpt>
			<trkpt lat="35.348241" lon="139.494311">
				<speed>4.814962</speed>
				<ele>21.782177</ele>
				<time>2026-09-05T02:08:31Z</time>
			</trkpt>
			<trkpt lat="35.348177" lon="139.494221">
				<speed>4.981913</speed>
				<ele>21.548096</ele>
				<time>2026-09-05T02:08:33Z</time>
			</trkpt>
			<trkpt lat="35.348105" lon="139.494128">
				<speed>5.023831</speed>
				<ele>21.758222</ele>
				<time>2026-09-05T02:08:35Z</time>
			</trkpt>
			<trkpt lat="35.348036" lon="139.494038">
				<speed>3.717746</speed>
				<ele>22.074924</ele>
				<time>2026-09-05T02:08:37Z</time>
			</trkpt>
			<trkpt lat="35.347974" lon="139.493957">
				<speed>3.598492</speed>
				<ele>22.631745</ele>
				<time>2026-09-05T02:08:39Z</time>
			</trkpt>
			<trkpt lat="35.347913" lon="139.493879">
				<speed>4.633066</speed>
				<ele>22.380581</ele>
				<time>2026-09-05T02:08:41Z</time>
			</trkpt>
			<trkpt lat="35.347852" lon="139.493799">
				<speed>4.824137</speed>
				<ele>22.623174</ele>
				<time>2026-09-05T02:08:43Z</time>
			</trkpt>
			<trkpt lat="35.347791" lon="139.493719">
				<speed>4.619373</speed>
				<ele>22.722789</ele>
				<time>2026-09-05T02:08:45Z</time>
			</trkpt>
			<trkpt lat="35.347734" lon="139.493645">
				<speed>3.614474</speed>
				<ele>22.627743</ele>
				<time>2026-09-05T02:08:47Z</time>
			</trkpt>
			<trkpt lat="35.347681" lon="139.493576">
				<speed>4.069158</speed>
				<ele>23.020312</ele>
				<time>2026-09-05T02:08:49Z</time>
			</trkpt>
			<trkpt lat="35.347628" lon="139.493505">
				<speed>4.597471</speed>
				<ele>22.312331</ele>
				<time>2026-09-05T02:08:51Z</time>
			</trkpt>
			<trkpt lat="35.347573" lon="139.493423">
				<speed>5.627791</speed>
				<ele>23.895294</ele>
				<time>2026-09-05T02:08:53Z</time>
			</trkpt>
			<trkpt lat="35.347512" lon="139.493343">
				<speed>5.216933</speed>
				<ele>23.430438</ele>
				<time>2026-09-05T02:08:55Z</time>
			</trkpt>
			<trkpt lat="35.347444" lon="139.493264">
				<speed>5.427874</speed>
				<ele>23.234926</ele>
				<time>2026-09-05T02:08:57Z</time>
			</trkpt>
			<trkpt lat="35.347374" lon="139.493187">
				<speed>4.746350</speed>
				<ele>23.168058</ele>
				<time>2026-09-05T02:08:59Z</time>
			</trkpt>
			<trkpt lat="35.347309" lon="139.493123">
				<speed>2.771718</speed>
				<ele>23.100643</ele>
				<time>2026-09-05T02:09:01Z</time>
			</trkpt>
			<trkpt lat="35.347254" lon="139.493099">
				<speed>3.115563</speed>
				<ele>22.218667</ele>
				<time>2026-09-05T02:09:03Z</time>
			</trkpt>
			<trkpt lat="35.347200" lon="139.493115">
				<speed>4.630396</speed>
				<ele>21.664998</ele>
				<time>2026-09-05T02:09:05Z</time>
			</trkpt>
			<trkpt lat="35.347141" lon="139.493160">
				<speed>4.089319</speed>
				<ele>21.446368</ele>
				<time>2026-09-05T02:09:07Z</time>
			</trkpt>
			<trkpt lat="35.347083" lon="139.493219">
				<speed>3.064594</speed>
				<ele>21.098870</ele>
				<time>2026-09-05T02:09:09Z</time>
			</trkpt>
			<trkpt lat="35.347032" lon="139.493279">
				<speed>3.004821</speed>
				<ele>20.854577</ele>
				<time>2026-09-05T02:09:11Z</time>
			</trkpt>
			<trkpt lat="35.346977" lon="139.493328">
				<speed>3.670138</speed>
				<ele>20.755845</ele>
				<time>2026-09-05T02:09:13Z</time>
			</trkpt>
			<trkpt lat="35.346920" lon="139.493342">
				<speed>4.764090</speed>
				<ele>20.205215</ele>
				<time>2026-09-05T02:09:15Z</time>
			</trkpt>
			<trkpt lat="35.346863" lon="139.493313">
				<speed>5.445695</speed>
				<ele>19.980946</ele>
				<time>2026-09-05T02:09:17Z</time>
			</trkpt>
			<trkpt lat="35.346801" lon="139.493249">
				<speed>5.642605</speed>
				<ele>19.305419</ele>
				<time>2026-09-05T02:09:19Z</time>
			</trkpt>
			<trkpt lat="35.346734" lon="139.493155">
				<speed>6.044987</speed>
				<ele>19.485203</ele>
				<time>2026-09-05T02:09:21Z</time>
			</trkpt>
			<trkpt lat="35.346699" lon="139.493101">
				<speed>6.079263</speed>
				<ele>19.545156</ele>
				<time>2026-09-05T02:09:22Z</time>
			</trkpt>
			<trkpt lat="35.346665" lon="139.493043">
				<speed>6.184717</speed>
				<ele>19.296168</ele>
				<time>2026-09-05T02:09:23Z</time>
			</trkpt>
			<trkpt lat="35.346629" lon="139.492982">
				<speed>6.240768</speed>
				<ele>19.258454</ele>
				<time>2026-09-05T02:09:24Z</time>
			</trkpt>
			<trkpt lat="35.346593" lon="139.492921">
				<speed>6.112405</speed>
				<ele>19.679477</ele>
				<time>2026-09-05T02:09:25Z</time>
			</trkpt>
			<trkpt lat="35.346557" lon="139.492859">
				<speed>6.217179</speed>
				<ele>19.313301</ele>
				<time>2026-09-05T02:09:26Z</time>
			</trkpt>
			<trkpt lat="35.346520" lon="139.492797">
				<speed>6.197921</speed>
				<ele>19.137624</ele>
				<time>2026-09-05T02:09:27Z</time>
			</trkpt>
			<trkpt lat="35.346482" lon="139.492736">
				<speed>6.109509</speed>
				<ele>19.121748</ele>
				<time>2026-09-05T02:09:28Z</time>
			</trkpt>
			<trkpt lat="35.346445" lon="139.492676">
				<speed>5.704693</speed>
				<ele>19.459926</ele>
				<time>2026-09-05T02:09:29Z</time>
			</trkpt>
			<trkpt lat="35.346409" lon="139.492618">
				<speed>5.691991</speed>
				<ele>19.395927</ele>
				<time>2026-09-05T02:09:30Z</time>
			</trkpt>
			<trkpt lat="35.346372" lon="139.492561">
				<speed>5.784150</speed>
				<ele>19.294756</ele>
				<time>2026-09-05T02:09:31Z</time>
			</trkpt>
			<trkpt lat="35.346337" lon="139.492505">
				<speed>5.706921</speed>
				<ele>18.745406</ele>
				<time>2026-09-05T02:09:32Z</time>
			</trkpt>
			<trkpt lat="35.346302" lon="139.492450">
				<speed>5.871712</speed>
				<ele>19.378525</ele>
				<time>2026-09-05T02:09:33Z</time>
			</trkpt>
			<trkpt lat="35.346267" lon="139.492397">
				<speed>5.557356</speed>
				<ele>18.814533</ele>
				<time>2026-09-05T02:09:34Z</time>
			</trkpt>
			<trkpt lat="35.346205" lon="139.492299">
				<speed>4.115404</speed>
				<ele>18.993364</ele>
				<time>2026-09-05T02:09:36Z</time>
			</trkpt>
			<trkpt lat="35.346155" lon="139.492221">
				<speed>3.323591</speed>
				<ele>19.336470</ele>
				<time>2026-09-05T02:09:38Z</time>
			</trkpt>
			<trkpt lat="35.346110" lon="139.492152">
				<speed>4.621524</speed>
				<ele>17.443975</ele>
				<time>2026-09-05T02:09:40Z</time>
			</trkpt>
			<trkpt lat="35.346060" lon="139.492079">
				<speed>5.543737</speed>
				<ele>17.179534</ele>
				<time>2026-09-05T02:09:42Z</time>
			</trkpt>
			<trkpt lat="35.346002" lon="139.491998">
				<speed>6.185574</speed>
				<ele>16.503277</ele>
				<time>2026-09-05T02:09:44Z</time>
			</trkpt>
			<trkpt lat="35.345938" lon="139.491908">
				<speed>6.171714</speed>
				<ele>16.636850</ele>
				<time>2026-09-05T02:09:46Z</time>
			</trkpt>
			<trkpt lat="35.345869" lon="139.491811">
				<speed>6.181417</speed>
				<ele>16.823958</ele>
				<time>2026-09-05T02:09:48Z</time>
			</trkpt>
			<trkpt lat="35.345834" lon="139.491761">
				<speed>6.134566</speed>
				<ele>17.019269</ele>
				<time>2026-09-05T02:09:49Z</time>
			</trkpt>
			<trkpt lat="35.345799" lon="139.491709">
				<speed>6.024824</speed>
				<ele>17.114869</ele>
				<time>2026-09-05T02:09:50Z</time>
			</trkpt>
			<trkpt lat="35.345765" lon="139.491656">
				<speed>5.902947</speed>
				<ele>16.836300</ele>
				<time>2026-09-05T02:09:51Z</time>
			</trkpt>
			<trkpt lat="35.345732" lon="139.491602">
				<speed>5.809613</speed>
				<ele>17.389184</ele>
				<time>2026-09-05T02:09:52Z</time>
			</trkpt>
			<trkpt lat="35.345676" lon="139.491492">
				<speed>5.462048</speed>
				<ele>17.097448</ele>
				<time>2026-09-05T02:09:54Z</time>
			</trkpt>
			<trkpt lat="35.345634" lon="139.491378">
				<speed>5.219422</speed>
				<ele>17.065926</ele>
				<time>2026-09-05T02:09:56Z</time>
			</trkpt>
			<trkpt lat="35.345606" lon="139.491263">
				<speed>5.078991</speed>
				<ele>17.221560</ele>
				<time>2026-09-05T02:09:58Z</time>
			</trkpt>
			<trkpt lat="35.345591" lon="139.491150">
				<speed>4.983950</speed>
				<ele>16.980803</ele>
				<time>2026-09-05T02:10:00Z</time>
			</trkpt>
			<trkpt lat="35.345591" lon="139.491037">
				<speed>5.244980</speed>
				<ele>17.018298</ele>
				<time>2026-09-05T02:10:02Z</time>
			</trkpt>
			<trkpt lat="35.345603" lon="139.490919">
				<speed>5.677894</speed>
				<ele>16.401970</ele>
				<time>2026-09-05T02:10:04Z</time>
			</trkpt>
			<trkpt lat="35.345628" lon="139.490795">
				<speed>6.139853</speed>
				<ele>16.052681</ele>
				<time>2026-09-05T02:10:06Z</time>
			</trkpt>
			<trkpt lat="35.345645" lon="139.490731">
				<speed>6.277864</speed>
				<ele>16.028992</ele>
				<time>2026-09-05T02:10:07Z</time>
			</trkpt>
			<trkpt lat="35.345666" lon="139.490666">
				<speed>6.501797</speed>
				<ele>15.827884</ele>
				<time>2026-09-05T02:10:08Z</time>
			</trkpt>
			<trkpt lat="35.345688" lon="139.490600">
				<speed>6.231685</speed>
				<ele>15.643169</ele>
				<time>2026-09-05T02:10:09Z</time>
			</trkpt>
			<trkpt lat="35.345711" lon="139.490536">
				<speed>5.963589</speed>
				<ele>15.706746</ele>
				<time>2026-09-05T02:10:10Z</time>
			</trkpt>
			<trkpt lat="35.345736" lon="139.490473">
				<speed>5.435281</speed>
				<ele>15.723120</ele>
				<time>2026-09-05T02:10:11Z</time>
			</trkpt>
			<trkpt lat="35.345759" lon="139.490414">
				<speed>4.733992</speed>
				<ele>15.802805</ele>
				<time>2026-09-05T02:10:12Z</time>
			</trkpt>
			<trkpt lat="35.345799" lon="139.490308">
				<speed>3.912061</speed>
				<ele>15.620775</ele>
				<time>2026-09-05T02:10:14Z</time>
			</trkpt>
			<trkpt lat="35.345834" lon="139.490215">
				<speed>4.187775</speed>
				<ele>16.005265</ele>
				<time>2026-09-05T02:10:16Z</time>
			</trkpt>
			<trkpt lat="35.345869" lon="139.490126">
				<speed>4.973430</speed>
				<ele>16.254315</ele>
				<time>2026-09-05T02:10:18Z</time>
			</trkpt>
			<trkpt lat="35.345907" lon="139.490032">
				<speed>5.479489</speed>
				<ele>15.792489</ele>
				<time>2026-09-05T02:10:20Z</time>
			</trkpt>
			<trkpt lat="35.345948" lon="139.489930">
				<speed>5.843797</speed>
				<ele>15.717827</ele>
				<time>2026-09-05T02:10:22Z</time>
			</trkpt>
			<trkpt lat="35.345990" lon="139.489821">
				<speed>5.642601</speed>
				<ele>15.772827</ele>
				<time>2026-09-05T02:10:24Z</time>
			</trkpt>
			<trkpt lat="35.346030" lon="139.489709">
				<speed>5.343077</speed>
				<ele>15.496205</ele>
				<time>2026-09-05T02:10:26Z</time>
			</trkpt>
			<trkpt lat="35.346065" lon="139.489598">
				<speed>4.992264</speed>
				<ele>15.755472</ele>
				<time>2026-09-05T02:10:28Z</time>
			</trkpt>
			<trkpt lat="35.346096" lon="139.489490">
				<speed>4.647134</speed>
				<ele>15.732912</ele>
				<time>2026-09-05T02:10:30Z</time>
			</trkpt>
			<trkpt lat="35.346124" lon="139.489387">
				<speed>4.709038</speed>
				<ele>15.698980</ele>
				<time>2026-09-05T02:10:32Z</time>
			</trkpt>
			<trkpt lat="35.346151" lon="139.489285">
				<speed>5.050645</speed>
				<ele>15.441986</ele>
				<time>2026-09-05T02:10:34Z</time>
			</trkpt>
			<trkpt lat="35.346178" lon="139.489182">
				<speed>5.242341</speed>
				<ele>15.223975</ele>
				<time>2026-09-05T02:10:36Z</time>
			</trkpt>
			<trkpt lat="35.346208" lon="139.489079">
				<speed>5.069973</speed>
				<ele>14.999111</ele>
				<time>2026-09-05T02:10:38Z</time>
			</trkpt>
			<trkpt lat="35.346238" lon="139.488974">
				<speed>5.382842</speed>
				<ele>14.631569</ele>
				<time>2026-09-05T02:10:40Z</time>
			</trkpt>
			<trkpt lat="35.346271" lon="139.488865">
				<speed>5.494393</speed>
				<ele>14.245537</ele>
				<time>2026-09-05T02:10:42Z</time>
			</trkpt>
			<trkpt lat="35.346306" lon="139.488755">
				<speed>5.320682</speed>
				<ele>14.445113</ele>
				<time>2026-09-05T02:10:44Z</time>
			</trkpt>
			<trkpt lat="35.346340" lon="139.488648">
				<speed>4.927540</speed>
				<ele>14.354289</ele>
				<time>2026-09-05T02:10:46Z</time>
			</trkpt>
			<trkpt lat="35.346364" lon="139.488543">
				<speed>4.612937</speed>
				<ele>14.143201</ele>
				<time>2026-09-05T02:10:48Z</time>
			</trkpt>
			<trkpt lat="35.346365" lon="139.488445">
				<speed>4.593201</speed>
				<ele>13.383490</ele>
				<time>2026-09-05T02:10:50Z</time>
			</trkpt>
			<trkpt lat="35.346347" lon="139.488350">
				<speed>4.523688</speed>
				<ele>14.227613</ele>
				<time>2026-09-05T02:10:52Z</time>
			</trkpt>
			<trkpt lat="35.346330" lon="139.488259">
				<speed>3.991163</speed>
				<ele>14.164140</ele>
				<time>2026-09-05T02:10:54Z</time>
			</trkpt>
			<trkpt lat="35.346324" lon="139.488178">
				<speed>3.713531</speed>
				<ele>14.553535</ele>
				<time>2026-09-05T02:10:56Z</time>
			</trkpt>
			<trkpt lat="35.346332" lon="139.488100">
				<speed>4.091090</speed>
				<ele>14.209401</ele>
				<time>2026-09-05T02:10:58Z</time>
			</trkpt>
			<trkpt lat="35.346351" lon="139.488026">
				<speed>3.357639</speed>
				<ele>14.537967</ele>
				<time>2026-09-05T02:11:00Z</time>
			</trkpt>
			<trkpt lat="35.346374" lon="139.487960">
				<speed>2.663124</speed>
				<ele>14.176433</ele>
				<time>2026-09-05T02:11:02Z</time>
			</trkpt>
			<trkpt lat="35.346377" lon="139.487878">
				<speed>3.835241</speed>
				<ele>14.052464</ele>
				<time>2026-09-05T02:11:05Z</time>
			</trkpt>
			<trkpt lat="35.346323" lon="139.487808">
				<speed>4.584191</speed>
				<ele>13.990688</ele>
				<time>2026-09-05T02:11:08Z</time>
			</trkpt>
			<trkpt lat="35.346260" lon="139.487756">
				<speed>4.938532</speed>
				<ele>13.609487</ele>
				<time>2026-09-05T02:11:10Z</time>
			</trkpt>
			<trkpt lat="35.346184" lon="139.487702">
				<speed>4.948739</speed>
				<ele>13.222229</ele>
				<time>2026-09-05T02:11:12Z</time>
			</trkpt>
			<trkpt lat="35.346103" lon="139.487649">
				<speed>4.050871</speed>
				<ele>12.947172</ele>
				<time>2026-09-05T02:11:14Z</time>
			</trkpt>
			<trkpt lat="35.346031" lon="139.487606">
				<speed>2.054983</speed>
				<ele>14.084765</ele>
				<time>2026-09-05T02:11:16Z</time>
			</trkpt>
			<trkpt lat="35.345973" lon="139.487577">
				<speed>2.391681</speed>
				<ele>13.621172</ele>
				<time>2026-09-05T02:11:18Z</time>
			</trkpt>
			<trkpt lat="35.345919" lon="139.487546">
				<speed>3.274536</speed>
				<ele>14.034078</ele>
				<time>2026-09-05T02:11:20Z</time>
			</trkpt>
			<trkpt lat="35.345872" lon="139.487510">
				<speed>3.171824</speed>
				<ele>13.662161</ele>
				<time>2026-09-05T02:11:22Z</time>
			</trkpt>
			<trkpt lat="35.345816" lon="139.487450">
				<speed>3.052005</speed>
				<ele>13.534046</ele>
				<time>2026-09-05T02:11:25Z</time>
			</trkpt>
			<trkpt lat="35.345767" lon="139.487376">
				<speed>3.283443</speed>
				<ele>12.681017</ele>
				<time>2026-09-05T02:11:28Z</time>
			</trkpt>
			<trkpt lat="35.345738" lon="139.487317">
				<speed>3.656000</speed>
				<ele>13.338675</ele>
				<time>2026-09-05T02:11:30Z</time>
			</trkpt>
			<trkpt lat="35.345709" lon="139.487250">
				<speed>3.587412</speed>
				<ele>13.502984</ele>
				<time>2026-09-05T02:11:32Z</time>
			</trkpt>
			<trkpt lat="35.345678" lon="139.487176">
				<speed>4.377977</speed>
				<ele>13.151423</ele>
				<time>2026-09-05T02:11:34Z</time>
			</trkpt>
			<trkpt lat="35.345650" lon="139.487105">
				<speed>2.657746</speed>
				<ele>13.396423</ele>
				<time>2026-09-05T02:11:36Z</time>
			</trkpt>
			<trkpt lat="35.345625" lon="139.487043">
				<speed>2.388584</speed>
				<ele>13.336876</ele>
				<time>2026-09-05T02:11:38Z</time>
			</trkpt>
			<trkpt lat="35.345602" lon="139.486989">
				<speed>2.084451</speed>
				<ele>13.482681</ele>
				<time>2026-09-05T02:11:40Z</time>
			</trkpt>
			<trkpt lat="35.345582" lon="139.486941">
				<speed>2.434868</speed>
				<ele>13.311305</ele>
				<time>2026-09-05T02:11:42Z</time>
			</trkpt>
			<trkpt lat="35.345560" lon="139.486895">
				<speed>2.576543</speed>
				<ele>13.753520</ele>
				<time>2026-09-05T02:11:44Z</time>
			</trkpt>
			<trkpt lat="35.345526" lon="139.486817">
				<speed>3.698529</speed>
				<ele>13.632506</ele>
				<time>2026-09-05T02:11:47Z</time>
			</trkpt>
			<trkpt lat="35.345503" lon="139.486751">
				<speed>3.805011</speed>
				<ele>14.208439</ele>
				<time>2026-09-05T02:11:49Z</time>
			</trkpt>
			<trkpt lat="35.345476" lon="139.486674">
				<speed>4.369982</speed>
				<ele>14.100954</ele>
				<time>2026-09-05T02:11:51Z</time>
			</trkpt>
			<trkpt lat="35.345445" lon="139.486590">
				<speed>4.213988</speed>
				<ele>14.655965</ele>
				<time>2026-09-05T02:11:53Z</time>
			</trkpt>
			<trkpt lat="35.345411" lon="139.486505">
				<speed>4.111213</speed>
				<ele>15.224026</ele>
				<time>2026-09-05T02:11:55Z</time>
			</trkpt>
			<trkpt lat="35.345375" lon="139.486420">
				<speed>4.226226</speed>
				<ele>16.075428</ele>
				<time>2026-09-05T02:11:57Z</time>
			</trkpt>
			<trkpt lat="35.345338" lon="139.486334">
				<speed>3.718249</speed>
				<ele>15.475886</ele>
				<time>2026-09-05T02:11:59Z</time>
			</trkpt>
			<trkpt lat="35.345297" lon="139.486251">
				<speed>3.919436</speed>
				<ele>16.730127</ele>
				<time>2026-09-05T02:12:01Z</time>
			</trkpt>
			<trkpt lat="35.345253" lon="139.486168">
				<speed>4.354325</speed>
				<ele>17.597500</ele>
				<time>2026-09-05T02:12:03Z</time>
			</trkpt>
			<trkpt lat="35.345205" lon="139.486086">
				<speed>4.369204</speed>
				<ele>17.942626</ele>
				<time>2026-09-05T02:12:05Z</time>
			</trkpt>
			<trkpt lat="35.345153" lon="139.486007">
				<speed>3.977454</speed>
				<ele>18.446632</ele>
				<time>2026-09-05T02:12:07Z</time>
			</trkpt>
			<trkpt lat="35.345100" lon="139.485929">
				<speed>4.582652</speed>
				<ele>19.855436</ele>
				<time>2026-09-05T02:12:09Z</time>
			</trkpt>
			<trkpt lat="35.345046" lon="139.485850">
				<speed>4.517699</speed>
				<ele>20.073210</ele>
				<time>2026-09-05T02:12:11Z</time>
			</trkpt>
			<trkpt lat="35.344990" lon="139.485772">
				<speed>4.080129</speed>
				<ele>20.843689</ele>
				<time>2026-09-05T02:12:13Z</time>
			</trkpt>
			<trkpt lat="35.344937" lon="139.485697">
				<speed>4.432876</speed>
				<ele>20.884718</ele>
				<time>2026-09-05T02:12:15Z</time>
			</trkpt>
			<trkpt lat="35.344883" lon="139.485620">
				<speed>4.922407</speed>
				<ele>21.219828</ele>
				<time>2026-09-05T02:12:17Z</time>
			</trkpt>
			<trkpt lat="35.344830" lon="139.485542">
				<speed>3.970189</speed>
				<ele>21.980991</ele>
				<time>2026-09-05T02:12:19Z</time>
			</trkpt>
			<trkpt lat="35.344781" lon="139.485470">
				<speed>3.608250</speed>
				<ele>22.128311</ele>
				<time>2026-09-05T02:12:21Z</time>
			</trkpt>
			<trkpt lat="35.344735" lon="139.485402">
				<speed>3.945208</speed>
				<ele>22.668354</ele>
				<time>2026-09-05T02:12:23Z</time>
			</trkpt>
			<trkpt lat="35.344688" lon="139.485333">
				<speed>4.356023</speed>
				<ele>22.071803</ele>
				<time>2026-09-05T02:12:25Z</time>
			</trkpt>
			<trkpt lat="35.344641" lon="139.485262">
				<speed>4.387908</speed>
				<ele>22.652043</ele>
				<time>2026-09-05T02:12:27Z</time>
			</trkpt>
			<trkpt lat="35.344593" lon="139.485188">
				<speed>4.321833</speed>
				<ele>22.665827</ele>
				<time>2026-09-05T02:12:29Z</time>
			</trkpt>
			<trkpt lat="35.344543" lon="139.485110">
				<speed>4.701650</speed>
				<ele>22.638417</ele>
				<time>2026-09-05T02:12:31Z</time>
			</trkpt>
			<trkpt lat="35.344492" lon="139.485031">
				<speed>4.592476</speed>
				<ele>23.233571</ele>
				<time>2026-09-05T02:12:33Z</time>
			</trkpt>
			<trkpt lat="35.344439" lon="139.484948">
				<speed>4.677348</speed>
				<ele>23.425095</ele>
				<time>2026-09-05T02:12:35Z</time>
			</trkpt>
			<trkpt lat="35.344388" lon="139.484865">
				<speed>4.198260</speed>
				<ele>23.135757</ele>
				<time>2026-09-05T02:12:37Z</time>
			</trkpt>
			<trkpt lat="35.344338" lon="139.484786">
				<speed>3.999178</speed>
				<ele>22.881804</ele>
				<time>2026-09-05T02:12:39Z</time>
			</trkpt>
			<trkpt lat="35.344290" lon="139.484714">
				<speed>3.853497</speed>
				<ele>23.938339</ele>
				<time>2026-09-05T02:12:41Z</time>
			</trkpt>
			<trkpt lat="35.344243" lon="139.484644">
				<speed>3.800225</speed>
				<ele>24.497408</ele>
				<time>2026-09-05T02:12:43Z</time>
			</trkpt>
			<trkpt lat="35.344197" lon="139.484578">
				<speed>3.664328</speed>
				<ele>23.981814</ele>
				<time>2026-09-05T02:12:45Z</time>
			</trkpt>
			<trkpt lat="35.344150" lon="139.484512">
				<speed>4.133762</speed>
				<ele>24.186049</ele>
				<time>2026-09-05T02:12:47Z</time>
			</trkpt>
			<trkpt lat="35.344104" lon="139.484444">
				<speed>4.182762</speed>
				<ele>23.969017</ele>
				<time>2026-09-05T02:12:49Z</time>
			</trkpt>
			<trkpt lat="35.344057" lon="139.484374">
				<speed>4.392202</speed>
				<ele>24.089095</ele>
				<time>2026-09-05T02:12:51Z</time>
			</trkpt>
			<trkpt lat="35.344007" lon="139.484299">
				<speed>4.600834</speed>
				<ele>24.419923</ele>
				<time>2026-09-05T02:12:53Z</time>
			</trkpt>
			<trkpt lat="35.343955" lon="139.484221">
				<speed>4.495958</speed>
				<ele>24.593685</ele>
				<time>2026-09-05T02:12:55Z</time>
			</trkpt>
			<trkpt lat="35.343902" lon="139.484141">
				<speed>4.569420</speed>
				<ele>24.090649</ele>
				<time>2026-09-05T02:12:57Z</time>
			</trkpt>
			<trkpt lat="35.343849" lon="139.484064">
				<speed>4.193320</speed>
				<ele>23.384379</ele>
				<time>2026-09-05T02:12:59Z</time>
			</trkpt>
			<trkpt lat="35.343798" lon="139.483988">
				<speed>4.496600</speed>
				<ele>22.911618</ele>
				<time>2026-09-05T02:13:01Z</time>
			</trkpt>
			<trkpt lat="35.343744" lon="139.483909">
				<speed>5.033389</speed>
				<ele>22.791382</ele>
				<time>2026-09-05T02:13:03Z</time>
			</trkpt>
			<trkpt lat="35.343685" lon="139.483829">
				<speed>5.091905</speed>
				<ele>22.962740</ele>
				<time>2026-09-05T02:13:05Z</time>
			</trkpt>
			<trkpt lat="35.343620" lon="139.483749">
				<speed>5.412418</speed>
				<ele>22.250432</ele>
				<time>2026-09-05T02:13:07Z</time>
			</trkpt>
			<trkpt lat="35.343550" lon="139.483668">
				<speed>5.407450</speed>
				<ele>21.871064</ele>
				<time>2026-09-05T02:13:09Z</time>
			</trkpt>
			<trkpt lat="35.343476" lon="139.483588">
				<speed>5.479112</speed>
				<ele>21.140091</ele>
				<time>2026-09-05T02:13:11Z</time>
			</trkpt>
			<trkpt lat="35.343399" lon="139.483510">
				<speed>5.620816</speed>
				<ele>20.725146</ele>
				<time>2026-09-05T02:13:13Z</time>
			</trkpt>
			<trkpt lat="35.343318" lon="139.483432">
				<speed>5.249837</speed>
				<ele>20.789259</ele>
				<time>2026-09-05T02:13:15Z</time>
			</trkpt>
			<trkpt lat="35.343236" lon="139.483358">
				<speed>5.248407</speed>
				<ele>20.401359</ele>
				<time>2026-09-05T02:13:17Z</time>
			</trkpt>
			<trkpt lat="35.343155" lon="139.483288">
				<speed>4.982156</speed>
				<ele>19.320823</ele>
				<time>2026-09-05T02:13:19Z</time>
			</trkpt>
			<trkpt lat="35.343079" lon="139.483220">
				<speed>4.983769</speed>
				<ele>17.196483</ele>
				<time>2026-09-05T02:13:21Z</time>
			</trkpt>
			<trkpt lat="35.343005" lon="139.483152">
				<speed>4.794483</speed>
				<ele>17.644365</ele>
				<time>2026-09-05T02:13:23Z</time>
			</trkpt>
			<trkpt lat="35.342936" lon="139.483084">
				<speed>4.667329</speed>
				<ele>17.771152</ele>
				<time>2026-09-05T02:13:25Z</time>
			</trkpt>
			<trkpt lat="35.342869" lon="139.483013">
				<speed>5.122971</speed>
				<ele>16.837547</ele>
				<time>2026-09-05T02:13:27Z</time>
			</trkpt>
			<trkpt lat="35.342804" lon="139.482938">
				<speed>5.097467</speed>
				<ele>17.789216</ele>
				<time>2026-09-05T02:13:29Z</time>
			</trkpt>
			<trkpt lat="35.342742" lon="139.482859">
				<speed>5.133689</speed>
				<ele>17.558317</ele>
				<time>2026-09-05T02:13:31Z</time>
			</trkpt>
			<trkpt lat="35.342682" lon="139.482776">
				<speed>4.767385</speed>
				<ele>17.595780</ele>
				<time>2026-09-05T02:13:33Z</time>
			</trkpt>
			<trkpt lat="35.342630" lon="139.482697">
				<speed>3.398378</speed>
				<ele>18.154466</ele>
				<time>2026-09-05T02:13:35Z</time>
			</trkpt>
			<trkpt lat="35.342589" lon="139.482635">
				<speed>2.237608</speed>
				<ele>18.058468</ele>
				<time>2026-09-05T02:13:37Z</time>
			</trkpt>
			<trkpt lat="35.342553" lon="139.482559">
				<speed>3.875515</speed>
				<ele>18.181277</ele>
				<time>2026-09-05T02:14:01Z</time>
			</trkpt>
			<trkpt lat="35.342521" lon="139.482502">
				<speed>4.201475</speed>
				<ele>18.279244</ele>
				<time>2026-09-05T02:14:03Z</time>
			</trkpt>
			<trkpt lat="35.342472" lon="139.482429">
				<speed>4.731333</speed>
				<ele>17.601450</ele>
				<time>2026-09-05T02:14:05Z</time>
			</trkpt>
			<trkpt lat="35.342412" lon="139.482342">
				<speed>5.016520</speed>
				<ele>17.440402</ele>
				<time>2026-09-05T02:14:07Z</time>
			</trkpt>
			<trkpt lat="35.342346" lon="139.482246">
				<speed>5.420269</speed>
				<ele>16.942396</ele>
				<time>2026-09-05T02:14:09Z</time>
			</trkpt>
			<trkpt lat="35.342310" lon="139.482196">
				<speed>5.284251</speed>
				<ele>17.040259</ele>
				<time>2026-09-05T02:14:10Z</time>
			</trkpt>
			<trkpt lat="35.342275" lon="139.482145">
				<speed>5.334330</speed>
				<ele>16.772234</ele>
				<time>2026-09-05T02:14:11Z</time>
			</trkpt>
			<trkpt lat="35.342239" lon="139.482094">
				<speed>5.104211</speed>
				<ele>16.593231</ele>
				<time>2026-09-05T02:14:12Z</time>
			</trkpt>
			<trkpt lat="35.342171" lon="139.481996">
				<speed>4.708536</speed>
				<ele>15.790079</ele>
				<time>2026-09-05T02:14:14Z</time>
			</trkpt>
			<trkpt lat="35.342109" lon="139.481903">
				<speed>4.300221</speed>
				<ele>16.555852</ele>
				<time>2026-09-05T02:14:16Z</time>
			</trkpt>
			<trkpt lat="35.342048" lon="139.481812">
				<speed>5.042991</speed>
				<ele>16.217006</ele>
				<time>2026-09-05T02:14:18Z</time>
			</trkpt>
			<trkpt lat="35.341987" lon="139.481721">
				<speed>5.171138</speed>
				<ele>16.387359</ele>
				<time>2026-09-05T02:14:20Z</time>
			</trkpt>
			<trkpt lat="35.341923" lon="139.481635">
				<speed>5.033012</speed>
				<ele>16.554362</ele>
				<time>2026-09-05T02:14:22Z</time>
			</trkpt>
			<trkpt lat="35.341859" lon="139.481549">
				<speed>5.157559</speed>
				<ele>16.445089</ele>
				<time>2026-09-05T02:14:24Z</time>
			</trkpt>
			<trkpt lat="35.341796" lon="139.481461">
				<speed>5.325207</speed>
				<ele>17.109303</ele>
				<time>2026-09-05T02:14:26Z</time>
			</trkpt>
			<trkpt lat="35.341737" lon="139.481372">
				<speed>4.776930</speed>
				<ele>16.789901</ele>
				<time>2026-09-05T02:14:28Z</time>
			</trkpt>
			<trkpt lat="35.341683" lon="139.481283">
				<speed>4.912831</speed>
				<ele>16.382807</ele>
				<time>2026-09-05T02:14:30Z</time>
			</trkpt>
			<trkpt lat="35.341633" lon="139.481192">
				<speed>4.805133</speed>
				<ele>17.022498</ele>
				<time>2026-09-05T02:14:32Z</time>
			</trkpt>
			<trkpt lat="35.341586" lon="139.481099">
				<speed>5.241916</speed>
				<ele>16.406251</ele>
				<time>2026-09-05T02:14:34Z</time>
			</trkpt>
			<trkpt lat="35.341540" lon="139.481000">
				<speed>5.367153</speed>
				<ele>15.982879</ele>
				<time>2026-09-05T02:14:36Z</time>
			</trkpt>
			<trkpt lat="35.341496" lon="139.480897">
				<speed>5.251499</speed>
				<ele>15.526124</ele>
				<time>2026-09-05T02:14:38Z</time>
			</trkpt>
			<trkpt lat="35.341454" lon="139.480793">
				<speed>4.942124</speed>
				<ele>15.461691</ele>
				<time>2026-09-05T02:14:40Z</time>
			</trkpt>
			<trkpt lat="35.341415" lon="139.480690">
				<speed>4.306223</speed>
				<ele>15.613327</ele>
				<time>2026-09-05T02:14:42Z</time>
			</trkpt>
			<trkpt lat="35.341380" lon="139.480597">
				<speed>3.622239</speed>
				<ele>14.513861</ele>
				<time>2026-09-05T02:14:44Z</time>
			</trkpt>
			<trkpt lat="35.341348" lon="139.480513">
				<speed>3.751483</speed>
				<ele>14.818741</ele>
				<time>2026-09-05T02:14:46Z</time>
			</trkpt>
			<trkpt lat="35.341318" lon="139.480433">
				<speed>4.148316</speed>
				<ele>15.026877</ele>
				<time>2026-09-05T02:14:48Z</time>
			</trkpt>
			<trkpt lat="35.341290" lon="139.480356">
				<speed>4.284666</speed>
				<ele>16.028504</ele>
				<time>2026-09-05T02:14:50Z</time>
			</trkpt>
			<trkpt lat="35.341260" lon="139.480273">
				<speed>4.770488</speed>
				<ele>16.067482</ele>
				<time>2026-09-05T02:14:52Z</time>
			</trkpt>
			<trkpt lat="35.341225" lon="139.480184">
				<speed>4.717357</speed>
				<ele>15.822819</ele>
				<time>2026-09-05T02:14:54Z</time>
			</trkpt>
			<trkpt lat="35.341190" lon="139.480107">
				<speed>2.966287</speed>
				<ele>15.666039</ele>
				<time>2026-09-05T02:14:56Z</time>
			</trkpt>
			<trkpt lat="35.341154" lon="139.480043">
				<speed>3.497144</speed>
				<ele>15.929763</ele>
				<time>2026-09-05T02:14:58Z</time>
			</trkpt>
			<trkpt lat="35.341117" lon="139.479980">
				<speed>3.554236</speed>
				<ele>15.794542</ele>
				<time>2026-09-05T02:15:00Z</time>
			</trkpt>
			<trkpt lat="35.341088" lon="139.479911">
				<speed>3.871261</speed>
				<ele>16.162317</ele>
				<time>2026-09-05T02:15:02Z</time>
			</trkpt>
			<trkpt lat="35.341067" lon="139.479845">
				<speed>2.951693</speed>
				<ele>16.321491</ele>
				<time>2026-09-05T02:15:04Z</time>
			</trkpt>
			<trkpt lat="35.341046" lon="139.479783">
				<speed>3.010932</speed>
				<ele>16.021205</ele>
				<time>2026-09-05T02:15:06Z</time>
			</trkpt>
			<trkpt lat="35.341022" lon="139.479717">
				<speed>4.226592</speed>
				<ele>15.745394</ele>
				<time>2026-09-05T02:15:08Z</time>
			</trkpt>
			<trkpt lat="35.340993" lon="139.479639">
				<speed>4.675079</speed>
				<ele>15.138485</ele>
				<time>2026-09-05T02:15:10Z</time>
			</trkpt>
			<trkpt lat="35.340960" lon="139.479551">
				<speed>4.940339</speed>
				<ele>15.268808</ele>
				<time>2026-09-05T02:15:12Z</time>
			</trkpt>
			<trkpt lat="35.340922" lon="139.479455">
				<speed>4.986008</speed>
				<ele>15.684817</ele>
				<time>2026-09-05T02:15:14Z</time>
			</trkpt>
			<trkpt lat="35.340880" lon="139.479353">
				<speed>5.196996</speed>
				<ele>15.791177</ele>
				<time>2026-09-05T02:15:16Z</time>
			</trkpt>
			<trkpt lat="35.340837" lon="139.479243">
				<speed>5.292721</speed>
				<ele>15.783671</ele>
				<time>2026-09-05T02:15:18Z</time>
			</trkpt>
			<trkpt lat="35.340796" lon="139.479136">
				<speed>4.810037</speed>
				<ele>16.058649</ele>
				<time>2026-09-05T02:15:20Z</time>
			</trkpt>
			<trkpt lat="35.340756" lon="139.479032">
				<speed>4.750023</speed>
				<ele>15.353817</ele>
				<time>2026-09-05T02:15:22Z</time>
			</trkpt>
			<trkpt lat="35.340714" lon="139.478929">
				<speed>5.081705</speed>
				<ele>15.277973</ele>
				<time>2026-09-05T02:15:24Z</time>
			</trkpt>
			<trkpt lat="35.340672" lon="139.478827">
				<speed>5.058758</speed>
				<ele>15.631492</ele>
				<time>2026-09-05T02:15:26Z</time>
			</trkpt>
			<trkpt lat="35.340633" lon="139.478733">
				<speed>3.527689</speed>
				<ele>16.843563</ele>
				<time>2026-09-05T02:15:28Z</time>
			</trkpt>
			<trkpt lat="35.340601" lon="139.478654">
				<speed>2.286461</speed>
				<ele>16.059066</ele>
				<time>2026-09-05T02:15:30Z</time>
			</trkpt>
			<trkpt lat="35.340557" lon="139.478577">
				<speed>3.978832</speed>
				<ele>15.368135</ele>
				<time>2026-09-05T02:16:07Z</time>
			</trkpt>
			<trkpt lat="35.340519" lon="139.478479">
				<speed>4.793159</speed>
				<ele>15.624133</ele>
				<time>2026-09-05T02:16:09Z</time>
			</trkpt>
			<trkpt lat="35.340493" lon="139.478417">
				<speed>5.156023</speed>
				<ele>15.856382</ele>
				<time>2026-09-05T02:16:10Z</time>
			</trkpt>
			<trkpt lat="35.340464" lon="139.478353">
				<speed>5.056682</speed>
				<ele>16.000173</ele>
				<time>2026-09-05T02:16:11Z</time>
			</trkpt>
			<trkpt lat="35.340433" lon="139.478290">
				<speed>5.138185</speed>
				<ele>15.241479</ele>
				<time>2026-09-05T02:16:12Z</time>
			</trkpt>
			<trkpt lat="35.340398" lon="139.478228">
				<speed>5.608470</speed>
				<ele>15.373658</ele>
				<time>2026-09-05T02:16:13Z</time>
			</trkpt>
			<trkpt lat="35.340361" lon="139.478168">
				<speed>5.848717</speed>
				<ele>15.706489</ele>
				<time>2026-09-05T02:16:14Z</time>
			</trkpt>
			<trkpt lat="35.340322" lon="139.478113">
				<speed>5.578760</speed>
				<ele>16.146371</ele>
				<time>2026-09-05T02:16:15Z</time>
			</trkpt>
			<trkpt lat="35.340282" lon="139.478063">
				<speed>5.110443</speed>
				<ele>16.143993</ele>
				<time>2026-09-05T02:16:16Z</time>
			</trkpt>
			<trkpt lat="35.340242" lon="139.478017">
				<speed>5.150580</speed>
				<ele>16.121265</ele>
				<time>2026-09-05T02:16:17Z</time>
			</trkpt>
			<trkpt lat="35.340157" lon="139.477937">
				<speed>5.419326</speed>
				<ele>16.201267</ele>
				<time>2026-09-05T02:16:19Z</time>
			</trkpt>
			<trkpt lat="35.340070" lon="139.477867">
				<speed>5.437586</speed>
				<ele>15.710315</ele>
				<time>2026-09-05T02:16:21Z</time>
			</trkpt>
			<trkpt lat="35.339983" lon="139.477802">
				<speed>4.849629</speed>
				<ele>16.048528</ele>
				<time>2026-09-05T02:16:23Z</time>
			</trkpt>
			<trkpt lat="35.339901" lon="139.477749">
				<speed>4.507249</speed>
				<ele>16.482769</ele>
				<time>2026-09-05T02:16:25Z</time>
			</trkpt>
			<trkpt lat="35.339821" lon="139.477705">
				<speed>4.780396</speed>
				<ele>15.779032</ele>
				<time>2026-09-05T02:16:27Z</time>
			</trkpt>
			<trkpt lat="35.339742" lon="139.477661">
				<speed>5.098388</speed>
				<ele>16.160942</ele>
				<time>2026-09-05T02:16:29Z</time>
			</trkpt>
			<trkpt lat="35.339663" lon="139.477611">
				<speed>5.237079</speed>
				<ele>16.226317</ele>
				<time>2026-09-05T02:16:31Z</time>
			</trkpt>
			<trkpt lat="35.339583" lon="139.477557">
				<speed>5.370961</speed>
				<ele>16.148883</ele>
				<time>2026-09-05T02:16:33Z</time>
			</trkpt>
			<trkpt lat="35.339501" lon="139.477499">
				<speed>5.419426</speed>
				<ele>15.977797</ele>
				<time>2026-09-05T02:16:35Z</time>
			</trkpt>
			<trkpt lat="35.339416" lon="139.477434">
				<speed>5.464328</speed>
				<ele>16.289994</ele>
				<time>2026-09-05T02:16:37Z</time>
			</trkpt>
			<trkpt lat="35.339332" lon="139.477369">
				<speed>5.464873</speed>
				<ele>16.406025</ele>
				<time>2026-09-05T02:16:39Z</time>
			</trkpt>
			<trkpt lat="35.339247" lon="139.477305">
				<speed>5.502205</speed>
				<ele>16.441843</ele>
				<time>2026-09-05T02:16:41Z</time>
			</trkpt>
			<trkpt lat="35.339160" lon="139.477242">
				<speed>5.679847</speed>
				<ele>16.132850</ele>
				<time>2026-09-05T02:16:43Z</time>
			</trkpt>
			<trkpt lat="35.339069" lon="139.477185">
				<speed>5.710403</speed>
				<ele>16.740451</ele>
				<time>2026-09-05T02:16:45Z</time>
			</trkpt>
			<trkpt lat="35.338973" lon="139.477135">
				<speed>5.601300</speed>
				<ele>17.304040</ele>
				<time>2026-09-05T02:16:47Z</time>
			</trkpt>
			<trkpt lat="35.338876" lon="139.477091">
				<speed>5.488568</speed>
				<ele>17.066969</ele>
				<time>2026-09-05T02:16:49Z</time>
			</trkpt>
			<trkpt lat="35.338779" lon="139.477050">
				<speed>5.317967</speed>
				<ele>17.690061</ele>
				<time>2026-09-05T02:16:51Z</time>
			</trkpt>
			<trkpt lat="35.338685" lon="139.477011">
				<speed>4.886331</speed>
				<ele>18.552484</ele>
				<time>2026-09-05T02:16:53Z</time>
			</trkpt>
			<trkpt lat="35.338600" lon="139.476974">
				<speed>3.647158</speed>
				<ele>17.672909</ele>
				<time>2026-09-05T02:16:55Z</time>
			</trkpt>
			<trkpt lat="35.338567" lon="139.476955">
				<speed>2.690114</speed>
				<ele>17.486966</ele>
				<time>2026-09-05T02:16:56Z</time>
			</trkpt>
			<trkpt lat="35.338527" lon="139.476913">
				<speed>2.546310</speed>
				<ele>17.228341</ele>
				<time>2026-09-05T02:16:58Z</time>
			</trkpt>
			<trkpt lat="35.338513" lon="139.476866">
				<speed>2.759753</speed>
				<ele>16.915247</ele>
				<time>2026-09-05T02:17:00Z</time>
			</trkpt>
			<trkpt lat="35.338512" lon="139.476811">
				<speed>2.420851</speed>
				<ele>17.370929</ele>
				<time>2026-09-05T02:17:02Z</time>
			</trkpt>
			<trkpt lat="35.338519" lon="139.476708">
				<speed>4.101568</speed>
				<ele>16.138739</ele>
				<time>2026-09-05T02:17:05Z</time>
			</trkpt>
			<trkpt lat="35.338523" lon="139.476622">
				<speed>3.857608</speed>
				<ele>15.764879</ele>
				<time>2026-09-05T02:17:07Z</time>
			</trkpt>
			<trkpt lat="35.338516" lon="139.476544">
				<speed>2.025220</speed>
				<ele>15.409978</ele>
				<time>2026-09-05T02:17:09Z</time>
			</trkpt>
			<trkpt lat="35.338496" lon="139.476480">
				<speed>1.981548</speed>
				<ele>15.144751</ele>
				<time>2026-09-05T02:17:12Z</time>
			</trkpt>
			<trkpt lat="35.338456" lon="139.476451">
				<speed>2.823884</speed>
				<ele>15.138065</ele>
				<time>2026-09-05T02:17:15Z</time>
			</trkpt>
			<trkpt lat="35.338433" lon="139.476416">
				<speed>2.651743</speed>
				<ele>15.100397</ele>
				<time>2026-09-05T02:17:17Z</time>
			</trkpt>
			<trkpt lat="35.338438" lon="139.476467">
				<speed>0.187944</speed>
				<ele>15.256041</ele>
				<time>2026-09-05T02:17:51Z</time>
			</trkpt>
			<trkpt lat="35.338443" lon="139.476534">
				<speed>0.131013</speed>
				<ele>15.762428</ele>
				<time>2026-09-05T02:17:53Z</time>
			</trkpt>
			<trkpt lat="35.338447" lon="139.476602">
				<speed>0.116431</speed>
				<ele>18.923666</ele>
				<time>2026-09-05T02:17:59Z</time>
			</trkpt>
			<trkpt lat="35.338443" lon="139.476668">
				<speed>0.307846</speed>
				<ele>19.873551</ele>
				<time>2026-09-05T02:18:05Z</time>
			</trkpt>
			<trkpt lat="35.338392" lon="139.476667">
				<speed>2.094362</speed>
				<ele>20.153725</ele>
				<time>2026-09-05T02:18:16Z</time>
			</trkpt>
			<trkpt lat="35.338353" lon="139.476650">
				<speed>2.442596</speed>
				<ele>19.857859</ele>
				<time>2026-09-05T02:18:18Z</time>
			</trkpt>
			<trkpt lat="35.338307" lon="139.476628">
				<speed>2.699872</speed>
				<ele>19.390148</ele>
				<time>2026-09-05T02:18:20Z</time>
			</trkpt>
			<trkpt lat="35.338258" lon="139.476605">
				<speed>2.469135</speed>
				<ele>19.274401</ele>
				<time>2026-09-05T02:18:22Z</time>
			</trkpt>
			<trkpt lat="35.338215" lon="139.476584">
				<speed>1.184337</speed>
				<ele>19.086878</ele>
				<time>2026-09-05T02:18:24Z</time>
			</trkpt>
			<trkpt lat="35.338172" lon="139.476563">
				<speed>0.968758</speed>
				<ele>16.139143</ele>
				<time>2026-09-05T02:18:32Z</time>
			</trkpt>
			<trkpt lat="35.338130" lon="139.476548">
				<speed>0.896689</speed>
				<ele>14.185018</ele>
				<time>2026-09-05T02:18:35Z</time>
			</trkpt>
			<trkpt lat="35.338090" lon="139.476522">
				<speed>0.971601</speed>
				<ele>12.183913</ele>
				<time>2026-09-05T02:18:41Z</time>
			</trkpt>
			<trkpt lat="35.338076" lon="139.476572">
				<speed>1.031898</speed>
				<ele>14.020837</ele>
				<time>2026-09-05T02:18:50Z</time>
			</trkpt>
			<trkpt lat="35.338056" lon="139.476618">
				<speed>1.858290</speed>
				<ele>14.569736</ele>
				<time>2026-09-05T02:18:53Z</time>
			</trkpt>
			<trkpt lat="35.337979" lon="139.476623">
				<speed>3.898981</speed>
				<ele>15.300038</ele>
				<time>2026-09-05T02:18:57Z</time>
			</trkpt>
			<trkpt lat="35.337912" lon="139.476601">
				<speed>4.414777</speed>
				<ele>16.022176</ele>
				<time>2026-09-05T02:18:59Z</time>
			</trkpt>
			<trkpt lat="35.337836" lon="139.476561">
				<speed>4.843899</speed>
				<ele>14.040319</ele>
				<time>2026-09-05T02:19:01Z</time>
			</trkpt>
			<trkpt lat="35.337754" lon="139.476505">
				<speed>5.137204</speed>
				<ele>14.230637</ele>
				<time>2026-09-05T02:19:03Z</time>
			</trkpt>
			<trkpt lat="35.337668" lon="139.476441">
				<speed>5.158491</speed>
				<ele>12.504002</ele>
				<time>2026-09-05T02:19:05Z</time>
			</trkpt>
			<trkpt lat="35.337580" lon="139.476370">
				<speed>5.302186</speed>
				<ele>12.341102</ele>
				<time>2026-09-05T02:19:07Z</time>
			</trkpt>
			<trkpt lat="35.337496" lon="139.476296">
				<speed>5.087940</speed>
				<ele>12.155617</ele>
				<time>2026-09-05T02:19:09Z</time>
			</trkpt>
			<trkpt lat="35.337417" lon="139.476226">
				<speed>4.505061</speed>
				<ele>12.567373</ele>
				<time>2026-09-05T02:19:11Z</time>
			</trkpt>
			<trkpt lat="35.337342" lon="139.476154">
				<speed>5.408886</speed>
				<ele>12.850752</ele>
				<time>2026-09-05T02:19:13Z</time>
			</trkpt>
			<trkpt lat="35.337269" lon="139.476075">
				<speed>5.445430</speed>
				<ele>12.977276</ele>
				<time>2026-09-05T02:19:15Z</time>
			</trkpt>
			<trkpt lat="35.337199" lon="139.475989">
				<speed>5.513364</speed>
				<ele>13.302180</ele>
				<time>2026-09-05T02:19:17Z</time>
			</trkpt>
			<trkpt lat="35.337129" lon="139.475897">
				<speed>5.783967</speed>
				<ele>13.544873</ele>
				<time>2026-09-05T02:19:19Z</time>
			</trkpt>
			<trkpt lat="35.337057" lon="139.475798">
				<speed>6.154678</speed>
				<ele>13.741053</ele>
				<time>2026-09-05T02:19:21Z</time>
			</trkpt>
			<trkpt lat="35.337019" lon="139.475747">
				<speed>6.282424</speed>
				<ele>13.771226</ele>
				<time>2026-09-05T02:19:22Z</time>
			</trkpt>
			<trkpt lat="35.336981" lon="139.475696">
				<speed>6.141458</speed>
				<ele>13.858752</ele>
				<time>2026-09-05T02:19:23Z</time>
			</trkpt>
			<trkpt lat="35.336942" lon="139.475645">
				<speed>6.273970</speed>
				<ele>13.736876</ele>
				<time>2026-09-05T02:19:24Z</time>
			</trkpt>
			<trkpt lat="35.336903" lon="139.475592">
				<speed>6.389498</speed>
				<ele>13.747853</ele>
				<time>2026-09-05T02:19:25Z</time>
			</trkpt>
			<trkpt lat="35.336864" lon="139.475540">
				<speed>6.211608</speed>
				<ele>13.559025</ele>
				<time>2026-09-05T02:19:26Z</time>
			</trkpt>
			<trkpt lat="35.336824" lon="139.475488">
				<speed>6.319674</speed>
				<ele>13.379245</ele>
				<time>2026-09-05T02:19:27Z</time>
			</trkpt>
			<trkpt lat="35.336784" lon="139.475436">
				<speed>6.227408</speed>
				<ele>13.827535</ele>
				<time>2026-09-05T02:19:28Z</time>
			</trkpt>
			<trkpt lat="35.336745" lon="139.475384">
				<speed>6.136495</speed>
				<ele>13.075732</ele>
				<time>2026-09-05T02:19:29Z</time>
			</trkpt>
			<trkpt lat="35.336705" lon="139.475331">
				<speed>6.423876</speed>
				<ele>13.006095</ele>
				<time>2026-09-05T02:19:30Z</time>
			</trkpt>
			<trkpt lat="35.336667" lon="139.475278">
				<speed>6.187012</speed>
				<ele>13.119628</ele>
				<time>2026-09-05T02:19:31Z</time>
			</trkpt>
			<trkpt lat="35.336628" lon="139.475226">
				<speed>6.220037</speed>
				<ele>13.354903</ele>
				<time>2026-09-05T02:19:32Z</time>
			</trkpt>
			<trkpt lat="35.336589" lon="139.475173">
				<speed>6.458197</speed>
				<ele>13.024194</ele>
				<time>2026-09-05T02:19:33Z</time>
			</trkpt>
			<trkpt lat="35.336549" lon="139.475121">
				<speed>6.417213</speed>
				<ele>12.839839</ele>
				<time>2026-09-05T02:19:34Z</time>
			</trkpt>
			<trkpt lat="35.336509" lon="139.475069">
				<speed>6.456879</speed>
				<ele>13.010481</ele>
				<time>2026-09-05T02:19:35Z</time>
			</trkpt>
			<trkpt lat="35.336469" lon="139.475017">
				<speed>6.582658</speed>
				<ele>12.759936</ele>
				<time>2026-09-05T02:19:36Z</time>
			</trkpt>
			<trkpt lat="35.336428" lon="139.474964">
				<speed>6.623859</speed>
				<ele>12.733175</ele>
				<time>2026-09-05T02:19:37Z</time>
			</trkpt>
			<trkpt lat="35.336387" lon="139.474911">
				<speed>6.364900</speed>
				<ele>13.223660</ele>
				<time>2026-09-05T02:19:38Z</time>
			</trkpt>
			<trkpt lat="35.336347" lon="139.474859">
				<speed>6.404840</speed>
				<ele>12.849102</ele>
				<time>2026-09-05T02:19:39Z</time>
			</trkpt>
			<trkpt lat="35.336306" lon="139.474807">
				<speed>6.194234</speed>
				<ele>12.541380</ele>
				<time>2026-09-05T02:19:40Z</time>
			</trkpt>
			<trkpt lat="35.336266" lon="139.474757">
				<speed>6.150433</speed>
				<ele>12.800154</ele>
				<time>2026-09-05T02:19:41Z</time>
			</trkpt>
			<trkpt lat="35.336227" lon="139.474707">
				<speed>5.963038</speed>
				<ele>12.685415</ele>
				<time>2026-09-05T02:19:42Z</time>
			</trkpt>
			<trkpt lat="35.336157" lon="139.474616">
				<speed>4.545359</speed>
				<ele>12.688392</ele>
				<time>2026-09-05T02:19:44Z</time>
			</trkpt>
			<trkpt lat="35.336096" lon="139.474535">
				<speed>4.576813</speed>
				<ele>12.421154</ele>
				<time>2026-09-05T02:19:46Z</time>
			</trkpt>
			<trkpt lat="35.336034" lon="139.474462">
				<speed>5.046886</speed>
				<ele>12.913428</ele>
				<time>2026-09-05T02:19:48Z</time>
			</trkpt>
			<trkpt lat="35.335970" lon="139.474387">
				<speed>5.563850</speed>
				<ele>12.405701</ele>
				<time>2026-09-05T02:19:50Z</time>
			</trkpt>
			<trkpt lat="35.335903" lon="139.474305">
				<speed>6.033590</speed>
				<ele>12.453606</ele>
				<time>2026-09-05T02:19:52Z</time>
			</trkpt>
			<trkpt lat="35.335831" lon="139.474216">
				<speed>6.271736</speed>
				<ele>12.353381</ele>
				<time>2026-09-05T02:19:54Z</time>
			</trkpt>
			<trkpt lat="35.335793" lon="139.474169">
				<speed>6.479671</speed>
				<ele>12.275550</ele>
				<time>2026-09-05T02:19:55Z</time>
			</trkpt>
			<trkpt lat="35.335754" lon="139.474121">
				<speed>6.255727</speed>
				<ele>12.411982</ele>
				<time>2026-09-05T02:19:56Z</time>
			</trkpt>
			<trkpt lat="35.335715" lon="139.474073">
				<speed>6.107913</speed>
				<ele>12.418145</ele>
				<time>2026-09-05T02:19:57Z</time>
			</trkpt>
			<trkpt lat="35.335676" lon="139.474025">
				<speed>6.151097</speed>
				<ele>12.335273</ele>
				<time>2026-09-05T02:19:58Z</time>
			</trkpt>
			<trkpt lat="35.335636" lon="139.473975">
				<speed>6.310474</speed>
				<ele>12.116273</ele>
				<time>2026-09-05T02:19:59Z</time>
			</trkpt>
			<trkpt lat="35.335595" lon="139.473924">
				<speed>6.481110</speed>
				<ele>10.973178</ele>
				<time>2026-09-05T02:20:00Z</time>
			</trkpt>
			<trkpt lat="35.335554" lon="139.473874">
				<speed>6.220731</speed>
				<ele>11.554927</ele>
				<time>2026-09-05T02:20:01Z</time>
			</trkpt>
			<trkpt lat="35.335512" lon="139.473823">
				<speed>6.306636</speed>
				<ele>11.498974</ele>
				<time>2026-09-05T02:20:02Z</time>
			</trkpt>
			<trkpt lat="35.335472" lon="139.473773">
				<speed>5.917167</speed>
				<ele>11.602692</ele>
				<time>2026-09-05T02:20:03Z</time>
			</trkpt>
			<trkpt lat="35.335432" lon="139.473725">
				<speed>5.916146</speed>
				<ele>11.660620</ele>
				<time>2026-09-05T02:20:04Z</time>
			</trkpt>
			<trkpt lat="35.335393" lon="139.473676">
				<speed>5.895551</speed>
				<ele>12.080122</ele>
				<time>2026-09-05T02:20:05Z</time>
			</trkpt>
			<trkpt lat="35.335354" lon="139.473629">
				<speed>5.805762</speed>
				<ele>12.243408</ele>
				<time>2026-09-05T02:20:06Z</time>
			</trkpt>
			<trkpt lat="35.335315" lon="139.473582">
				<speed>5.900059</speed>
				<ele>12.028381</ele>
				<time>2026-09-05T02:20:07Z</time>
			</trkpt>
			<trkpt lat="35.335276" lon="139.473535">
				<speed>5.779963</speed>
				<ele>11.974635</ele>
				<time>2026-09-05T02:20:08Z</time>
			</trkpt>
			<trkpt lat="35.335203" lon="139.473444">
				<speed>5.095401</speed>
				<ele>12.107040</ele>
				<time>2026-09-05T02:20:10Z</time>
			</trkpt>
			<trkpt lat="35.335134" lon="139.473359">
				<speed>5.192933</speed>
				<ele>12.921956</ele>
				<time>2026-09-05T02:20:12Z</time>
			</trkpt>
			<trkpt lat="35.335065" lon="139.473273">
				<speed>6.115492</speed>
				<ele>12.713162</ele>
				<time>2026-09-05T02:20:14Z</time>
			</trkpt>
			<trkpt lat="35.334991" lon="139.473183">
				<speed>6.235191</speed>
				<ele>12.911112</ele>
				<time>2026-09-05T02:20:16Z</time>
			</trkpt>
			<trkpt lat="35.334915" lon="139.473091">
				<speed>5.999157</speed>
				<ele>13.117421</ele>
				<time>2026-09-05T02:20:18Z</time>
			</trkpt>
			<trkpt lat="35.334877" lon="139.473044">
				<speed>5.982852</speed>
				<ele>13.000823</ele>
				<time>2026-09-05T02:20:19Z</time>
			</trkpt>
			<trkpt lat="35.334801" lon="139.472953">
				<speed>5.251185</speed>
				<ele>13.206345</ele>
				<time>2026-09-05T02:20:21Z</time>
			</trkpt>
			<trkpt lat="35.334730" lon="139.472871">
				<speed>4.743806</speed>
				<ele>12.882217</ele>
				<time>2026-09-05T02:20:23Z</time>
			</trkpt>
			<trkpt lat="35.334662" lon="139.472799">
				<speed>4.543016</speed>
				<ele>12.491208</ele>
				<time>2026-09-05T02:20:25Z</time>
			</trkpt>
			<trkpt lat="35.334595" lon="139.472733">
				<speed>4.934914</speed>
				<ele>12.525103</ele>
				<time>2026-09-05T02:20:27Z</time>
			</trkpt>
			<trkpt lat="35.334526" lon="139.472670">
				<speed>5.269828</speed>
				<ele>12.331287</ele>
				<time>2026-09-05T02:20:29Z</time>
			</trkpt>
			<trkpt lat="35.334450" lon="139.472612">
				<speed>5.421382</speed>
				<ele>12.518107</ele>
				<time>2026-09-05T02:20:31Z</time>
			</trkpt>
			<trkpt lat="35.334372" lon="139.472561">
				<speed>4.045983</speed>
				<ele>12.370285</ele>
				<time>2026-09-05T02:20:33Z</time>
			</trkpt>
			<trkpt lat="35.334306" lon="139.472520">
				<speed>2.766807</speed>
				<ele>13.028654</ele>
				<time>2026-09-05T02:20:35Z</time>
			</trkpt>
			<trkpt lat="35.334256" lon="139.472484">
				<speed>2.573541</speed>
				<ele>12.371580</ele>
				<time>2026-09-05T02:20:37Z</time>
			</trkpt>
			<trkpt lat="35.334262" lon="139.472409">
				<speed>4.134764</speed>
				<ele>12.168162</ele>
				<time>2026-09-05T02:20:41Z</time>
			</trkpt>
			<trkpt lat="35.334313" lon="139.472357">
				<speed>4.238005</speed>
				<ele>11.867907</ele>
				<time>2026-09-05T02:20:43Z</time>
			</trkpt>
			<trkpt lat="35.334381" lon="139.472294">
				<speed>4.540060</speed>
				<ele>11.818567</ele>
				<time>2026-09-05T02:20:45Z</time>
			</trkpt>
			<trkpt lat="35.334458" lon="139.472228">
				<speed>4.351554</speed>
				<ele>11.351170</ele>
				<time>2026-09-05T02:20:47Z</time>
			</trkpt>
			<trkpt lat="35.334534" lon="139.472164">
				<speed>3.359968</speed>
				<ele>11.882882</ele>
				<time>2026-09-05T02:20:49Z</time>
			</trkpt>
			<trkpt lat="35.334567" lon="139.472136">
				<speed>2.317661</speed>
				<ele>11.606321</ele>
				<time>2026-09-05T02:20:50Z</time>
			</trkpt>
			<trkpt lat="35.334614" lon="139.472112">
				<speed>0.654311</speed>
				<ele>11.686955</ele>
				<time>2026-09-05T02:21:11Z</time>
			</trkpt>
			<trkpt lat="35.334695" lon="139.472096">
				<speed>3.873437</speed>
				<ele>11.398965</ele>
				<time>2026-09-05T02:21:17Z</time>
			</trkpt>
			<trkpt lat="35.334763" lon="139.472065">
				<speed>4.732764</speed>
				<ele>11.216456</ele>
				<time>2026-09-05T02:21:19Z</time>
			</trkpt>
			<trkpt lat="35.334833" lon="139.472014">
				<speed>3.974152</speed>
				<ele>11.328599</ele>
				<time>2026-09-05T02:21:21Z</time>
			</trkpt>
			<trkpt lat="35.334890" lon="139.471957">
				<speed>1.950147</speed>
				<ele>12.054541</ele>
				<time>2026-09-05T02:21:23Z</time>
			</trkpt>
			<trkpt lat="35.334930" lon="139.471903">
				<speed>3.006329</speed>
				<ele>12.333207</ele>
				<time>2026-09-05T02:21:25Z</time>
			</trkpt>
			<trkpt lat="35.334964" lon="139.471847">
				<speed>2.400677</speed>
				<ele>12.692999</ele>
				<time>2026-09-05T02:21:27Z</time>
			</trkpt>
			<trkpt lat="35.334978" lon="139.471796">
				<speed>1.821513</speed>
				<ele>11.245138</ele>
				<time>2026-09-05T02:21:29Z</time>
			</trkpt>
			<trkpt lat="35.334945" lon="139.471729">
				<speed>3.646479</speed>
				<ele>12.151387</ele>
				<time>2026-09-05T02:21:32Z</time>
			</trkpt>
			<trkpt lat="35.334893" lon="139.471683">
				<speed>3.744941</speed>
				<ele>11.792704</ele>
				<time>2026-09-05T02:21:34Z</time>
			</trkpt>
			<trkpt lat="35.334825" lon="139.471635">
				<speed>4.183892</speed>
				<ele>11.740056</ele>
				<time>2026-09-05T02:21:36Z</time>
			</trkpt>
			<trkpt lat="35.334750" lon="139.471583">
				<speed>4.293030</speed>
				<ele>11.938364</ele>
				<time>2026-09-05T02:21:38Z</time>
			</trkpt>
			<trkpt lat="35.334687" lon="139.471516">
				<speed>4.379577</speed>
				<ele>11.667544</ele>
				<time>2026-09-05T02:21:40Z</time>
			</trkpt>
			<trkpt lat="35.334646" lon="139.471432">
				<speed>4.814957</speed>
				<ele>11.627383</ele>
				<time>2026-09-05T02:21:42Z</time>
			</trkpt>
			<trkpt lat="35.334619" lon="139.471332">
				<speed>5.055475</speed>
				<ele>11.504330</ele>
				<time>2026-09-05T02:21:44Z</time>
			</trkpt>
			<trkpt lat="35.334607" lon="139.471223">
				<speed>4.721186</speed>
				<ele>11.138040</ele>
				<time>2026-09-05T02:21:46Z</time>
			</trkpt>
			<trkpt lat="35.334603" lon="139.471110">
				<speed>4.620622</speed>
				<ele>11.403159</ele>
				<time>2026-09-05T02:21:48Z</time>
			</trkpt>
			<trkpt lat="35.334604" lon="139.471004">
				<speed>3.250612</speed>
				<ele>11.274315</ele>
				<time>2026-09-05T02:21:50Z</time>
			</trkpt>
			<trkpt lat="35.334610" lon="139.470916">
				<speed>3.398579</speed>
				<ele>10.814433</ele>
				<time>2026-09-05T02:21:52Z</time>
			</trkpt>
			<trkpt lat="35.334621" lon="139.470831">
				<speed>4.128051</speed>
				<ele>10.413062</ele>
				<time>2026-09-05T02:21:54Z</time>
			</trkpt>
			<trkpt lat="35.334634" lon="139.470742">
				<speed>4.706944</speed>
				<ele>10.476417</ele>
				<time>2026-09-05T02:21:56Z</time>
			</trkpt>
			<trkpt lat="35.334649" lon="139.470640">
				<speed>5.315366</speed>
				<ele>10.474877</ele>
				<time>2026-09-05T02:21:58Z</time>
			</trkpt>
			<trkpt lat="35.334666" lon="139.470528">
				<speed>5.649966</speed>
				<ele>10.285262</ele>
				<time>2026-09-05T02:22:00Z</time>
			</trkpt>
			<trkpt lat="35.334686" lon="139.470406">
				<speed>5.883422</speed>
				<ele>10.154029</ele>
				<time>2026-09-05T02:22:02Z</time>
			</trkpt>
			<trkpt lat="35.334708" lon="139.470277">
				<speed>6.093418</speed>
				<ele>9.806959</ele>
				<time>2026-09-05T02:22:04Z</time>
			</trkpt>
			<trkpt lat="35.334719" lon="139.470210">
				<speed>6.364050</speed>
				<ele>9.453269</ele>
				<time>2026-09-05T02:22:05Z</time>
			</trkpt>
			<trkpt lat="35.334731" lon="139.470141">
				<speed>6.305288</speed>
				<ele>9.458676</ele>
				<time>2026-09-05T02:22:06Z</time>
			</trkpt>
			<trkpt lat="35.334743" lon="139.470072">
				<speed>6.345410</speed>
				<ele>9.449981</ele>
				<time>2026-09-05T02:22:07Z</time>
			</trkpt>
			<trkpt lat="35.334755" lon="139.470003">
				<speed>6.138828</speed>
				<ele>9.198048</ele>
				<time>2026-09-05T02:22:08Z</time>
			</trkpt>
			<trkpt lat="35.334768" lon="139.469933">
				<speed>6.221768</speed>
				<ele>9.206275</ele>
				<time>2026-09-05T02:22:09Z</time>
			</trkpt>
			<trkpt lat="35.334781" lon="139.469865">
				<speed>5.919447</speed>
				<ele>8.420486</ele>
				<time>2026-09-05T02:22:10Z</time>
			</trkpt>
			<trkpt lat="35.334794" lon="139.469796">
				<speed>6.032754</speed>
				<ele>9.105103</ele>
				<time>2026-09-05T02:22:11Z</time>
			</trkpt>
			<trkpt lat="35.334807" lon="139.469728">
				<speed>6.123583</speed>
				<ele>9.228026</ele>
				<time>2026-09-05T02:22:12Z</time>
			</trkpt>
			<trkpt lat="35.334819" lon="139.469661">
				<speed>5.691602</speed>
				<ele>9.192237</ele>
				<time>2026-09-05T02:22:13Z</time>
			</trkpt>
			<trkpt lat="35.334831" lon="139.469596">
				<speed>5.474321</speed>
				<ele>9.232886</ele>
				<time>2026-09-05T02:22:14Z</time>
			</trkpt>
			<trkpt lat="35.334852" lon="139.469472">
				<speed>5.312194</speed>
				<ele>8.996467</ele>
				<time>2026-09-05T02:22:16Z</time>
			</trkpt>
			<trkpt lat="35.334872" lon="139.469355">
				<speed>4.899133</speed>
				<ele>8.992633</ele>
				<time>2026-09-05T02:22:18Z</time>
			</trkpt>
			<trkpt lat="35.334891" lon="139.469245">
				<speed>4.791717</speed>
				<ele>9.070910</ele>
				<time>2026-09-05T02:22:20Z</time>
			</trkpt>
			<trkpt lat="35.334911" lon="139.469142">
				<speed>4.784824</speed>
				<ele>8.629594</ele>
				<time>2026-09-05T02:22:22Z</time>
			</trkpt>
			<trkpt lat="35.334928" lon="139.469047">
				<speed>4.112157</speed>
				<ele>9.512182</ele>
				<time>2026-09-05T02:22:24Z</time>
			</trkpt>
			<trkpt lat="35.334942" lon="139.468957">
				<speed>4.310867</speed>
				<ele>9.531511</ele>
				<time>2026-09-05T02:22:26Z</time>
			</trkpt>
			<trkpt lat="35.334957" lon="139.468866">
				<speed>4.554806</speed>
				<ele>9.460037</ele>
				<time>2026-09-05T02:22:28Z</time>
			</trkpt>
			<trkpt lat="35.334973" lon="139.468777">
				<speed>3.757059</speed>
				<ele>9.375149</ele>
				<time>2026-09-05T02:22:30Z</time>
			</trkpt>
			<trkpt lat="35.334991" lon="139.468702">
				<speed>3.041511</speed>
				<ele>8.736290</ele>
				<time>2026-09-05T02:22:32Z</time>
			</trkpt>
			<trkpt lat="35.335010" lon="139.468639">
				<speed>2.277594</speed>
				<ele>8.661579</ele>
				<time>2026-09-05T02:22:34Z</time>
			</trkpt>
			<trkpt lat="35.335036" lon="139.468556">
				<speed>3.930459</speed>
				<ele>9.236277</ele>
				<time>2026-09-05T02:22:37Z</time>
			</trkpt>
			<trkpt lat="35.335048" lon="139.468486">
				<speed>4.552085</speed>
				<ele>8.890327</ele>
				<time>2026-09-05T02:22:39Z</time>
			</trkpt>
			<trkpt lat="35.335060" lon="139.468394">
				<speed>5.324519</speed>
				<ele>9.185563</ele>
				<time>2026-09-05T02:22:41Z</time>
			</trkpt>
			<trkpt lat="35.335075" lon="139.468288">
				<speed>5.383289</speed>
				<ele>9.446127</ele>
				<time>2026-09-05T02:22:43Z</time>
			</trkpt>
			<trkpt lat="35.335094" lon="139.468172">
				<speed>5.272550</speed>
				<ele>10.161003</ele>
				<time>2026-09-05T02:22:45Z</time>
			</trkpt>
			<trkpt lat="35.335115" lon="139.468054">
				<speed>5.149616</speed>
				<ele>10.475788</ele>
				<time>2026-09-05T02:22:47Z</time>
			</trkpt>
			<trkpt lat="35.335134" lon="139.467935">
				<speed>5.274658</speed>
				<ele>10.389090</ele>
				<time>2026-09-05T02:22:49Z</time>
			</trkpt>
			<trkpt lat="35.335156" lon="139.467818">
				<speed>4.913453</speed>
				<ele>10.710730</ele>
				<time>2026-09-05T02:22:51Z</time>
			</trkpt>
			<trkpt lat="35.335177" lon="139.467709">
				<speed>4.223277</speed>
				<ele>10.286324</ele>
				<time>2026-09-05T02:22:53Z</time>
			</trkpt>
			<trkpt lat="35.335193" lon="139.467607">
				<speed>4.305870</speed>
				<ele>10.572841</ele>
				<time>2026-09-05T02:22:55Z</time>
			</trkpt>
			<trkpt lat="35.335206" lon="139.467507">
				<speed>4.853060</speed>
				<ele>10.768749</ele>
				<time>2026-09-05T02:22:57Z</time>
			</trkpt>
			<trkpt lat="35.335218" lon="139.467402">
				<speed>5.149573</speed>
				<ele>10.838761</ele>
				<time>2026-09-05T02:22:59Z</time>
			</trkpt>
			<trkpt lat="35.335227" lon="139.467298">
				<speed>4.581246</speed>
				<ele>11.103652</ele>
				<time>2026-09-05T02:23:01Z</time>
			</trkpt>
			<trkpt lat="35.335235" lon="139.467194">
				<speed>4.903612</speed>
				<ele>11.343540</ele>
				<time>2026-09-05T02:23:03Z</time>
			</trkpt>
			<trkpt lat="35.335242" lon="139.467088">
				<speed>5.127434</speed>
				<ele>11.530113</ele>
				<time>2026-09-05T02:23:05Z</time>
			</trkpt>
			<trkpt lat="35.335247" lon="139.466973">
				<speed>5.863260</speed>
				<ele>11.607473</ele>
				<time>2026-09-05T02:23:07Z</time>
			</trkpt>
			<trkpt lat="35.335244" lon="139.466847">
				<speed>6.471717</speed>
				<ele>12.226146</ele>
				<time>2026-09-05T02:23:09Z</time>
			</trkpt>
			<trkpt lat="35.335241" lon="139.466781">
				<speed>6.234499</speed>
				<ele>12.209047</ele>
				<time>2026-09-05T02:23:10Z</time>
			</trkpt>
			<trkpt lat="35.335236" lon="139.466713">
				<speed>6.049082</speed>
				<ele>11.992226</ele>
				<time>2026-09-05T02:23:11Z</time>
			</trkpt>
			<trkpt lat="35.335231" lon="139.466644">
				<speed>6.145343</speed>
				<ele>12.045951</ele>
				<time>2026-09-05T02:23:12Z</time>
			</trkpt>
			<trkpt lat="35.335223" lon="139.466575">
				<speed>6.094272</speed>
				<ele>12.382978</ele>
				<time>2026-09-05T02:23:13Z</time>
			</trkpt>
			<trkpt lat="35.335214" lon="139.466507">
				<speed>6.040548</speed>
				<ele>12.309157</ele>
				<time>2026-09-05T02:23:14Z</time>
			</trkpt>
			<trkpt lat="35.335203" lon="139.466439">
				<speed>5.954842</speed>
				<ele>12.376613</ele>
				<time>2026-09-05T02:23:15Z</time>
			</trkpt>
			<trkpt lat="35.335191" lon="139.466373">
				<speed>5.581034</speed>
				<ele>12.647923</ele>
				<time>2026-09-05T02:23:16Z</time>
			</trkpt>
			<trkpt lat="35.335177" lon="139.466309">
				<speed>5.510795</speed>
				<ele>12.917244</ele>
				<time>2026-09-05T02:23:17Z</time>
			</trkpt>
			<trkpt lat="35.335148" lon="139.466187">
				<speed>5.098167</speed>
				<ele>12.890956</ele>
				<time>2026-09-05T02:23:19Z</time>
			</trkpt>
			<trkpt lat="35.335117" lon="139.466080">
				<speed>4.320891</speed>
				<ele>13.029674</ele>
				<time>2026-09-05T02:23:21Z</time>
			</trkpt>
			<trkpt lat="35.335085" lon="139.465984">
				<speed>4.244919</speed>
				<ele>13.171910</ele>
				<time>2026-09-05T02:23:23Z</time>
			</trkpt>
			<trkpt lat="35.335054" lon="139.465899">
				<speed>3.841942</speed>
				<ele>13.297718</ele>
				<time>2026-09-05T02:23:25Z</time>
			</trkpt>
			<trkpt lat="35.335022" lon="139.465827">
				<speed>3.371897</speed>
				<ele>13.199718</ele>
				<time>2026-09-05T02:23:27Z</time>
			</trkpt>
			<trkpt lat="35.334991" lon="139.465769">
				<speed>2.588084</speed>
				<ele>12.977625</ele>
				<time>2026-09-05T02:23:29Z</time>
			</trkpt>
			<trkpt lat="35.334884" lon="139.465603">
				<speed>4.354265</speed>
				<ele>11.491428</ele>
				<time>2026-09-05T02:23:51Z</time>
			</trkpt>
			<trkpt lat="35.334846" lon="139.465538">
				<speed>5.677349</speed>
				<ele>12.462078</ele>
				<time>2026-09-05T02:23:57Z</time>
			</trkpt>
			<trkpt lat="35.334791" lon="139.465443">
				<speed>5.451482</speed>
				<ele>12.537996</ele>
				<time>2026-09-05T02:23:59Z</time>
			</trkpt>
			<trkpt lat="35.334752" lon="139.465375">
				<speed>5.317861</speed>
				<ele>12.542053</ele>
				<time>2026-09-05T02:24:00Z</time>
			</trkpt>
			<trkpt lat="35.334708" lon="139.465300">
				<speed>5.171404</speed>
				<ele>12.776095</ele>
				<time>2026-09-05T02:24:01Z</time>
			</trkpt>
			<trkpt lat="35.334663" lon="139.465223">
				<speed>5.034245</speed>
				<ele>12.837349</ele>
				<time>2026-09-05T02:24:02Z</time>
			</trkpt>
			<trkpt lat="35.334618" lon="139.465148">
				<speed>4.905335</speed>
				<ele>12.973671</ele>
				<time>2026-09-05T02:24:03Z</time>
			</trkpt>
			<trkpt lat="35.334577" lon="139.465076">
				<speed>4.638377</speed>
				<ele>12.855578</ele>
				<time>2026-09-05T02:24:04Z</time>
			</trkpt>
			<trkpt lat="35.334540" lon="139.465008">
				<speed>4.165050</speed>
				<ele>12.915414</ele>
				<time>2026-09-05T02:24:05Z</time>
			</trkpt>
			<trkpt lat="35.334509" lon="139.464946">
				<speed>3.785734</speed>
				<ele>12.954961</ele>
				<time>2026-09-05T02:24:06Z</time>
			</trkpt>
			<trkpt lat="35.334459" lon="139.464841">
				<speed>3.283840</speed>
				<ele>12.608275</ele>
				<time>2026-09-05T02:24:08Z</time>
			</trkpt>
			<trkpt lat="35.334415" lon="139.464755">
				<speed>4.138318</speed>
				<ele>12.717493</ele>
				<time>2026-09-05T02:24:10Z</time>
			</trkpt>
			<trkpt lat="35.334368" lon="139.464678">
				<speed>5.027761</speed>
				<ele>12.656812</ele>
				<time>2026-09-05T02:24:12Z</time>
			</trkpt>
			<trkpt lat="35.334315" lon="139.464601">
				<speed>5.598246</speed>
				<ele>12.546439</ele>
				<time>2026-09-05T02:24:14Z</time>
			</trkpt>
			<trkpt lat="35.334255" lon="139.464516">
				<speed>6.164246</speed>
				<ele>12.493591</ele>
				<time>2026-09-05T02:24:16Z</time>
			</trkpt>
			<trkpt lat="35.334193" lon="139.464418">
				<speed>6.534935</speed>
				<ele>12.512919</ele>
				<time>2026-09-05T02:24:18Z</time>
			</trkpt>
			<trkpt lat="35.334160" lon="139.464364">
				<speed>6.773651</speed>
				<ele>12.350648</ele>
				<time>2026-09-05T02:24:19Z</time>
			</trkpt>
			<trkpt lat="35.334126" lon="139.464307">
				<speed>6.865752</speed>
				<ele>12.392756</ele>
				<time>2026-09-05T02:24:20Z</time>
			</trkpt>
			<trkpt lat="35.334091" lon="139.464249">
				<speed>7.004075</speed>
				<ele>12.343526</ele>
				<time>2026-09-05T02:24:21Z</time>
			</trkpt>
			<trkpt lat="35.334054" lon="139.464188">
				<speed>7.070813</speed>
				<ele>12.327971</ele>
				<time>2026-09-05T02:24:22Z</time>
			</trkpt>
			<trkpt lat="35.334015" lon="139.464126">
				<speed>7.128781</speed>
				<ele>12.244344</ele>
				<time>2026-09-05T02:24:23Z</time>
			</trkpt>
			<trkpt lat="35.333976" lon="139.464063">
				<speed>7.193565</speed>
				<ele>12.213515</ele>
				<time>2026-09-05T02:24:24Z</time>
			</trkpt>
			<trkpt lat="35.333935" lon="139.464000">
				<speed>7.231412</speed>
				<ele>12.100083</ele>
				<time>2026-09-05T02:24:25Z</time>
			</trkpt>
			<trkpt lat="35.333894" lon="139.463935">
				<speed>7.188818</speed>
				<ele>12.385411</ele>
				<time>2026-09-05T02:24:26Z</time>
			</trkpt>
			<trkpt lat="35.333853" lon="139.463871">
				<speed>7.172083</speed>
				<ele>12.176075</ele>
				<time>2026-09-05T02:24:27Z</time>
			</trkpt>
			<trkpt lat="35.333812" lon="139.463806">
				<speed>7.037269</speed>
				<ele>12.198009</ele>
				<time>2026-09-05T02:24:28Z</time>
			</trkpt>
			<trkpt lat="35.333771" lon="139.463742">
				<speed>6.935291</speed>
				<ele>12.213180</ele>
				<time>2026-09-05T02:24:29Z</time>
			</trkpt>
			<trkpt lat="35.333732" lon="139.463678">
				<speed>6.925539</speed>
				<ele>12.253771</ele>
				<time>2026-09-05T02:24:30Z</time>
			</trkpt>
			<trkpt lat="35.333692" lon="139.463614">
				<speed>6.823268</speed>
				<ele>12.104323</ele>
				<time>2026-09-05T02:24:31Z</time>
			</trkpt>
			<trkpt lat="35.333654" lon="139.463551">
				<speed>6.672041</speed>
				<ele>12.162785</ele>
				<time>2026-09-05T02:24:32Z</time>
			</trkpt>
			<trkpt lat="35.333616" lon="139.463489">
				<speed>6.593551</speed>
				<ele>12.241140</ele>
				<time>2026-09-05T02:24:33Z</time>
			</trkpt>
			<trkpt lat="35.333580" lon="139.463428">
				<speed>6.366108</speed>
				<ele>12.651579</ele>
				<time>2026-09-05T02:24:34Z</time>
			</trkpt>
			<trkpt lat="35.333544" lon="139.463368">
				<speed>6.395711</speed>
				<ele>12.299274</ele>
				<time>2026-09-05T02:24:35Z</time>
			</trkpt>
			<trkpt lat="35.333509" lon="139.463309">
				<speed>6.247919</speed>
				<ele>12.441711</ele>
				<time>2026-09-05T02:24:36Z</time>
			</trkpt>
			<trkpt lat="35.333476" lon="139.463251">
				<speed>6.224952</speed>
				<ele>12.434064</ele>
				<time>2026-09-05T02:24:37Z</time>
			</trkpt>
			<trkpt lat="35.333443" lon="139.463194">
				<speed>6.060160</speed>
				<ele>12.541894</ele>
				<time>2026-09-05T02:24:38Z</time>
			</trkpt>
			<trkpt lat="35.333412" lon="139.463137">
				<speed>6.095873</speed>
				<ele>12.525789</ele>
				<time>2026-09-05T02:24:39Z</time>
			</trkpt>
			<trkpt lat="35.333382" lon="139.463081">
				<speed>6.023079</speed>
				<ele>12.528272</ele>
				<time>2026-09-05T02:24:40Z</time>
			</trkpt>
			<trkpt lat="35.333353" lon="139.463025">
				<speed>6.072909</speed>
				<ele>12.386577</ele>
				<time>2026-09-05T02:24:41Z</time>
			</trkpt>
			<trkpt lat="35.333295" lon="139.462917">
				<speed>5.586662</speed>
				<ele>12.311873</ele>
				<time>2026-09-05T02:24:43Z</time>
			</trkpt>
			<trkpt lat="35.333238" lon="139.462823">
				<speed>4.508333</speed>
				<ele>12.499405</ele>
				<time>2026-09-05T02:24:45Z</time>
			</trkpt>
			<trkpt lat="35.333185" lon="139.462742">
				<speed>4.574508</speed>
				<ele>12.300619</ele>
				<time>2026-09-05T02:24:47Z</time>
			</trkpt>
			<trkpt lat="35.333133" lon="139.462661">
				<speed>5.110241</speed>
				<ele>12.120638</ele>
				<time>2026-09-05T02:24:49Z</time>
			</trkpt>
			<trkpt lat="35.333082" lon="139.462579">
				<speed>5.045374</speed>
				<ele>12.342537</ele>
				<time>2026-09-05T02:24:51Z</time>
			</trkpt>
			<trkpt lat="35.333032" lon="139.462492">
				<speed>5.136072</speed>
				<ele>12.121940</ele>
				<time>2026-09-05T02:24:53Z</time>
			</trkpt>
			<trkpt lat="35.332982" lon="139.462404">
				<speed>5.309733</speed>
				<ele>12.045994</ele>
				<time>2026-09-05T02:24:55Z</time>
			</trkpt>
			<trkpt lat="35.332928" lon="139.462315">
				<speed>5.316858</speed>
				<ele>12.170271</ele>
				<time>2026-09-05T02:24:57Z</time>
			</trkpt>
			<trkpt lat="35.332872" lon="139.462224">
				<speed>5.330374</speed>
				<ele>12.150513</ele>
				<time>2026-09-05T02:24:59Z</time>
			</trkpt>
			<trkpt lat="35.332815" lon="139.462130">
				<speed>5.244786</speed>
				<ele>12.244180</ele>
				<time>2026-09-05T02:25:01Z</time>
			</trkpt>
			<trkpt lat="35.332761" lon="139.462040">
				<speed>4.438803</speed>
				<ele>12.644820</ele>
				<time>2026-09-05T02:25:03Z</time>
			</trkpt>
			<trkpt lat="35.332711" lon="139.461957">
				<speed>4.050743</speed>
				<ele>12.534436</ele>
				<time>2026-09-05T02:25:05Z</time>
			</trkpt>
			<trkpt lat="35.332667" lon="139.461879">
				<speed>4.081090</speed>
				<ele>12.586265</ele>
				<time>2026-09-05T02:25:07Z</time>
			</trkpt>
			<trkpt lat="35.332625" lon="139.461802">
				<speed>4.236675</speed>
				<ele>12.995636</ele>
				<time>2026-09-05T02:25:09Z</time>
			</trkpt>
			<trkpt lat="35.332585" lon="139.461726">
				<speed>3.957417</speed>
				<ele>12.739957</ele>
				<time>2026-09-05T02:25:11Z</time>
			</trkpt>
			<trkpt lat="35.332545" lon="139.461653">
				<speed>4.277478</speed>
				<ele>13.191839</ele>
				<time>2026-09-05T02:25:13Z</time>
			</trkpt>
			<trkpt lat="35.332504" lon="139.461580">
				<speed>4.387607</speed>
				<ele>13.034262</ele>
				<time>2026-09-05T02:25:15Z</time>
			</trkpt>
			<trkpt lat="35.332459" lon="139.461506">
				<speed>4.852073</speed>
				<ele>13.067803</ele>
				<time>2026-09-05T02:25:17Z</time>
			</trkpt>
			<trkpt lat="35.332411" lon="139.461428">
				<speed>5.149094</speed>
				<ele>13.553411</ele>
				<time>2026-09-05T02:25:19Z</time>
			</trkpt>
			<trkpt lat="35.332359" lon="139.461344">
				<speed>5.298046</speed>
				<ele>13.198281</ele>
				<time>2026-09-05T02:25:21Z</time>
			</trkpt>
			<trkpt lat="35.332305" lon="139.461255">
				<speed>5.095658</speed>
				<ele>13.523528</ele>
				<time>2026-09-05T02:25:23Z</time>
			</trkpt>
			<trkpt lat="35.332248" lon="139.461162">
				<speed>5.204512</speed>
				<ele>13.482442</ele>
				<time>2026-09-05T02:25:25Z</time>
			</trkpt>
			<trkpt lat="35.332191" lon="139.461065">
				<speed>5.185039</speed>
				<ele>13.618973</ele>
				<time>2026-09-05T02:25:27Z</time>
			</trkpt>
			<trkpt lat="35.332135" lon="139.460966">
				<speed>5.324621</speed>
				<ele>13.558924</ele>
				<time>2026-09-05T02:25:29Z</time>
			</trkpt>
			<trkpt lat="35.332079" lon="139.460867">
				<speed>5.205939</speed>
				<ele>13.714571</ele>
				<time>2026-09-05T02:25:31Z</time>
			</trkpt>
			<trkpt lat="35.332022" lon="139.460769">
				<speed>5.415404</speed>
				<ele>13.703567</ele>
				<time>2026-09-05T02:25:33Z</time>
			</trkpt>
			<trkpt lat="35.331966" lon="139.460670">
				<speed>5.524831</speed>
				<ele>13.797406</ele>
				<time>2026-09-05T02:25:35Z</time>
			</trkpt>
			<trkpt lat="35.331907" lon="139.460568">
				<speed>5.857842</speed>
				<ele>13.619810</ele>
				<time>2026-09-05T02:25:37Z</time>
			</trkpt>
			<trkpt lat="35.331847" lon="139.460462">
				<speed>5.985264</speed>
				<ele>13.622970</ele>
				<time>2026-09-05T02:25:39Z</time>
			</trkpt>
			<trkpt lat="35.331787" lon="139.460357">
				<speed>5.646502</speed>
				<ele>13.656821</ele>
				<time>2026-09-05T02:25:41Z</time>
			</trkpt>
			<trkpt lat="35.331727" lon="139.460251">
				<speed>5.796661</speed>
				<ele>13.484287</ele>
				<time>2026-09-05T02:25:43Z</time>
			</trkpt>
			<trkpt lat="35.331666" lon="139.460141">
				<speed>6.143334</speed>
				<ele>13.476485</ele>
				<time>2026-09-05T02:25:45Z</time>
			</trkpt>
			<trkpt lat="35.331636" lon="139.460085">
				<speed>6.011925</speed>
				<ele>13.326299</ele>
				<time>2026-09-05T02:25:46Z</time>
			</trkpt>
			<trkpt lat="35.331605" lon="139.460030">
				<speed>5.897080</speed>
				<ele>13.527101</ele>
				<time>2026-09-05T02:25:47Z</time>
			</trkpt>
			<trkpt lat="35.331574" lon="139.459975">
				<speed>5.758360</speed>
				<ele>13.587520</ele>
				<time>2026-09-05T02:25:48Z</time>
			</trkpt>
			<trkpt lat="35.331514" lon="139.459870">
				<speed>5.737425</speed>
				<ele>13.313924</ele>
				<time>2026-09-05T02:25:50Z</time>
			</trkpt>
			<trkpt lat="35.331456" lon="139.459772">
				<speed>4.281534</speed>
				<ele>13.325750</ele>
				<time>2026-09-05T02:25:52Z</time>
			</trkpt>
			<trkpt lat="35.331403" lon="139.459700">
				<speed>2.771854</speed>
				<ele>13.979578</ele>
				<time>2026-09-05T02:25:54Z</time>
			</trkpt>
			<trkpt lat="35.331357" lon="139.459665">
				<speed>1.915700</speed>
				<ele>13.974315</ele>
				<time>2026-09-05T02:25:56Z</time>
			</trkpt>
			<trkpt lat="35.331306" lon="139.459668">
				<speed>2.002620</speed>
				<ele>13.660286</ele>
				<time>2026-09-05T02:25:59Z</time>
			</trkpt>
			<trkpt lat="35.331309" lon="139.459754">
				<speed>0.783083</speed>
				<ele>13.596825</ele>
				<time>2026-09-05T02:26:24Z</time>
			</trkpt>
			<trkpt lat="35.331237" lon="139.459628">
				<speed>3.594416</speed>
				<ele>13.474394</ele>
				<time>2026-09-05T02:26:30Z</time>
			</trkpt>
			<trkpt lat="35.331203" lon="139.459568">
				<speed>4.459205</speed>
				<ele>14.473547</ele>
				<time>2026-09-05T02:26:35Z</time>
			</trkpt>
			<trkpt lat="35.331163" lon="139.459499">
				<speed>4.351478</speed>
				<ele>13.964455</ele>
				<time>2026-09-05T02:26:37Z</time>
			</trkpt>
			<trkpt lat="35.331096" lon="139.459384">
				<speed>4.872474</speed>
				<ele>14.210144</ele>
				<time>2026-09-05T02:26:39Z</time>
			</trkpt>
			<trkpt lat="35.331058" lon="139.459318">
				<speed>4.810763</speed>
				<ele>15.019634</ele>
				<time>2026-09-05T02:26:40Z</time>
			</trkpt>
			<trkpt lat="35.331020" lon="139.459251">
				<speed>4.972255</speed>
				<ele>15.360503</ele>
				<time>2026-09-05T02:26:41Z</time>
			</trkpt>
			<trkpt lat="35.330983" lon="139.459186">
				<speed>5.000865</speed>
				<ele>15.155269</ele>
				<time>2026-09-05T02:26:42Z</time>
			</trkpt>
			<trkpt lat="35.330948" lon="139.459123">
				<speed>4.935611</speed>
				<ele>15.136143</ele>
				<time>2026-09-05T02:26:43Z</time>
			</trkpt>
			<trkpt lat="35.330914" lon="139.459062">
				<speed>5.245493</speed>
				<ele>14.865352</ele>
				<time>2026-09-05T02:26:44Z</time>
			</trkpt>
			<trkpt lat="35.330880" lon="139.459004">
				<speed>5.530606</speed>
				<ele>14.799100</ele>
				<time>2026-09-05T02:26:45Z</time>
			</trkpt>
			<trkpt lat="35.330847" lon="139.458949">
				<speed>5.197272</speed>
				<ele>15.203220</ele>
				<time>2026-09-05T02:26:46Z</time>
			</trkpt>
			<trkpt lat="35.330814" lon="139.458895">
				<speed>5.425549</speed>
				<ele>15.220476</ele>
				<time>2026-09-05T02:26:47Z</time>
			</trkpt>
			<trkpt lat="35.330752" lon="139.458794">
				<speed>4.833624</speed>
				<ele>15.164953</ele>
				<time>2026-09-05T02:26:49Z</time>
			</trkpt>
			<trkpt lat="35.330692" lon="139.458700">
				<speed>5.154531</speed>
				<ele>16.003682</ele>
				<time>2026-09-05T02:26:51Z</time>
			</trkpt>
			<trkpt lat="35.330633" lon="139.458608">
				<speed>5.557671</speed>
				<ele>15.992718</ele>
				<time>2026-09-05T02:26:53Z</time>
			</trkpt>
			<trkpt lat="35.330568" lon="139.458518">
				<speed>6.026662</speed>
				<ele>16.527879</ele>
				<time>2026-09-05T02:26:55Z</time>
			</trkpt>
			<trkpt lat="35.330505" lon="139.458434">
				<speed>4.156332</speed>
				<ele>16.136018</ele>
				<time>2026-09-05T02:26:57Z</time>
			</trkpt>
			<trkpt lat="35.330450" lon="139.458362">
				<speed>3.938018</speed>
				<ele>15.448282</ele>
				<time>2026-09-05T02:26:59Z</time>
			</trkpt>
			<trkpt lat="35.330398" lon="139.458298">
				<speed>4.646003</speed>
				<ele>15.710486</ele>
				<time>2026-09-05T02:27:01Z</time>
			</trkpt>
			<trkpt lat="35.330341" lon="139.458227">
				<speed>5.221909</speed>
				<ele>15.459704</ele>
				<time>2026-09-05T02:27:03Z</time>
			</trkpt>
			<trkpt lat="35.330282" lon="139.458149">
				<speed>5.065555</speed>
				<ele>15.678915</ele>
				<time>2026-09-05T02:27:05Z</time>
			</trkpt>
			<trkpt lat="35.330225" lon="139.458071">
				<speed>4.696532</speed>
				<ele>15.791131</ele>
				<time>2026-09-05T02:27:07Z</time>
			</trkpt>
			<trkpt lat="35.330168" lon="139.457993">
				<speed>4.521173</speed>
				<ele>14.954053</ele>
				<time>2026-09-05T02:27:09Z</time>
			</trkpt>
			<trkpt lat="35.330110" lon="139.457911">
				<speed>5.341768</speed>
				<ele>15.218571</ele>
				<time>2026-09-05T02:27:11Z</time>
			</trkpt>
			<trkpt lat="35.330048" lon="139.457825">
				<speed>5.296897</speed>
				<ele>15.254904</ele>
				<time>2026-09-05T02:27:13Z</time>
			</trkpt>
			<trkpt lat="35.329983" lon="139.457737">
				<speed>5.106973</speed>
				<ele>15.635093</ele>
				<time>2026-09-05T02:27:15Z</time>
			</trkpt>
			<trkpt lat="35.329918" lon="139.457650">
				<speed>5.024412</speed>
				<ele>15.730907</ele>
				<time>2026-09-05T02:27:17Z</time>
			</trkpt>
			<trkpt lat="35.329843" lon="139.457576">
				<speed>5.848655</speed>
				<ele>15.406631</ele>
				<time>2026-09-05T02:27:19Z</time>
			</trkpt>
			<trkpt lat="35.329765" lon="139.457499">
				<speed>4.741664</speed>
				<ele>14.998533</ele>
				<time>2026-09-05T02:27:21Z</time>
			</trkpt>
			<trkpt lat="35.329706" lon="139.457424">
				<speed>4.541962</speed>
				<ele>15.655414</ele>
				<time>2026-09-05T02:27:23Z</time>
			</trkpt>
			<trkpt lat="35.329654" lon="139.457347">
				<speed>4.414247</speed>
				<ele>15.724974</ele>
				<time>2026-09-05T02:27:25Z</time>
			</trkpt>
			<trkpt lat="35.329603" lon="139.457269">
				<speed>4.940070</speed>
				<ele>16.111197</ele>
				<time>2026-09-05T02:27:27Z</time>
			</trkpt>
			<trkpt lat="35.329550" lon="139.457186">
				<speed>4.949483</speed>
				<ele>16.006177</ele>
				<time>2026-09-05T02:27:29Z</time>
			</trkpt>
			<trkpt lat="35.329494" lon="139.457102">
				<speed>5.254618</speed>
				<ele>15.624898</ele>
				<time>2026-09-05T02:27:31Z</time>
			</trkpt>
			<trkpt lat="35.329435" lon="139.457012">
				<speed>5.417480</speed>
				<ele>16.029746</ele>
				<time>2026-09-05T02:27:33Z</time>
			</trkpt>
			<trkpt lat="35.329370" lon="139.456921">
				<speed>5.669682</speed>
				<ele>15.913033</ele>
				<time>2026-09-05T02:27:35Z</time>
			</trkpt>
			<trkpt lat="35.329301" lon="139.456826">
				<speed>5.897898</speed>
				<ele>15.784107</ele>
				<time>2026-09-05T02:27:37Z</time>
			</trkpt>
			<trkpt lat="35.329231" lon="139.456727">
				<speed>5.878128</speed>
				<ele>15.562251</ele>
				<time>2026-09-05T02:27:39Z</time>
			</trkpt>
			<trkpt lat="35.329195" lon="139.456676">
				<speed>6.201738</speed>
				<ele>15.760640</ele>
				<time>2026-09-05T02:27:40Z</time>
			</trkpt>
			<trkpt lat="35.329159" lon="139.456625">
				<speed>6.162827</speed>
				<ele>15.572630</ele>
				<time>2026-09-05T02:27:41Z</time>
			</trkpt>
			<trkpt lat="35.329121" lon="139.456575">
				<speed>5.963583</speed>
				<ele>15.162731</ele>
				<time>2026-09-05T02:27:42Z</time>
			</trkpt>
			<trkpt lat="35.329082" lon="139.456525">
				<speed>6.435237</speed>
				<ele>15.176810</ele>
				<time>2026-09-05T02:27:43Z</time>
			</trkpt>
			<trkpt lat="35.329044" lon="139.456475">
				<speed>5.965147</speed>
				<ele>15.316873</ele>
				<time>2026-09-05T02:27:44Z</time>
			</trkpt>
			<trkpt lat="35.329005" lon="139.456425">
				<speed>5.986466</speed>
				<ele>15.017583</ele>
				<time>2026-09-05T02:27:45Z</time>
			</trkpt>
			<trkpt lat="35.328967" lon="139.456375">
				<speed>5.856387</speed>
				<ele>15.018852</ele>
				<time>2026-09-05T02:27:46Z</time>
			</trkpt>
			<trkpt lat="35.328930" lon="139.456325">
				<speed>5.932805</speed>
				<ele>14.783425</ele>
				<time>2026-09-05T02:27:47Z</time>
			</trkpt>
			<trkpt lat="35.328894" lon="139.456275">
				<speed>5.861191</speed>
				<ele>14.732060</ele>
				<time>2026-09-05T02:27:48Z</time>
			</trkpt>
			<trkpt lat="35.328822" lon="139.456177">
				<speed>5.755343</speed>
				<ele>13.933753</ele>
				<time>2026-09-05T02:27:50Z</time>
			</trkpt>
			<trkpt lat="35.328756" lon="139.456082">
				<speed>5.211211</speed>
				<ele>13.695799</ele>
				<time>2026-09-05T02:27:52Z</time>
			</trkpt>
			<trkpt lat="35.328693" lon="139.455992">
				<speed>5.337243</speed>
				<ele>14.000654</ele>
				<time>2026-09-05T02:27:54Z</time>
			</trkpt>
			<trkpt lat="35.328628" lon="139.455902">
				<speed>5.763690</speed>
				<ele>13.843242</ele>
				<time>2026-09-05T02:27:56Z</time>
			</trkpt>
			<trkpt lat="35.328561" lon="139.455809">
				<speed>5.853048</speed>
				<ele>13.925980</ele>
				<time>2026-09-05T02:27:58Z</time>
			</trkpt>
			<trkpt lat="35.328493" lon="139.455715">
				<speed>5.840054</speed>
				<ele>13.526821</ele>
				<time>2026-09-05T02:28:00Z</time>
			</trkpt>
			<trkpt lat="35.328424" lon="139.455621">
				<speed>5.735570</speed>
				<ele>13.135518</ele>
				<time>2026-09-05T02:28:02Z</time>
			</trkpt>
			<trkpt lat="35.328360" lon="139.455533">
				<speed>4.202639</speed>
				<ele>13.225286</ele>
				<time>2026-09-05T02:28:04Z</time>
			</trkpt>
			<trkpt lat="35.328320" lon="139.455466">
				<speed>1.141368</speed>
				<ele>13.153249</ele>
				<time>2026-09-05T02:28:06Z</time>
			</trkpt>
			<trkpt lat="35.328280" lon="139.455413">
				<speed>4.358060</speed>
				<ele>12.908907</ele>
				<time>2026-09-05T02:28:30Z</time>
			</trkpt>
			<trkpt lat="35.328226" lon="139.455340">
				<speed>4.922868</speed>
				<ele>13.018255</ele>
				<time>2026-09-05T02:28:32Z</time>
			</trkpt>
			<trkpt lat="35.328161" lon="139.455253">
				<speed>5.319340</speed>
				<ele>12.932264</ele>
				<time>2026-09-05T02:28:34Z</time>
			</trkpt>
			<trkpt lat="35.328091" lon="139.455160">
				<speed>5.244207</speed>
				<ele>13.020182</ele>
				<time>2026-09-05T02:28:36Z</time>
			</trkpt>
			<trkpt lat="35.328019" lon="139.455063">
				<speed>5.053577</speed>
				<ele>12.878993</ele>
				<time>2026-09-05T02:28:38Z</time>
			</trkpt>
			<trkpt lat="35.327948" lon="139.454966">
				<speed>5.270609</speed>
				<ele>12.323328</ele>
				<time>2026-09-05T02:28:40Z</time>
			</trkpt>
			<trkpt lat="35.327878" lon="139.454869">
				<speed>5.465607</speed>
				<ele>12.476161</ele>
				<time>2026-09-05T02:28:42Z</time>
			</trkpt>
			<trkpt lat="35.327811" lon="139.454778">
				<speed>4.132439</speed>
				<ele>12.062094</ele>
				<time>2026-09-05T02:28:44Z</time>
			</trkpt>
			<trkpt lat="35.327754" lon="139.454695">
				<speed>4.554007</speed>
				<ele>12.980500</ele>
				<time>2026-09-05T02:28:46Z</time>
			</trkpt>
			<trkpt lat="35.327703" lon="139.454614">
				<speed>4.381612</speed>
				<ele>13.415829</ele>
				<time>2026-09-05T02:28:48Z</time>
			</trkpt>
			<trkpt lat="35.327653" lon="139.454534">
				<speed>5.315672</speed>
				<ele>13.732910</ele>
				<time>2026-09-05T02:28:50Z</time>
			</trkpt>
			<trkpt lat="35.327602" lon="139.454445">
				<speed>5.420987</speed>
				<ele>13.759556</ele>
				<time>2026-09-05T02:28:52Z</time>
			</trkpt>
			<trkpt lat="35.327551" lon="139.454351">
				<speed>5.331176</speed>
				<ele>13.845212</ele>
				<time>2026-09-05T02:28:54Z</time>
			</trkpt>
			<trkpt lat="35.327495" lon="139.454235">
				<speed>5.417417</speed>
				<ele>13.699927</ele>
				<time>2026-09-05T02:28:56Z</time>
			</trkpt>
			<trkpt lat="35.327457" lon="139.454150">
				<speed>5.083431</speed>
				<ele>13.963668</ele>
				<time>2026-09-05T02:28:58Z</time>
			</trkpt>
			<trkpt lat="35.327416" lon="139.454051">
				<speed>4.714885</speed>
				<ele>13.861790</ele>
				<time>2026-09-05T02:29:00Z</time>
			</trkpt>
			<trkpt lat="35.327378" lon="139.453953">
				<speed>4.657485</speed>
				<ele>13.933273</ele>
				<time>2026-09-05T02:29:02Z</time>
			</trkpt>
			<trkpt lat="35.327345" lon="139.453857">
				<speed>4.541633</speed>
				<ele>14.275207</ele>
				<time>2026-09-05T02:29:04Z</time>
			</trkpt>
			<trkpt lat="35.327317" lon="139.453763">
				<speed>4.294188</speed>
				<ele>14.304728</ele>
				<time>2026-09-05T02:29:06Z</time>
			</trkpt>
			<trkpt lat="35.327293" lon="139.453672">
				<speed>4.440224</speed>
				<ele>14.242593</ele>
				<time>2026-09-05T02:29:08Z</time>
			</trkpt>
			<trkpt lat="35.327269" lon="139.453584">
				<speed>4.200403</speed>
				<ele>14.505528</ele>
				<time>2026-09-05T02:29:10Z</time>
			</trkpt>
			<trkpt lat="35.327246" lon="139.453499">
				<speed>3.958029</speed>
				<ele>14.852897</ele>
				<time>2026-09-05T02:29:12Z</time>
			</trkpt>
			<trkpt lat="35.327227" lon="139.453418">
				<speed>3.842913</speed>
				<ele>14.565474</ele>
				<time>2026-09-05T02:29:14Z</time>
			</trkpt>
			<trkpt lat="35.327209" lon="139.453341">
				<speed>3.513928</speed>
				<ele>14.370497</ele>
				<time>2026-09-05T02:29:16Z</time>
			</trkpt>
			<trkpt lat="35.327186" lon="139.453269">
				<speed>3.651535</speed>
				<ele>14.729161</ele>
				<time>2026-09-05T02:29:18Z</time>
			</trkpt>
			<trkpt lat="35.327152" lon="139.453204">
				<speed>3.912438</speed>
				<ele>14.983281</ele>
				<time>2026-09-05T02:29:20Z</time>
			</trkpt>
			<trkpt lat="35.327103" lon="139.453146">
				<speed>4.282007</speed>
				<ele>15.181610</ele>
				<time>2026-09-05T02:29:22Z</time>
			</trkpt>
			<trkpt lat="35.327037" lon="139.453101">
				<speed>4.537917</speed>
				<ele>15.471179</ele>
				<time>2026-09-05T02:29:24Z</time>
			</trkpt>
			<trkpt lat="35.326960" lon="139.453082">
				<speed>4.702150</speed>
				<ele>15.181420</ele>
				<time>2026-09-05T02:29:26Z</time>
			</trkpt>
			<trkpt lat="35.326868" lon="139.453084">
				<speed>4.962373</speed>
				<ele>16.289043</ele>
				<time>2026-09-05T02:29:28Z</time>
			</trkpt>
			<trkpt lat="35.326774" lon="139.453102">
				<speed>4.886775</speed>
				<ele>16.970423</ele>
				<time>2026-09-05T02:29:30Z</time>
			</trkpt>
			<trkpt lat="35.326678" lon="139.453132">
				<speed>5.063231</speed>
				<ele>16.567244</ele>
				<time>2026-09-05T02:29:32Z</time>
			</trkpt>
			<trkpt lat="35.326581" lon="139.453168">
				<speed>5.229004</speed>
				<ele>15.594368</ele>
				<time>2026-09-05T02:29:34Z</time>
			</trkpt>
			<trkpt lat="35.326484" lon="139.453206">
				<speed>5.354684</speed>
				<ele>15.669635</ele>
				<time>2026-09-05T02:29:36Z</time>
			</trkpt>
			<trkpt lat="35.326386" lon="139.453243">
				<speed>5.283009</speed>
				<ele>15.779596</ele>
				<time>2026-09-05T02:29:38Z</time>
			</trkpt>
			<trkpt lat="35.326287" lon="139.453277">
				<speed>5.576435</speed>
				<ele>15.247176</ele>
				<time>2026-09-05T02:29:40Z</time>
			</trkpt>
			<trkpt lat="35.326188" lon="139.453309">
				<speed>5.528272</speed>
				<ele>15.859476</ele>
				<time>2026-09-05T02:29:42Z</time>
			</trkpt>
			<trkpt lat="35.326087" lon="139.453341">
				<speed>6.003692</speed>
				<ele>15.225138</ele>
				<time>2026-09-05T02:29:44Z</time>
			</trkpt>
			<trkpt lat="35.326035" lon="139.453358">
				<speed>6.217136</speed>
				<ele>15.088033</ele>
				<time>2026-09-05T02:29:45Z</time>
			</trkpt>
			<trkpt lat="35.325981" lon="139.453374">
				<speed>6.194684</speed>
				<ele>15.035047</ele>
				<time>2026-09-05T02:29:46Z</time>
			</trkpt>
			<trkpt lat="35.325927" lon="139.453391">
				<speed>6.285638</speed>
				<ele>14.867119</ele>
				<time>2026-09-05T02:29:47Z</time>
			</trkpt>
			<trkpt lat="35.325871" lon="139.453408">
				<speed>6.416315</speed>
				<ele>14.695788</ele>
				<time>2026-09-05T02:29:48Z</time>
			</trkpt>
			<trkpt lat="35.325814" lon="139.453425">
				<speed>6.519313</speed>
				<ele>14.494421</ele>
				<time>2026-09-05T02:29:49Z</time>
			</trkpt>
			<trkpt lat="35.325756" lon="139.453443">
				<speed>6.717569</speed>
				<ele>14.378624</ele>
				<time>2026-09-05T02:29:50Z</time>
			</trkpt>
			<trkpt lat="35.325697" lon="139.453461">
				<speed>6.773595</speed>
				<ele>14.312434</ele>
				<time>2026-09-05T02:29:51Z</time>
			</trkpt>
			<trkpt lat="35.325637" lon="139.453478">
				<speed>6.735012</speed>
				<ele>14.351418</ele>
				<time>2026-09-05T02:29:52Z</time>
			</trkpt>
			<trkpt lat="35.325577" lon="139.453496">
				<speed>6.758449</speed>
				<ele>14.322990</ele>
				<time>2026-09-05T02:29:53Z</time>
			</trkpt>
			<trkpt lat="35.325516" lon="139.453513">
				<speed>6.820424</speed>
				<ele>14.213302</ele>
				<time>2026-09-05T02:29:54Z</time>
			</trkpt>
			<trkpt lat="35.325455" lon="139.453530">
				<speed>6.706270</speed>
				<ele>14.382885</ele>
				<time>2026-09-05T02:29:55Z</time>
			</trkpt>
			<trkpt lat="35.325394" lon="139.453548">
				<speed>6.942128</speed>
				<ele>13.736170</ele>
				<time>2026-09-05T02:29:56Z</time>
			</trkpt>
			<trkpt lat="35.325333" lon="139.453565">
				<speed>6.832146</speed>
				<ele>13.744140</ele>
				<time>2026-09-05T02:29:57Z</time>
			</trkpt>
			<trkpt lat="35.325271" lon="139.453582">
				<speed>6.913706</speed>
				<ele>13.798772</ele>
				<time>2026-09-05T02:29:58Z</time>
			</trkpt>
			<trkpt lat="35.325209" lon="139.453598">
				<speed>6.980584</speed>
				<ele>13.592833</ele>
				<time>2026-09-05T02:29:59Z</time>
			</trkpt>
			<trkpt lat="35.325147" lon="139.453615">
				<speed>7.069828</speed>
				<ele>13.441564</ele>
				<time>2026-09-05T02:30:00Z</time>
			</trkpt>
			<trkpt lat="35.325084" lon="139.453633">
				<speed>7.134407</speed>
				<ele>13.235764</ele>
				<time>2026-09-05T02:30:01Z</time>
			</trkpt>
			<trkpt lat="35.325021" lon="139.453650">
				<speed>7.201881</speed>
				<ele>13.078650</ele>
				<time>2026-09-05T02:30:02Z</time>
			</trkpt>
			<trkpt lat="35.324958" lon="139.453669">
				<speed>7.196494</speed>
				<ele>12.693166</ele>
				<time>2026-09-05T02:30:03Z</time>
			</trkpt>
			<trkpt lat="35.324894" lon="139.453687">
				<speed>7.244758</speed>
				<ele>12.542205</ele>
				<time>2026-09-05T02:30:04Z</time>
			</trkpt>
			<trkpt lat="35.324829" lon="139.453705">
				<speed>7.341383</speed>
				<ele>12.422380</ele>
				<time>2026-09-05T02:30:05Z</time>
			</trkpt>
			<trkpt lat="35.324764" lon="139.453723">
				<speed>7.410244</speed>
				<ele>12.164348</ele>
				<time>2026-09-05T02:30:06Z</time>
			</trkpt>
			<trkpt lat="35.324699" lon="139.453742">
				<speed>7.388905</speed>
				<ele>12.096512</ele>
				<time>2026-09-05T02:30:07Z</time>
			</trkpt>
			<trkpt lat="35.324635" lon="139.453761">
				<speed>7.163718</speed>
				<ele>11.547163</ele>
				<time>2026-09-05T02:30:08Z</time>
			</trkpt>
			<trkpt lat="35.324572" lon="139.453780">
				<speed>6.897101</speed>
				<ele>11.055263</ele>
				<time>2026-09-05T02:30:09Z</time>
			</trkpt>
			<trkpt lat="35.324510" lon="139.453800">
				<speed>6.866496</speed>
				<ele>11.237364</ele>
				<time>2026-09-05T02:30:10Z</time>
			</trkpt>
			<trkpt lat="35.324448" lon="139.453819">
				<speed>7.063617</speed>
				<ele>11.087411</ele>
				<time>2026-09-05T02:30:11Z</time>
			</trkpt>
			<trkpt lat="35.324386" lon="139.453837">
				<speed>6.901452</speed>
				<ele>10.989791</ele>
				<time>2026-09-05T02:30:12Z</time>
			</trkpt>
			<trkpt lat="35.324325" lon="139.453856">
				<speed>6.890775</speed>
				<ele>11.039254</ele>
				<time>2026-09-05T02:30:13Z</time>
			</trkpt>
			<trkpt lat="35.324265" lon="139.453874">
				<speed>6.800488</speed>
				<ele>11.293955</ele>
				<time>2026-09-05T02:30:14Z</time>
			</trkpt>
			<trkpt lat="35.324205" lon="139.453891">
				<speed>6.689108</speed>
				<ele>11.473676</ele>
				<time>2026-09-05T02:30:15Z</time>
			</trkpt>
			<trkpt lat="35.324146" lon="139.453909">
				<speed>6.554257</speed>
				<ele>11.406858</ele>
				<time>2026-09-05T02:30:16Z</time>
			</trkpt>
			<trkpt lat="35.324089" lon="139.453926">
				<speed>6.176088</speed>
				<ele>11.330053</ele>
				<time>2026-09-05T02:30:17Z</time>
			</trkpt>
			<trkpt lat="35.324034" lon="139.453943">
				<speed>6.179279</speed>
				<ele>11.320453</ele>
				<time>2026-09-05T02:30:18Z</time>
			</trkpt>
			<trkpt lat="35.323979" lon="139.453960">
				<speed>6.110697</speed>
				<ele>11.059239</ele>
				<time>2026-09-05T02:30:19Z</time>
			</trkpt>
			<trkpt lat="35.323924" lon="139.453976">
				<speed>6.287470</speed>
				<ele>11.076106</ele>
				<time>2026-09-05T02:30:20Z</time>
			</trkpt>
			<trkpt lat="35.323869" lon="139.453991">
				<speed>6.316610</speed>
				<ele>11.152384</ele>
				<time>2026-09-05T02:30:21Z</time>
			</trkpt>
			<trkpt lat="35.323815" lon="139.454005">
				<speed>6.355003</speed>
				<ele>10.896493</ele>
				<time>2026-09-05T02:30:22Z</time>
			</trkpt>
			<trkpt lat="35.323760" lon="139.454018">
				<speed>6.279944</speed>
				<ele>10.813633</ele>
				<time>2026-09-05T02:30:23Z</time>
			</trkpt>
			<trkpt lat="35.323704" lon="139.454029">
				<speed>6.390261</speed>
				<ele>11.122732</ele>
				<time>2026-09-05T02:30:24Z</time>
			</trkpt>
			<trkpt lat="35.323649" lon="139.454040">
				<speed>6.383170</speed>
				<ele>10.859726</ele>
				<time>2026-09-05T02:30:25Z</time>
			</trkpt>
			<trkpt lat="35.323593" lon="139.454049">
				<speed>6.515002</speed>
				<ele>11.236786</ele>
				<time>2026-09-05T02:30:26Z</time>
			</trkpt>
			<trkpt lat="35.323537" lon="139.454058">
				<speed>6.160006</speed>
				<ele>10.545458</ele>
				<time>2026-09-05T02:30:27Z</time>
			</trkpt>
			<trkpt lat="35.323482" lon="139.454067">
				<speed>6.217967</speed>
				<ele>10.290274</ele>
				<time>2026-09-05T02:30:28Z</time>
			</trkpt>
			<trkpt lat="35.323427" lon="139.454075">
				<speed>6.077408</speed>
				<ele>10.517223</ele>
				<time>2026-09-05T02:30:29Z</time>
			</trkpt>
			<trkpt lat="35.323371" lon="139.454082">
				<speed>6.249556</speed>
				<ele>10.478578</ele>
				<time>2026-09-05T02:30:30Z</time>
			</trkpt>
			<trkpt lat="35.323315" lon="139.454088">
				<speed>6.352815</speed>
				<ele>10.537624</ele>
				<time>2026-09-05T02:30:31Z</time>
			</trkpt>
			<trkpt lat="35.323259" lon="139.454094">
				<speed>6.193148</speed>
				<ele>10.156711</ele>
				<time>2026-09-05T02:30:32Z</time>
			</trkpt>
			<trkpt lat="35.323204" lon="139.454098">
				<speed>6.052627</speed>
				<ele>10.264441</ele>
				<time>2026-09-05T02:30:33Z</time>
			</trkpt>
			<trkpt lat="35.323149" lon="139.454101">
				<speed>6.010926</speed>
				<ele>10.147674</ele>
				<time>2026-09-05T02:30:34Z</time>
			</trkpt>
			<trkpt lat="35.323094" lon="139.454103">
				<speed>5.860389</speed>
				<ele>10.027488</ele>
				<time>2026-09-05T02:30:35Z</time>
			</trkpt>
			<trkpt lat="35.322991" lon="139.454102">
				<speed>5.004969</speed>
				<ele>9.965081</ele>
				<time>2026-09-05T02:30:37Z</time>
			</trkpt>
			<trkpt lat="35.322902" lon="139.454099">
				<speed>3.708702</speed>
				<ele>10.065614</ele>
				<time>2026-09-05T02:30:39Z</time>
			</trkpt>
			<trkpt lat="35.322837" lon="139.454101">
				<speed>2.382233</speed>
				<ele>9.625117</ele>
				<time>2026-09-05T02:30:41Z</time>
			</trkpt>
			<trkpt lat="35.322758" lon="139.454111">
				<speed>3.620066</speed>
				<ele>9.821077</ele>
				<time>2026-09-05T02:30:44Z</time>
			</trkpt>
			<trkpt lat="35.322701" lon="139.454115">
				<speed>4.232593</speed>
				<ele>10.202357</ele>
				<time>2026-09-05T02:30:46Z</time>
			</trkpt>
			<trkpt lat="35.322636" lon="139.454115">
				<speed>4.644395</speed>
				<ele>10.068042</ele>
				<time>2026-09-05T02:30:48Z</time>
			</trkpt>
			<trkpt lat="35.322559" lon="139.454111">
				<speed>5.284084</speed>
				<ele>9.972228</ele>
				<time>2026-09-05T02:30:50Z</time>
			</trkpt>
			<trkpt lat="35.322467" lon="139.454103">
				<speed>5.903424</speed>
				<ele>10.306492</ele>
				<time>2026-09-05T02:30:52Z</time>
			</trkpt>
			<trkpt lat="35.322364" lon="139.454091">
				<speed>6.001139</speed>
				<ele>9.650442</ele>
				<time>2026-09-05T02:30:54Z</time>
			</trkpt>
			<trkpt lat="35.322310" lon="139.454083">
				<speed>6.233123</speed>
				<ele>9.877419</ele>
				<time>2026-09-05T02:30:55Z</time>
			</trkpt>
			<trkpt lat="35.322254" lon="139.454074">
				<speed>6.325033</speed>
				<ele>10.200176</ele>
				<time>2026-09-05T02:30:56Z</time>
			</trkpt>
			<trkpt lat="35.322196" lon="139.454065">
				<speed>6.197944</speed>
				<ele>10.135659</ele>
				<time>2026-09-05T02:30:57Z</time>
			</trkpt>
			<trkpt lat="35.322137" lon="139.454056">
				<speed>6.748381</speed>
				<ele>9.708412</ele>
				<time>2026-09-05T02:30:58Z</time>
			</trkpt>
			<trkpt lat="35.322076" lon="139.454046">
				<speed>6.546848</speed>
				<ele>9.347427</ele>
				<time>2026-09-05T02:30:59Z</time>
			</trkpt>
			<trkpt lat="35.322015" lon="139.454035">
				<speed>6.510021</speed>
				<ele>9.093218</ele>
				<time>2026-09-05T02:31:00Z</time>
			</trkpt>
			<trkpt lat="35.321954" lon="139.454025">
				<speed>6.489323</speed>
				<ele>9.574004</ele>
				<time>2026-09-05T02:31:01Z</time>
			</trkpt>
			<trkpt lat="35.321893" lon="139.454014">
				<speed>6.638336</speed>
				<ele>9.364333</ele>
				<time>2026-09-05T02:31:02Z</time>
			</trkpt>
			<trkpt lat="35.321832" lon="139.454003">
				<speed>6.428488</speed>
				<ele>9.086982</ele>
				<time>2026-09-05T02:31:03Z</time>
			</trkpt>
			<trkpt lat="35.321772" lon="139.453992">
				<speed>6.312353</speed>
				<ele>8.853219</ele>
				<time>2026-09-05T02:31:04Z</time>
			</trkpt>
			<trkpt lat="35.321713" lon="139.453981">
				<speed>6.302134</speed>
				<ele>8.949214</ele>
				<time>2026-09-05T02:31:05Z</time>
			</trkpt>
			<trkpt lat="35.321654" lon="139.453970">
				<speed>6.403894</speed>
				<ele>8.980369</ele>
				<time>2026-09-05T02:31:06Z</time>
			</trkpt>
			<trkpt lat="35.321596" lon="139.453961">
				<speed>6.444793</speed>
				<ele>9.103421</ele>
				<time>2026-09-05T02:31:07Z</time>
			</trkpt>
			<trkpt lat="35.321537" lon="139.453951">
				<speed>6.562405</speed>
				<ele>9.381730</ele>
				<time>2026-09-05T02:31:08Z</time>
			</trkpt>
			<trkpt lat="35.321477" lon="139.453942">
				<speed>6.677810</speed>
				<ele>9.322019</ele>
				<time>2026-09-05T02:31:09Z</time>
			</trkpt>
			<trkpt lat="35.321417" lon="139.453933">
				<speed>6.701028</speed>
				<ele>9.549356</ele>
				<time>2026-09-05T02:31:10Z</time>
			</trkpt>
			<trkpt lat="35.321357" lon="139.453923">
				<speed>6.666057</speed>
				<ele>9.954466</ele>
				<time>2026-09-05T02:31:11Z</time>
			</trkpt>
			<trkpt lat="35.321296" lon="139.453913">
				<speed>6.666167</speed>
				<ele>10.135853</ele>
				<time>2026-09-05T02:31:12Z</time>
			</trkpt>
			<trkpt lat="35.321236" lon="139.453904">
				<speed>6.563163</speed>
				<ele>9.987921</ele>
				<time>2026-09-05T02:31:13Z</time>
			</trkpt>
			<trkpt lat="35.321177" lon="139.453894">
				<speed>6.110544</speed>
				<ele>10.020538</ele>
				<time>2026-09-05T02:31:14Z</time>
			</trkpt>
			<trkpt lat="35.321121" lon="139.453885">
				<speed>5.548246</speed>
				<ele>9.990720</ele>
				<time>2026-09-05T02:31:15Z</time>
			</trkpt>
			<trkpt lat="35.321016" lon="139.453870">
				<speed>5.525741</speed>
				<ele>10.277603</ele>
				<time>2026-09-05T02:31:17Z</time>
			</trkpt>
			<trkpt lat="35.320914" lon="139.453855">
				<speed>5.859712</speed>
				<ele>10.380160</ele>
				<time>2026-09-05T02:31:19Z</time>
			</trkpt>
			<trkpt lat="35.320811" lon="139.453838">
				<speed>5.983062</speed>
				<ele>10.590717</ele>
				<time>2026-09-05T02:31:21Z</time>
			</trkpt>
			<trkpt lat="35.320707" lon="139.453820">
				<speed>6.139803</speed>
				<ele>10.919140</ele>
				<time>2026-09-05T02:31:23Z</time>
			</trkpt>
			<trkpt lat="35.320605" lon="139.453799">
				<speed>5.537465</speed>
				<ele>10.978472</ele>
				<time>2026-09-05T02:31:25Z</time>
			</trkpt>
			<trkpt lat="35.320506" lon="139.453779">
				<speed>5.510006</speed>
				<ele>11.001481</ele>
				<time>2026-09-05T02:31:27Z</time>
			</trkpt>
			<trkpt lat="35.320403" lon="139.453763">
				<speed>6.110241</speed>
				<ele>11.081024</ele>
				<time>2026-09-05T02:31:29Z</time>
			</trkpt>
			<trkpt lat="35.320298" lon="139.453745">
				<speed>6.144896</speed>
				<ele>11.076254</ele>
				<time>2026-09-05T02:31:31Z</time>
			</trkpt>
			<trkpt lat="35.320244" lon="139.453735">
				<speed>6.201753</speed>
				<ele>10.985122</ele>
				<time>2026-09-05T02:31:32Z</time>
			</trkpt>
			<trkpt lat="35.320190" lon="139.453724">
				<speed>6.080656</speed>
				<ele>10.986036</ele>
				<time>2026-09-05T02:31:33Z</time>
			</trkpt>
			<trkpt lat="35.320136" lon="139.453713">
				<speed>6.099175</speed>
				<ele>11.138380</ele>
				<time>2026-09-05T02:31:34Z</time>
			</trkpt>
			<trkpt lat="35.320083" lon="139.453702">
				<speed>5.897748</speed>
				<ele>11.132003</ele>
				<time>2026-09-05T02:31:35Z</time>
			</trkpt>
			<trkpt lat="35.319979" lon="139.453676">
				<speed>5.613333</speed>
				<ele>11.093087</ele>
				<time>2026-09-05T02:31:37Z</time>
			</trkpt>
			<trkpt lat="35.319878" lon="139.453650">
				<speed>5.618572</speed>
				<ele>11.020215</ele>
				<time>2026-09-05T02:31:39Z</time>
			</trkpt>
			<trkpt lat="35.319778" lon="139.453623">
				<speed>5.689730</speed>
				<ele>11.536334</ele>
				<time>2026-09-05T02:31:41Z</time>
			</trkpt>
			<trkpt lat="35.319677" lon="139.453595">
				<speed>5.867875</speed>
				<ele>11.178976</ele>
				<time>2026-09-05T02:31:43Z</time>
			</trkpt>
			<trkpt lat="35.319573" lon="139.453567">
				<speed>6.019546</speed>
				<ele>11.377076</ele>
				<time>2026-09-05T02:31:45Z</time>
			</trkpt>
			<trkpt lat="35.319468" lon="139.453539">
				<speed>5.996807</speed>
				<ele>11.582442</ele>
				<time>2026-09-05T02:31:47Z</time>
			</trkpt>
			<trkpt lat="35.319415" lon="139.453525">
				<speed>6.112904</speed>
				<ele>11.355607</ele>
				<time>2026-09-05T02:31:48Z</time>
			</trkpt>
			<trkpt lat="35.319361" lon="139.453511">
				<speed>6.049438</speed>
				<ele>11.215407</ele>
				<time>2026-09-05T02:31:49Z</time>
			</trkpt>
			<trkpt lat="35.319308" lon="139.453496">
				<speed>5.960772</speed>
				<ele>10.997906</ele>
				<time>2026-09-05T02:31:50Z</time>
			</trkpt>
			<trkpt lat="35.319205" lon="139.453468">
				<speed>5.204413</speed>
				<ele>10.782725</ele>
				<time>2026-09-05T02:31:52Z</time>
			</trkpt>
			<trkpt lat="35.319114" lon="139.453446">
				<speed>3.918359</speed>
				<ele>10.834871</ele>
				<time>2026-09-05T02:31:54Z</time>
			</trkpt>
			<trkpt lat="35.319077" lon="139.453438">
				<speed>2.489143</speed>
				<ele>11.041890</ele>
				<time>2026-09-05T02:31:55Z</time>
			</trkpt>
			<trkpt lat="35.319118" lon="139.453286">
				<speed>0.236186</speed>
				<ele>10.829836</ele>
				<time>2026-09-05T02:32:52Z</time>
			</trkpt>
			<trkpt lat="35.319175" lon="139.453311">
				<speed>3.680320</speed>
				<ele>10.863319</ele>
				<time>2026-09-05T02:32:59Z</time>
			</trkpt>
			<trkpt lat="35.319256" lon="139.453341">
				<speed>4.071640</speed>
				<ele>11.133669</ele>
				<time>2026-09-05T02:33:01Z</time>
			</trkpt>
			<trkpt lat="35.319356" lon="139.453376">
				<speed>3.987810</speed>
				<ele>11.182180</ele>
				<time>2026-09-05T02:33:03Z</time>
			</trkpt>
			<trkpt lat="35.319453" lon="139.453405">
				<speed>3.185799</speed>
				<ele>11.115054</ele>
				<time>2026-09-05T02:33:05Z</time>
			</trkpt>
			<trkpt lat="35.319494" lon="139.453411">
				<speed>1.841687</speed>
				<ele>11.107335</ele>
				<time>2026-09-05T02:33:06Z</time>
			</trkpt>
			<trkpt lat="35.319539" lon="139.453404">
				<speed>1.751314</speed>
				<ele>10.862234</ele>
				<time>2026-09-05T02:33:08Z</time>
			</trkpt>
			<trkpt lat="35.319493" lon="139.453382">
				<speed>1.996526</speed>
				<ele>12.032194</ele>
				<time>2026-09-05T02:33:13Z</time>
			</trkpt>
			<trkpt lat="35.319444" lon="139.453368">
				<speed>2.019011</speed>
				<ele>12.515699</ele>
				<time>2026-09-05T02:33:15Z</time>
			</trkpt>
			<trkpt lat="35.319392" lon="139.453352">
				<speed>2.101636</speed>
				<ele>12.637744</ele>
				<time>2026-09-05T02:33:17Z</time>
			</trkpt>
			<trkpt lat="35.319338" lon="139.453329">
				<speed>2.667235</speed>
				<ele>13.024693</ele>
				<time>2026-09-05T02:33:19Z</time>
			</trkpt>
			<trkpt lat="35.319286" lon="139.453297">
				<speed>2.607338</speed>
				<ele>13.490746</ele>
				<time>2026-09-05T02:33:21Z</time>
			</trkpt>
			<trkpt lat="35.319240" lon="139.453258">
				<speed>2.374081</speed>
				<ele>13.790012</ele>
				<time>2026-09-05T02:33:23Z</time>
			</trkpt>
			<trkpt lat="35.319201" lon="139.453214">
				<speed>2.325197</speed>
				<ele>14.083933</ele>
				<time>2026-09-05T02:33:25Z</time>
			</trkpt>
			<trkpt lat="35.319164" lon="139.453175">
				<speed>2.492947</speed>
				<ele>14.155184</ele>
				<time>2026-09-05T02:33:27Z</time>
			</trkpt>
			<trkpt lat="35.319119" lon="139.453146">
				<speed>2.861206</speed>
				<ele>14.548010</ele>
				<time>2026-09-05T02:33:29Z</time>
			</trkpt>
			<trkpt lat="35.319073" lon="139.453127">
				<speed>2.588711</speed>
				<ele>15.042149</ele>
				<time>2026-09-05T02:33:31Z</time>
			</trkpt>
			<trkpt lat="35.319026" lon="139.453114">
				<speed>2.600505</speed>
				<ele>15.173084</ele>
				<time>2026-09-05T02:33:33Z</time>
			</trkpt>
			<trkpt lat="35.318981" lon="139.453104">
				<speed>2.066073</speed>
				<ele>14.893776</ele>
				<time>2026-09-05T02:33:35Z</time>
			</trkpt>
			<trkpt lat="35.318939" lon="139.453096">
				<speed>2.519840</speed>
				<ele>14.363018</ele>
				<time>2026-09-05T02:33:37Z</time>
			</trkpt>
			<trkpt lat="35.318895" lon="139.453089">
				<speed>2.698612</speed>
				<ele>13.699286</ele>
				<time>2026-09-05T02:33:39Z</time>
			</trkpt>
			<trkpt lat="35.318850" lon="139.453081">
				<speed>2.251287</speed>
				<ele>13.027007</ele>
				<time>2026-09-05T02:33:41Z</time>
			</trkpt>
			<trkpt lat="35.318813" lon="139.453064">
				<speed>2.016203</speed>
				<ele>12.975342</ele>
				<time>2026-09-05T02:33:43Z</time>
			</trkpt>
			<trkpt lat="35.318795" lon="139.453015">
				<speed>2.813833</speed>
				<ele>11.877755</ele>
				<time>2026-09-05T02:33:46Z</time>
			</trkpt>
			<trkpt lat="35.318800" lon="139.452963">
				<speed>2.575034</speed>
				<ele>11.250269</ele>
				<time>2026-09-05T02:33:48Z</time>
			</trkpt>
			<trkpt lat="35.318823" lon="139.452921">
				<speed>1.825756</speed>
				<ele>11.325148</ele>
				<time>2026-09-05T02:33:50Z</time>
			</trkpt>
			<trkpt lat="35.318867" lon="139.452972">
				<speed>3.494345</speed>
				<ele>9.973382</ele>
				<time>2026-09-05T02:33:55Z</time>
			</trkpt>
			<trkpt lat="35.318878" lon="139.453040">
				<speed>2.916509</speed>
				<ele>7.862087</ele>
				<time>2026-09-05T02:33:57Z</time>
			</trkpt>
			<trkpt lat="35.318884" lon="139.453115">
				<speed>2.665240</speed>
				<ele>7.696950</ele>
				<time>2026-09-05T02:33:59Z</time>
			</trkpt>
			<trkpt lat="35.318881" lon="139.453193">
				<speed>2.741896</speed>
				<ele>8.657474</ele>
				<time>2026-09-05T02:34:01Z</time>
			</trkpt>
			<trkpt lat="35.318866" lon="139.453256">
				<speed>1.328606</speed>
				<ele>9.124631</ele>
				<time>2026-09-05T02:34:03Z</time>
			</trkpt>
			<trkpt lat="35.318844" lon="139.453295">
				<speed>1.595413</speed>
				<ele>8.940425</ele>
				<time>2026-09-05T02:34:05Z</time>
			</trkpt>
			<trkpt lat="35.318794" lon="139.453318">
				<speed>2.266383</speed>
				<ele>9.256816</ele>
				<time>2026-09-05T02:34:08Z</time>
			</trkpt>
			<trkpt lat="35.318752" lon="139.453320">
				<speed>1.956470</speed>
				<ele>9.345311</ele>
				<time>2026-09-05T02:34:10Z</time>
			</trkpt>
			<trkpt lat="35.318708" lon="139.453312">
				<speed>2.285499</speed>
				<ele>9.346260</ele>
				<time>2026-09-05T02:34:12Z</time>
			</trkpt>
			<trkpt lat="35.318661" lon="139.453295">
				<speed>2.697585</speed>
				<ele>9.198940</ele>
				<time>2026-09-05T02:34:14Z</time>
			</trkpt>
			<trkpt lat="35.318612" lon="139.453274">
				<speed>2.566026</speed>
				<ele>9.351768</ele>
				<time>2026-09-05T02:34:16Z</time>
			</trkpt>
			<trkpt lat="35.318566" lon="139.453219">
				<speed>1.285670</speed>
				<ele>8.795340</ele>
				<time>2026-09-05T02:34:23Z</time>
			</trkpt>
			<trkpt lat="35.318569" lon="139.453140">
				<speed>3.748809</speed>
				<ele>8.480366</ele>
				<time>2026-09-05T02:34:30Z</time>
			</trkpt>
			<trkpt lat="35.318576" lon="139.453032">
				<speed>4.157014</speed>
				<ele>8.560745</ele>
				<time>2026-09-05T02:34:32Z</time>
			</trkpt>
			<trkpt lat="35.318590" lon="139.452905">
				<speed>4.144356</speed>
				<ele>8.629223</ele>
				<time>2026-09-05T02:34:34Z</time>
			</trkpt>
			<trkpt lat="35.318605" lon="139.452780">
				<speed>4.368387</speed>
				<ele>8.642407</ele>
				<time>2026-09-05T02:34:36Z</time>
			</trkpt>
			<trkpt lat="35.318623" lon="139.452661">
				<speed>4.459306</speed>
				<ele>8.703865</ele>
				<time>2026-09-05T02:34:38Z</time>
			</trkpt>
			<trkpt lat="35.318641" lon="139.452553">
				<speed>4.213559</speed>
				<ele>8.918460</ele>
				<time>2026-09-05T02:34:40Z</time>
			</trkpt>
			<trkpt lat="35.318657" lon="139.452453">
				<speed>4.039733</speed>
				<ele>8.818179</ele>
				<time>2026-09-05T02:34:42Z</time>
			</trkpt>
			<trkpt lat="35.318680" lon="139.452364">
				<speed>4.097605</speed>
				<ele>8.596536</ele>
				<time>2026-09-05T02:34:44Z</time>
			</trkpt>
			<trkpt lat="35.318711" lon="139.452281">
				<speed>4.486915</speed>
				<ele>8.051369</ele>
				<time>2026-09-05T02:34:46Z</time>
			</trkpt>
			<trkpt lat="35.318749" lon="139.452196">
				<speed>5.061730</speed>
				<ele>7.813257</ele>
				<time>2026-09-05T02:34:48Z</time>
			</trkpt>
			<trkpt lat="35.318784" lon="139.452101">
				<speed>5.103795</speed>
				<ele>8.186904</ele>
				<time>2026-09-05T02:34:50Z</time>
			</trkpt>
			<trkpt lat="35.318807" lon="139.451999">
				<speed>5.124708</speed>
				<ele>8.539228</ele>
				<time>2026-09-05T02:34:52Z</time>
			</trkpt>
			<trkpt lat="35.318814" lon="139.451891">
				<speed>5.067757</speed>
				<ele>8.972787</ele>
				<time>2026-09-05T02:34:54Z</time>
			</trkpt>
			<trkpt lat="35.318806" lon="139.451783">
				<speed>4.617738</speed>
				<ele>9.068948</ele>
				<time>2026-09-05T02:34:56Z</time>
			</trkpt>
			<trkpt lat="35.318795" lon="139.451677">
				<speed>4.638869</speed>
				<ele>8.933808</ele>
				<time>2026-09-05T02:34:58Z</time>
			</trkpt>
			<trkpt lat="35.318788" lon="139.451571">
				<speed>4.926831</speed>
				<ele>8.849839</ele>
				<time>2026-09-05T02:35:00Z</time>
			</trkpt>
			<trkpt lat="35.318787" lon="139.451461">
				<speed>5.084723</speed>
				<ele>8.788222</ele>
				<time>2026-09-05T02:35:02Z</time>
			</trkpt>
			<trkpt lat="35.318791" lon="139.451351">
				<speed>4.881107</speed>
				<ele>8.726303</ele>
				<time>2026-09-05T02:35:04Z</time>
			</trkpt>
			<trkpt lat="35.318798" lon="139.451240">
				<speed>5.077513</speed>
				<ele>8.585669</ele>
				<time>2026-09-05T02:35:06Z</time>
			</trkpt>
			<trkpt lat="35.318808" lon="139.451128">
				<speed>5.158610</speed>
				<ele>8.516724</ele>
				<time>2026-09-05T02:35:08Z</time>
			</trkpt>
			<trkpt lat="35.318820" lon="139.451014">
				<speed>5.157201</speed>
				<ele>8.645758</ele>
				<time>2026-09-05T02:35:10Z</time>
			</trkpt>
			<trkpt lat="35.318832" lon="139.450900">
				<speed>5.157706</speed>
				<ele>8.628426</ele>
				<time>2026-09-05T02:35:12Z</time>
			</trkpt>
			<trkpt lat="35.318845" lon="139.450787">
				<speed>5.138353</speed>
				<ele>8.693526</ele>
				<time>2026-09-05T02:35:14Z</time>
			</trkpt>
			<trkpt lat="35.318858" lon="139.450674">
				<speed>5.074519</speed>
				<ele>8.648507</ele>
				<time>2026-09-05T02:35:16Z</time>
			</trkpt>
			<trkpt lat="35.318868" lon="139.450563">
				<speed>5.022422</speed>
				<ele>8.725808</ele>
				<time>2026-09-05T02:35:18Z</time>
			</trkpt>
			<trkpt lat="35.318875" lon="139.450452">
				<speed>5.059742</speed>
				<ele>8.735449</ele>
				<time>2026-09-05T02:35:20Z</time>
			</trkpt>
			<trkpt lat="35.318881" lon="139.450340">
				<speed>5.126430</speed>
				<ele>8.697581</ele>
				<time>2026-09-05T02:35:22Z</time>
			</trkpt>
			<trkpt lat="35.318887" lon="139.450228">
				<speed>5.159044</speed>
				<ele>8.722613</ele>
				<time>2026-09-05T02:35:24Z</time>
			</trkpt>
			<trkpt lat="35.318893" lon="139.450115">
				<speed>5.244084</speed>
				<ele>8.846200</ele>
				<time>2026-09-05T02:35:26Z</time>
			</trkpt>
			<trkpt lat="35.318899" lon="139.450001">
				<speed>5.151892</speed>
				<ele>8.944027</ele>
				<time>2026-09-05T02:35:28Z</time>
			</trkpt>
			<trkpt lat="35.318904" lon="139.449888">
				<speed>5.029474</speed>
				<ele>8.817264</ele>
				<time>2026-09-05T02:35:30Z</time>
			</trkpt>
			<trkpt lat="35.318910" lon="139.449778">
				<speed>4.748664</speed>
				<ele>8.655908</ele>
				<time>2026-09-05T02:35:32Z</time>
			</trkpt>
			<trkpt lat="35.318912" lon="139.449728">
				<speed>3.466900</speed>
				<ele>8.597005</ele>
				<time>2026-09-05T02:35:33Z</time>
			</trkpt>
			<trkpt lat="35.318926" lon="139.449637">
				<speed>3.215951</speed>
				<ele>7.821896</ele>
				<time>2026-09-05T02:36:08Z</time>
			</trkpt>
			<trkpt lat="35.318939" lon="139.449562">
				<speed>3.734015</speed>
				<ele>7.648517</ele>
				<time>2026-09-05T02:36:10Z</time>
			</trkpt>
			<trkpt lat="35.318949" lon="139.449473">
				<speed>4.297336</speed>
				<ele>7.540819</ele>
				<time>2026-09-05T02:36:12Z</time>
			</trkpt>
			<trkpt lat="35.318960" lon="139.449374">
				<speed>4.727443</speed>
				<ele>7.336869</ele>
				<time>2026-09-05T02:36:14Z</time>
			</trkpt>
			<trkpt lat="35.318972" lon="139.449267">
				<speed>4.883768</speed>
				<ele>7.160740</ele>
				<time>2026-09-05T02:36:16Z</time>
			</trkpt>
			<trkpt lat="35.318985" lon="139.449155">
				<speed>4.627412</speed>
				<ele>7.060817</ele>
				<time>2026-09-05T02:36:18Z</time>
			</trkpt>
			<trkpt lat="35.319003" lon="139.449048">
				<speed>4.458342</speed>
				<ele>7.350396</ele>
				<time>2026-09-05T02:36:20Z</time>
			</trkpt>
			<trkpt lat="35.319022" lon="139.448940">
				<speed>5.025055</speed>
				<ele>7.414970</ele>
				<time>2026-09-05T02:36:22Z</time>
			</trkpt>
			<trkpt lat="35.319039" lon="139.448827">
				<speed>5.539462</speed>
				<ele>7.597817</ele>
				<time>2026-09-05T02:36:24Z</time>
			</trkpt>
			<trkpt lat="35.319054" lon="139.448707">
				<speed>5.512559</speed>
				<ele>7.756031</ele>
				<time>2026-09-05T02:36:26Z</time>
			</trkpt>
			<trkpt lat="35.319070" lon="139.448584">
				<speed>5.591302</speed>
				<ele>7.623222</ele>
				<time>2026-09-05T02:36:28Z</time>
			</trkpt>
			<trkpt lat="35.319087" lon="139.448458">
				<speed>5.489845</speed>
				<ele>7.820109</ele>
				<time>2026-09-05T02:36:30Z</time>
			</trkpt>
			<trkpt lat="35.319105" lon="139.448333">
				<speed>5.566477</speed>
				<ele>7.870158</ele>
				<time>2026-09-05T02:36:32Z</time>
			</trkpt>
			<trkpt lat="35.319123" lon="139.448207">
				<speed>5.675993</speed>
				<ele>7.973654</ele>
				<time>2026-09-05T02:36:34Z</time>
			</trkpt>
			<trkpt lat="35.319141" lon="139.448081">
				<speed>5.701457</speed>
				<ele>7.887914</ele>
				<time>2026-09-05T02:36:36Z</time>
			</trkpt>
			<trkpt lat="35.319160" lon="139.447954">
				<speed>5.731290</speed>
				<ele>7.909183</ele>
				<time>2026-09-05T02:36:38Z</time>
			</trkpt>
			<trkpt lat="35.319179" lon="139.447827">
				<speed>5.655529</speed>
				<ele>7.811386</ele>
				<time>2026-09-05T02:36:40Z</time>
			</trkpt>
			<trkpt lat="35.319197" lon="139.447702">
				<speed>5.573501</speed>
				<ele>7.915302</ele>
				<time>2026-09-05T02:36:42Z</time>
			</trkpt>
			<trkpt lat="35.319215" lon="139.447579">
				<speed>5.690027</speed>
				<ele>7.749851</ele>
				<time>2026-09-05T02:36:44Z</time>
			</trkpt>
			<trkpt lat="35.319234" lon="139.447455">
				<speed>5.765188</speed>
				<ele>7.826198</ele>
				<time>2026-09-05T02:36:46Z</time>
			</trkpt>
			<trkpt lat="35.319254" lon="139.447329">
				<speed>5.855659</speed>
				<ele>8.071398</ele>
				<time>2026-09-05T02:36:48Z</time>
			</trkpt>
			<trkpt lat="35.319274" lon="139.447203">
				<speed>5.887249</speed>
				<ele>8.111506</ele>
				<time>2026-09-05T02:36:50Z</time>
			</trkpt>
			<trkpt lat="35.319295" lon="139.447076">
				<speed>5.914996</speed>
				<ele>8.237898</ele>
				<time>2026-09-05T02:36:52Z</time>
			</trkpt>
			<trkpt lat="35.319305" lon="139.447011">
				<speed>6.243281</speed>
				<ele>8.128398</ele>
				<time>2026-09-05T02:36:53Z</time>
			</trkpt>
			<trkpt lat="35.319315" lon="139.446945">
				<speed>6.239213</speed>
				<ele>8.283300</ele>
				<time>2026-09-05T02:36:54Z</time>
			</trkpt>
			<trkpt lat="35.319324" lon="139.446879">
				<speed>6.052877</speed>
				<ele>8.141593</ele>
				<time>2026-09-05T02:36:55Z</time>
			</trkpt>
			<trkpt lat="35.319333" lon="139.446812">
				<speed>6.203264</speed>
				<ele>8.082841</ele>
				<time>2026-09-05T02:36:56Z</time>
			</trkpt>
			<trkpt lat="35.319343" lon="139.446745">
				<speed>6.266163</speed>
				<ele>8.106680</ele>
				<time>2026-09-05T02:36:57Z</time>
			</trkpt>
			<trkpt lat="35.319353" lon="139.446678">
				<speed>6.142565</speed>
				<ele>8.076630</ele>
				<time>2026-09-05T02:36:58Z</time>
			</trkpt>
			<trkpt lat="35.319363" lon="139.446611">
				<speed>6.107401</speed>
				<ele>8.169615</ele>
				<time>2026-09-05T02:36:59Z</time>
			</trkpt>
			<trkpt lat="35.319373" lon="139.446544">
				<speed>6.193240</speed>
				<ele>8.130064</ele>
				<time>2026-09-05T02:37:00Z</time>
			</trkpt>
			<trkpt lat="35.319383" lon="139.446476">
				<speed>6.260386</speed>
				<ele>8.155754</ele>
				<time>2026-09-05T02:37:01Z</time>
			</trkpt>
			<trkpt lat="35.319393" lon="139.446408">
				<speed>6.358503</speed>
				<ele>8.107707</ele>
				<time>2026-09-05T02:37:02Z</time>
			</trkpt>
			<trkpt lat="35.319403" lon="139.446339">
				<speed>6.411375</speed>
				<ele>8.167414</ele>
				<time>2026-09-05T02:37:03Z</time>
			</trkpt>
			<trkpt lat="35.319414" lon="139.446270">
				<speed>6.348806</speed>
				<ele>8.163445</ele>
				<time>2026-09-05T02:37:04Z</time>
			</trkpt>
			<trkpt lat="35.319424" lon="139.446202">
				<speed>6.254039</speed>
				<ele>8.215953</ele>
				<time>2026-09-05T02:37:05Z</time>
			</trkpt>
			<trkpt lat="35.319435" lon="139.446133">
				<speed>6.352998</speed>
				<ele>8.226875</ele>
				<time>2026-09-05T02:37:06Z</time>
			</trkpt>
			<trkpt lat="35.319446" lon="139.446064">
				<speed>6.312358</speed>
				<ele>8.213332</ele>
				<time>2026-09-05T02:37:07Z</time>
			</trkpt>
			<trkpt lat="35.319457" lon="139.445994">
				<speed>6.356441</speed>
				<ele>8.138389</ele>
				<time>2026-09-05T02:37:08Z</time>
			</trkpt>
			<trkpt lat="35.319467" lon="139.445925">
				<speed>6.313407</speed>
				<ele>8.149945</ele>
				<time>2026-09-05T02:37:09Z</time>
			</trkpt>
			<trkpt lat="35.319478" lon="139.445856">
				<speed>6.448011</speed>
				<ele>8.173521</ele>
				<time>2026-09-05T02:37:10Z</time>
			</trkpt>
			<trkpt lat="35.319488" lon="139.445786">
				<speed>6.448012</speed>
				<ele>8.238177</ele>
				<time>2026-09-05T02:37:11Z</time>
			</trkpt>
			<trkpt lat="35.319499" lon="139.445717">
				<speed>6.361515</speed>
				<ele>8.101474</ele>
				<time>2026-09-05T02:37:12Z</time>
			</trkpt>
			<trkpt lat="35.319509" lon="139.445647">
				<speed>6.352762</speed>
				<ele>8.076960</ele>
				<time>2026-09-05T02:37:13Z</time>
			</trkpt>
			<trkpt lat="35.319520" lon="139.445578">
				<speed>6.363793</speed>
				<ele>8.008811</ele>
				<time>2026-09-05T02:37:14Z</time>
			</trkpt>
			<trkpt lat="35.319530" lon="139.445508">
				<speed>6.412354</speed>
				<ele>7.992160</ele>
				<time>2026-09-05T02:37:15Z</time>
			</trkpt>
			<trkpt lat="35.319539" lon="139.445439">
				<speed>6.437791</speed>
				<ele>7.874034</ele>
				<time>2026-09-05T02:37:16Z</time>
			</trkpt>
			<trkpt lat="35.319548" lon="139.445369">
				<speed>6.477337</speed>
				<ele>7.810217</ele>
				<time>2026-09-05T02:37:17Z</time>
			</trkpt>
			<trkpt lat="35.319557" lon="139.445299">
				<speed>6.429223</speed>
				<ele>7.846872</ele>
				<time>2026-09-05T02:37:18Z</time>
			</trkpt>
			<trkpt lat="35.319566" lon="139.445229">
				<speed>6.434105</speed>
				<ele>7.778497</ele>
				<time>2026-09-05T02:37:19Z</time>
			</trkpt>
			<trkpt lat="35.319575" lon="139.445160">
				<speed>6.436358</speed>
				<ele>7.816791</ele>
				<time>2026-09-05T02:37:20Z</time>
			</trkpt>
			<trkpt lat="35.319584" lon="139.445090">
				<speed>6.414158</speed>
				<ele>7.805770</ele>
				<time>2026-09-05T02:37:21Z</time>
			</trkpt>
			<trkpt lat="35.319592" lon="139.445020">
				<speed>6.457747</speed>
				<ele>7.834083</ele>
				<time>2026-09-05T02:37:22Z</time>
			</trkpt>
			<trkpt lat="35.319601" lon="139.444949">
				<speed>6.552304</speed>
				<ele>7.786788</ele>
				<time>2026-09-05T02:37:23Z</time>
			</trkpt>
			<trkpt lat="35.319610" lon="139.444878">
				<speed>6.600397</speed>
				<ele>7.638091</ele>
				<time>2026-09-05T02:37:24Z</time>
			</trkpt>
			<trkpt lat="35.319618" lon="139.444807">
				<speed>6.581233</speed>
				<ele>7.630471</ele>
				<time>2026-09-05T02:37:25Z</time>
			</trkpt>
			<trkpt lat="35.319626" lon="139.444735">
				<speed>6.694491</speed>
				<ele>7.590976</ele>
				<time>2026-09-05T02:37:26Z</time>
			</trkpt>
			<trkpt lat="35.319634" lon="139.444663">
				<speed>6.622071</speed>
				<ele>7.579729</ele>
				<time>2026-09-05T02:37:27Z</time>
			</trkpt>
			<trkpt lat="35.319643" lon="139.444591">
				<speed>6.654310</speed>
				<ele>7.635848</ele>
				<time>2026-09-05T02:37:28Z</time>
			</trkpt>
			<trkpt lat="35.319652" lon="139.444518">
				<speed>6.668606</speed>
				<ele>7.642674</ele>
				<time>2026-09-05T02:37:29Z</time>
			</trkpt>
			<trkpt lat="35.319661" lon="139.444446">
				<speed>6.570930</speed>
				<ele>7.681025</ele>
				<time>2026-09-05T02:37:30Z</time>
			</trkpt>
			<trkpt lat="35.319671" lon="139.444375">
				<speed>6.610007</speed>
				<ele>7.693904</ele>
				<time>2026-09-05T02:37:31Z</time>
			</trkpt>
			<trkpt lat="35.319680" lon="139.444303">
				<speed>6.461957</speed>
				<ele>7.706645</ele>
				<time>2026-09-05T02:37:32Z</time>
			</trkpt>
			<trkpt lat="35.319688" lon="139.444232">
				<speed>6.499177</speed>
				<ele>7.594627</ele>
				<time>2026-09-05T02:37:33Z</time>
			</trkpt>
			<trkpt lat="35.319696" lon="139.444160">
				<speed>6.514985</speed>
				<ele>7.626008</ele>
				<time>2026-09-05T02:37:34Z</time>
			</trkpt>
			<trkpt lat="35.319704" lon="139.444089">
				<speed>6.583498</speed>
				<ele>7.650750</ele>
				<time>2026-09-05T02:37:35Z</time>
			</trkpt>
			<trkpt lat="35.319711" lon="139.444017">
				<speed>6.501314</speed>
				<ele>7.697038</ele>
				<time>2026-09-05T02:37:36Z</time>
			</trkpt>
			<trkpt lat="35.319717" lon="139.443945">
				<speed>6.678808</speed>
				<ele>7.735056</ele>
				<time>2026-09-05T02:37:37Z</time>
			</trkpt>
			<trkpt lat="35.319723" lon="139.443873">
				<speed>6.591736</speed>
				<ele>7.690839</ele>
				<time>2026-09-05T02:37:38Z</time>
			</trkpt>
			<trkpt lat="35.319729" lon="139.443801">
				<speed>6.560489</speed>
				<ele>7.696719</ele>
				<time>2026-09-05T02:37:39Z</time>
			</trkpt>
			<trkpt lat="35.319735" lon="139.443729">
				<speed>6.500051</speed>
				<ele>7.738544</ele>
				<time>2026-09-05T02:37:40Z</time>
			</trkpt>
			<trkpt lat="35.319740" lon="139.443658">
				<speed>6.405330</speed>
				<ele>7.746116</ele>
				<time>2026-09-05T02:37:41Z</time>
			</trkpt>
			<trkpt lat="35.319746" lon="139.443587">
				<speed>6.425099</speed>
				<ele>7.732669</ele>
				<time>2026-09-05T02:37:42Z</time>
			</trkpt>
			<trkpt lat="35.319751" lon="139.443516">
				<speed>6.367466</speed>
				<ele>7.685441</ele>
				<time>2026-09-05T02:37:43Z</time>
			</trkpt>
			<trkpt lat="35.319757" lon="139.443446">
				<speed>6.360916</speed>
				<ele>7.739906</ele>
				<time>2026-09-05T02:37:44Z</time>
			</trkpt>
			<trkpt lat="35.319763" lon="139.443376">
				<speed>6.334492</speed>
				<ele>7.676882</ele>
				<time>2026-09-05T02:37:45Z</time>
			</trkpt>
			<trkpt lat="35.319769" lon="139.443307">
				<speed>6.216871</speed>
				<ele>7.789535</ele>
				<time>2026-09-05T02:37:46Z</time>
			</trkpt>
			<trkpt lat="35.319775" lon="139.443238">
				<speed>6.330964</speed>
				<ele>7.694633</ele>
				<time>2026-09-05T02:37:47Z</time>
			</trkpt>
			<trkpt lat="35.319780" lon="139.443170">
				<speed>6.205900</speed>
				<ele>7.862517</ele>
				<time>2026-09-05T02:37:48Z</time>
			</trkpt>
			<trkpt lat="35.319785" lon="139.443102">
				<speed>6.162164</speed>
				<ele>7.910914</ele>
				<time>2026-09-05T02:37:49Z</time>
			</trkpt>
			<trkpt lat="35.319790" lon="139.443034">
				<speed>6.261734</speed>
				<ele>7.713129</ele>
				<time>2026-09-05T02:37:50Z</time>
			</trkpt>
			<trkpt lat="35.319795" lon="139.442966">
				<speed>6.172395</speed>
				<ele>7.868782</ele>
				<time>2026-09-05T02:37:51Z</time>
			</trkpt>
			<trkpt lat="35.319801" lon="139.442899">
				<speed>6.089046</speed>
				<ele>7.783530</ele>
				<time>2026-09-05T02:37:52Z</time>
			</trkpt>
			<trkpt lat="35.319806" lon="139.442833">
				<speed>6.082235</speed>
				<ele>7.852808</ele>
				<time>2026-09-05T02:37:53Z</time>
			</trkpt>
			<trkpt lat="35.319811" lon="139.442767">
				<speed>6.035633</speed>
				<ele>7.805665</ele>
				<time>2026-09-05T02:37:54Z</time>
			</trkpt>
			<trkpt lat="35.319822" lon="139.442636">
				<speed>6.072303</speed>
				<ele>7.787023</ele>
				<time>2026-09-05T02:37:56Z</time>
			</trkpt>
			<trkpt lat="35.319826" lon="139.442570">
				<speed>6.112566</speed>
				<ele>7.823461</ele>
				<time>2026-09-05T02:37:57Z</time>
			</trkpt>
			<trkpt lat="35.319832" lon="139.442439">
				<speed>5.971567</speed>
				<ele>7.855457</ele>
				<time>2026-09-05T02:37:59Z</time>
			</trkpt>
			<trkpt lat="35.319836" lon="139.442308">
				<speed>6.000759</speed>
				<ele>7.605147</ele>
				<time>2026-09-05T02:38:01Z</time>
			</trkpt>
			<trkpt lat="35.319841" lon="139.442177">
				<speed>5.973389</speed>
				<ele>7.668157</ele>
				<time>2026-09-05T02:38:03Z</time>
			</trkpt>
			<trkpt lat="35.319847" lon="139.442046">
				<speed>6.016243</speed>
				<ele>7.810809</ele>
				<time>2026-09-05T02:38:05Z</time>
			</trkpt>
			<trkpt lat="35.319852" lon="139.441915">
				<speed>6.101400</speed>
				<ele>7.806562</ele>
				<time>2026-09-05T02:38:07Z</time>
			</trkpt>
			<trkpt lat="35.319857" lon="139.441783">
				<speed>6.119001</speed>
				<ele>7.732460</ele>
				<time>2026-09-05T02:38:09Z</time>
			</trkpt>
			<trkpt lat="35.319859" lon="139.441716">
				<speed>6.217822</speed>
				<ele>7.816637</ele>
				<time>2026-09-05T02:38:10Z</time>
			</trkpt>
			<trkpt lat="35.319862" lon="139.441649">
				<speed>6.057494</speed>
				<ele>7.757597</ele>
				<time>2026-09-05T02:38:11Z</time>
			</trkpt>
			<trkpt lat="35.319865" lon="139.441582">
				<speed>6.131479</speed>
				<ele>7.759718</ele>
				<time>2026-09-05T02:38:12Z</time>
			</trkpt>
			<trkpt lat="35.319868" lon="139.441515">
				<speed>6.156128</speed>
				<ele>7.818237</ele>
				<time>2026-09-05T02:38:13Z</time>
			</trkpt>
			<trkpt lat="35.319872" lon="139.441447">
				<speed>5.990904</speed>
				<ele>7.797954</ele>
				<time>2026-09-05T02:38:14Z</time>
			</trkpt>
			<trkpt lat="35.319877" lon="139.441321">
				<speed>5.072528</speed>
				<ele>7.882558</ele>
				<time>2026-09-05T02:38:16Z</time>
			</trkpt>
			<trkpt lat="35.319880" lon="139.441205">
				<speed>4.799486</speed>
				<ele>7.906577</ele>
				<time>2026-09-05T02:38:18Z</time>
			</trkpt>
			<trkpt lat="35.319885" lon="139.441093">
				<speed>5.397253</speed>
				<ele>7.756801</ele>
				<time>2026-09-05T02:38:20Z</time>
			</trkpt>
			<trkpt lat="35.319890" lon="139.440976">
				<speed>5.846891</speed>
				<ele>7.928612</ele>
				<time>2026-09-05T02:38:22Z</time>
			</trkpt>
			<trkpt lat="35.319892" lon="139.440852">
				<speed>6.163231</speed>
				<ele>7.599197</ele>
				<time>2026-09-05T02:38:24Z</time>
			</trkpt>
			<trkpt lat="35.319890" lon="139.440723">
				<speed>6.131170</speed>
				<ele>7.582444</ele>
				<time>2026-09-05T02:38:26Z</time>
			</trkpt>
			<trkpt lat="35.319889" lon="139.440657">
				<speed>6.113330</speed>
				<ele>7.581313</ele>
				<time>2026-09-05T02:38:27Z</time>
			</trkpt>
			<trkpt lat="35.319887" lon="139.440590">
				<speed>6.147162</speed>
				<ele>7.573742</ele>
				<time>2026-09-05T02:38:28Z</time>
			</trkpt>
			<trkpt lat="35.319885" lon="139.440523">
				<speed>5.995236</speed>
				<ele>7.577846</ele>
				<time>2026-09-05T02:38:29Z</time>
			</trkpt>
			<trkpt lat="35.319882" lon="139.440456">
				<speed>6.062491</speed>
				<ele>7.591035</ele>
				<time>2026-09-05T02:38:30Z</time>
			</trkpt>
			<trkpt lat="35.319880" lon="139.440389">
				<speed>5.985986</speed>
				<ele>7.599993</ele>
				<time>2026-09-05T02:38:31Z</time>
			</trkpt>
			<trkpt lat="35.319878" lon="139.440322">
				<speed>5.946518</speed>
				<ele>7.428368</ele>
				<time>2026-09-05T02:38:32Z</time>
			</trkpt>
			<trkpt lat="35.319877" lon="139.440256">
				<speed>5.871716</speed>
				<ele>7.597050</ele>
				<time>2026-09-05T02:38:33Z</time>
			</trkpt>
			<trkpt lat="35.319876" lon="139.440126">
				<speed>5.718318</speed>
				<ele>7.755520</ele>
				<time>2026-09-05T02:38:35Z</time>
			</trkpt>
			<trkpt lat="35.319875" lon="139.439998">
				<speed>5.742858</speed>
				<ele>7.799982</ele>
				<time>2026-09-05T02:38:37Z</time>
			</trkpt>
			<trkpt lat="35.319875" lon="139.439869">
				<speed>5.903576</speed>
				<ele>7.724259</ele>
				<time>2026-09-05T02:38:39Z</time>
			</trkpt>
			<trkpt lat="35.319875" lon="139.439740">
				<speed>5.943508</speed>
				<ele>7.705478</ele>
				<time>2026-09-05T02:38:41Z</time>
			</trkpt>
			<trkpt lat="35.319876" lon="139.439612">
				<speed>5.808751</speed>
				<ele>7.724999</ele>
				<time>2026-09-05T02:38:43Z</time>
			</trkpt>
			<trkpt lat="35.319877" lon="139.439483">
				<speed>5.954241</speed>
				<ele>7.578642</ele>
				<time>2026-09-05T02:38:45Z</time>
			</trkpt>
			<trkpt lat="35.319877" lon="139.439354">
				<speed>5.873691</speed>
				<ele>7.670152</ele>
				<time>2026-09-05T02:38:47Z</time>
			</trkpt>
			<trkpt lat="35.319876" lon="139.439227">
				<speed>5.785300</speed>
				<ele>7.503385</ele>
				<time>2026-09-05T02:38:49Z</time>
			</trkpt>
			<trkpt lat="35.319873" lon="139.439106">
				<speed>4.090333</speed>
				<ele>7.609338</ele>
				<time>2026-09-05T02:38:51Z</time>
			</trkpt>
			<trkpt lat="35.319870" lon="139.438990">
				<speed>1.478397</speed>
				<ele>7.727250</ele>
				<time>2026-09-05T02:38:54Z</time>
			</trkpt>
			<trkpt lat="35.319867" lon="139.438913">
				<speed>3.560016</speed>
				<ele>7.473204</ele>
				<time>2026-09-05T02:38:58Z</time>
			</trkpt>
			<trkpt lat="35.319863" lon="139.438812">
				<speed>4.451086</speed>
				<ele>7.274073</ele>
				<time>2026-09-05T02:39:01Z</time>
			</trkpt>
			<trkpt lat="35.319863" lon="139.438724">
				<speed>4.763425</speed>
				<ele>7.310938</ele>
				<time>2026-09-05T02:39:03Z</time>
			</trkpt>
			<trkpt lat="35.319865" lon="139.438624">
				<speed>5.090289</speed>
				<ele>7.221997</ele>
				<time>2026-09-05T02:39:05Z</time>
			</trkpt>
			<trkpt lat="35.319862" lon="139.438512">
				<speed>5.353292</speed>
				<ele>7.400046</ele>
				<time>2026-09-05T02:39:07Z</time>
			</trkpt>
			<trkpt lat="35.319854" lon="139.438391">
				<speed>5.692393</speed>
				<ele>7.343490</ele>
				<time>2026-09-05T02:39:09Z</time>
			</trkpt>
			<trkpt lat="35.319845" lon="139.438264">
				<speed>5.740973</speed>
				<ele>7.602240</ele>
				<time>2026-09-05T02:39:11Z</time>
			</trkpt>
			<trkpt lat="35.319841" lon="139.438198">
				<speed>5.848382</speed>
				<ele>7.461083</ele>
				<time>2026-09-05T02:39:12Z</time>
			</trkpt>
			<trkpt lat="35.319837" lon="139.438131">
				<speed>5.830019</speed>
				<ele>7.486945</ele>
				<time>2026-09-05T02:39:13Z</time>
			</trkpt>
			<trkpt lat="35.319833" lon="139.438064">
				<speed>5.791521</speed>
				<ele>7.570133</ele>
				<time>2026-09-05T02:39:14Z</time>
			</trkpt>
			<trkpt lat="35.319829" lon="139.437997">
				<speed>5.939441</speed>
				<ele>7.440800</ele>
				<time>2026-09-05T02:39:15Z</time>
			</trkpt>
			<trkpt lat="35.319824" lon="139.437930">
				<speed>5.745211</speed>
				<ele>7.492644</ele>
				<time>2026-09-05T02:39:16Z</time>
			</trkpt>
			<trkpt lat="35.319821" lon="139.437862">
				<speed>5.941787</speed>
				<ele>7.388867</ele>
				<time>2026-09-05T02:39:17Z</time>
			</trkpt>
			<trkpt lat="35.319817" lon="139.437796">
				<speed>5.784797</speed>
				<ele>7.513668</ele>
				<time>2026-09-05T02:39:18Z</time>
			</trkpt>
			<trkpt lat="35.319815" lon="139.437729">
				<speed>5.943429</speed>
				<ele>7.518974</ele>
				<time>2026-09-05T02:39:19Z</time>
			</trkpt>
			<trkpt lat="35.319813" lon="139.437662">
				<speed>5.844962</speed>
				<ele>7.564044</ele>
				<time>2026-09-05T02:39:20Z</time>
			</trkpt>
			<trkpt lat="35.319811" lon="139.437596">
				<speed>5.949409</speed>
				<ele>7.409869</ele>
				<time>2026-09-05T02:39:21Z</time>
			</trkpt>
			<trkpt lat="35.319809" lon="139.437529">
				<speed>6.007489</speed>
				<ele>7.423763</ele>
				<time>2026-09-05T02:39:22Z</time>
			</trkpt>
			<trkpt lat="35.319807" lon="139.437462">
				<speed>6.031140</speed>
				<ele>7.616160</ele>
				<time>2026-09-05T02:39:23Z</time>
			</trkpt>
			<trkpt lat="35.319804" lon="139.437395">
				<speed>6.000986</speed>
				<ele>7.614146</ele>
				<time>2026-09-05T02:39:24Z</time>
			</trkpt>
			<trkpt lat="35.319801" lon="139.437328">
				<speed>5.954201</speed>
				<ele>7.586794</ele>
				<time>2026-09-05T02:39:25Z</time>
			</trkpt>
			<trkpt lat="35.319799" lon="139.437261">
				<speed>6.133579</speed>
				<ele>7.414645</ele>
				<time>2026-09-05T02:39:26Z</time>
			</trkpt>
			<trkpt lat="35.319794" lon="139.437131">
				<speed>5.543777</speed>
				<ele>7.692471</ele>
				<time>2026-09-05T02:39:28Z</time>
			</trkpt>
			<trkpt lat="35.319787" lon="139.437008">
				<speed>5.485875</speed>
				<ele>7.763669</ele>
				<time>2026-09-05T02:39:30Z</time>
			</trkpt>
			<trkpt lat="35.319776" lon="139.436885">
				<speed>5.685654</speed>
				<ele>7.437107</ele>
				<time>2026-09-05T02:39:32Z</time>
			</trkpt>
			<trkpt lat="35.319761" lon="139.436763">
				<speed>5.716801</speed>
				<ele>7.461233</ele>
				<time>2026-09-05T02:39:34Z</time>
			</trkpt>
			<trkpt lat="35.319744" lon="139.436641">
				<speed>5.822585</speed>
				<ele>7.440627</ele>
				<time>2026-09-05T02:39:36Z</time>
			</trkpt>
			<trkpt lat="35.319732" lon="139.436517">
				<speed>5.880428</speed>
				<ele>7.514044</ele>
				<time>2026-09-05T02:39:38Z</time>
			</trkpt>
			<trkpt lat="35.319724" lon="139.436390">
				<speed>5.908145</speed>
				<ele>7.368284</ele>
				<time>2026-09-05T02:39:40Z</time>
			</trkpt>
			<trkpt lat="35.319718" lon="139.436264">
				<speed>5.645134</speed>
				<ele>7.430688</ele>
				<time>2026-09-05T02:39:42Z</time>
			</trkpt>
			<trkpt lat="35.319712" lon="139.436138">
				<speed>5.678197</speed>
				<ele>7.326100</ele>
				<time>2026-09-05T02:39:44Z</time>
			</trkpt>
			<trkpt lat="35.319703" lon="139.436012">
				<speed>5.782831</speed>
				<ele>7.179568</ele>
				<time>2026-09-05T02:39:46Z</time>
			</trkpt>
			<trkpt lat="35.319692" lon="139.435886">
				<speed>5.895655</speed>
				<ele>7.091588</ele>
				<time>2026-09-05T02:39:48Z</time>
			</trkpt>
			<trkpt lat="35.319681" lon="139.435757">
				<speed>5.968032</speed>
				<ele>7.254041</ele>
				<time>2026-09-05T02:39:50Z</time>
			</trkpt>
			<trkpt lat="35.319675" lon="139.435627">
				<speed>5.891736</speed>
				<ele>7.148362</ele>
				<time>2026-09-05T02:39:52Z</time>
			</trkpt>
			<trkpt lat="35.319682" lon="139.435495">
				<speed>6.383701</speed>
				<ele>6.508464</ele>
				<time>2026-09-05T02:39:54Z</time>
			</trkpt>
			<trkpt lat="35.319691" lon="139.435428">
				<speed>6.580984</speed>
				<ele>6.283153</ele>
				<time>2026-09-05T02:39:55Z</time>
			</trkpt>
			<trkpt lat="35.319705" lon="139.435360">
				<speed>6.778197</speed>
				<ele>6.220553</ele>
				<time>2026-09-05T02:39:56Z</time>
			</trkpt>
			<trkpt lat="35.319722" lon="139.435292">
				<speed>6.602930</speed>
				<ele>6.155006</ele>
				<time>2026-09-05T02:39:57Z</time>
			</trkpt>
			<trkpt lat="35.319740" lon="139.435222">
				<speed>6.694176</speed>
				<ele>6.013851</ele>
				<time>2026-09-05T02:39:58Z</time>
			</trkpt>
			<trkpt lat="35.319755" lon="139.435151">
				<speed>6.619184</speed>
				<ele>5.998991</ele>
				<time>2026-09-05T02:39:59Z</time>
			</trkpt>
			<trkpt lat="35.319763" lon="139.435079">
				<speed>6.708552</speed>
				<ele>6.130133</ele>
				<time>2026-09-05T02:40:00Z</time>
			</trkpt>
			<trkpt lat="35.319763" lon="139.435010">
				<speed>6.635833</speed>
				<ele>6.594089</ele>
				<time>2026-09-05T02:40:01Z</time>
			</trkpt>
			<trkpt lat="35.319755" lon="139.434943">
				<speed>6.370722</speed>
				<ele>6.816435</ele>
				<time>2026-09-05T02:40:02Z</time>
			</trkpt>
			<trkpt lat="35.319742" lon="139.434878">
				<speed>6.128362</speed>
				<ele>7.068608</ele>
				<time>2026-09-05T02:40:03Z</time>
			</trkpt>
			<trkpt lat="35.319706" lon="139.434758">
				<speed>5.127010</speed>
				<ele>7.230181</ele>
				<time>2026-09-05T02:40:05Z</time>
			</trkpt>
			<trkpt lat="35.319673" lon="139.434647">
				<speed>5.120445</speed>
				<ele>7.073274</ele>
				<time>2026-09-05T02:40:07Z</time>
			</trkpt>
			<trkpt lat="35.319644" lon="139.434535">
				<speed>5.758848</speed>
				<ele>7.279603</ele>
				<time>2026-09-05T02:40:09Z</time>
			</trkpt>
			<trkpt lat="35.319617" lon="139.434416">
				<speed>6.295037</speed>
				<ele>7.364119</ele>
				<time>2026-09-05T02:40:11Z</time>
			</trkpt>
			<trkpt lat="35.319594" lon="139.434286">
				<speed>6.416417</speed>
				<ele>7.307145</ele>
				<time>2026-09-05T02:40:13Z</time>
			</trkpt>
			<trkpt lat="35.319586" lon="139.434219">
				<speed>6.343104</speed>
				<ele>7.154860</ele>
				<time>2026-09-05T02:40:14Z</time>
			</trkpt>
			<trkpt lat="35.319579" lon="139.434151">
				<speed>6.225449</speed>
				<ele>7.151592</ele>
				<time>2026-09-05T02:40:15Z</time>
			</trkpt>
			<trkpt lat="35.319574" lon="139.434083">
				<speed>6.194322</speed>
				<ele>7.139279</ele>
				<time>2026-09-05T02:40:16Z</time>
			</trkpt>
			<trkpt lat="35.319569" lon="139.434014">
				<speed>6.297607</speed>
				<ele>7.209090</ele>
				<time>2026-09-05T02:40:17Z</time>
			</trkpt>
			<trkpt lat="35.319567" lon="139.433944">
				<speed>6.295389</speed>
				<ele>7.032967</ele>
				<time>2026-09-05T02:40:18Z</time>
			</trkpt>
			<trkpt lat="35.319567" lon="139.433875">
				<speed>6.145395</speed>
				<ele>7.131738</ele>
				<time>2026-09-05T02:40:19Z</time>
			</trkpt>
			<trkpt lat="35.319572" lon="139.433806">
				<speed>6.091799</speed>
				<ele>7.153975</ele>
				<time>2026-09-05T02:40:20Z</time>
			</trkpt>
			<trkpt lat="35.319582" lon="139.433739">
				<speed>6.217950</speed>
				<ele>7.145318</ele>
				<time>2026-09-05T02:40:21Z</time>
			</trkpt>
			<trkpt lat="35.319595" lon="139.433673">
				<speed>6.111785</speed>
				<ele>7.139474</ele>
				<time>2026-09-05T02:40:22Z</time>
			</trkpt>
			<trkpt lat="35.319611" lon="139.433609">
				<speed>5.895466</speed>
				<ele>7.385817</ele>
				<time>2026-09-05T02:40:23Z</time>
			</trkpt>
			<trkpt lat="35.319626" lon="139.433544">
				<speed>6.004432</speed>
				<ele>7.174205</ele>
				<time>2026-09-05T02:40:24Z</time>
			</trkpt>
			<trkpt lat="35.319639" lon="139.433479">
				<speed>5.870055</speed>
				<ele>7.302718</ele>
				<time>2026-09-05T02:40:25Z</time>
			</trkpt>
			<trkpt lat="35.319652" lon="139.433352">
				<speed>5.833446</speed>
				<ele>7.483510</ele>
				<time>2026-09-05T02:40:27Z</time>
			</trkpt>
			<trkpt lat="35.319653" lon="139.433226">
				<speed>5.992237</speed>
				<ele>7.462249</ele>
				<time>2026-09-05T02:40:29Z</time>
			</trkpt>
			<trkpt lat="35.319646" lon="139.433096">
				<speed>6.212936</speed>
				<ele>7.700201</ele>
				<time>2026-09-05T02:40:31Z</time>
			</trkpt>
			<trkpt lat="35.319639" lon="139.432964">
				<speed>6.167851</speed>
				<ele>7.725754</ele>
				<time>2026-09-05T02:40:33Z</time>
			</trkpt>
			<trkpt lat="35.319636" lon="139.432897">
				<speed>6.114244</speed>
				<ele>7.621782</ele>
				<time>2026-09-05T02:40:34Z</time>
			</trkpt>
			<trkpt lat="35.319633" lon="139.432830">
				<speed>6.135962</speed>
				<ele>7.577100</ele>
				<time>2026-09-05T02:40:35Z</time>
			</trkpt>
			<trkpt lat="35.319630" lon="139.432762">
				<speed>6.174583</speed>
				<ele>7.573577</ele>
				<time>2026-09-05T02:40:36Z</time>
			</trkpt>
			<trkpt lat="35.319626" lon="139.432695">
				<speed>6.147674</speed>
				<ele>7.401967</ele>
				<time>2026-09-05T02:40:37Z</time>
			</trkpt>
			<trkpt lat="35.319622" lon="139.432627">
				<speed>6.158722</speed>
				<ele>7.482288</ele>
				<time>2026-09-05T02:40:38Z</time>
			</trkpt>
			<trkpt lat="35.319618" lon="139.432559">
				<speed>6.166200</speed>
				<ele>7.429577</ele>
				<time>2026-09-05T02:40:39Z</time>
			</trkpt>
			<trkpt lat="35.319614" lon="139.432492">
				<speed>6.076292</speed>
				<ele>7.406568</ele>
				<time>2026-09-05T02:40:40Z</time>
			</trkpt>
			<trkpt lat="35.319610" lon="139.432424">
				<speed>6.134285</speed>
				<ele>7.325133</ele>
				<time>2026-09-05T02:40:41Z</time>
			</trkpt>
			<trkpt lat="35.319605" lon="139.432356">
				<speed>6.290663</speed>
				<ele>7.357120</ele>
				<time>2026-09-05T02:40:42Z</time>
			</trkpt>
			<trkpt lat="35.319601" lon="139.432287">
				<speed>6.347212</speed>
				<ele>7.262017</ele>
				<time>2026-09-05T02:40:43Z</time>
			</trkpt>
			<trkpt lat="35.319597" lon="139.432218">
				<speed>6.306454</speed>
				<ele>7.222338</ele>
				<time>2026-09-05T02:40:44Z</time>
			</trkpt>
			<trkpt lat="35.319593" lon="139.432148">
				<speed>6.433030</speed>
				<ele>7.267005</ele>
				<time>2026-09-05T02:40:45Z</time>
			</trkpt>
			<trkpt lat="35.319589" lon="139.432077">
				<speed>6.558135</speed>
				<ele>7.267392</ele>
				<time>2026-09-05T02:40:46Z</time>
			</trkpt>
			<trkpt lat="35.319584" lon="139.432006">
				<speed>6.392830</speed>
				<ele>7.172663</ele>
				<time>2026-09-05T02:40:47Z</time>
			</trkpt>
			<trkpt lat="35.319580" lon="139.431935">
				<speed>6.442314</speed>
				<ele>7.024385</ele>
				<time>2026-09-05T02:40:48Z</time>
			</trkpt>
			<trkpt lat="35.319576" lon="139.431864">
				<speed>6.329326</speed>
				<ele>7.167865</ele>
				<time>2026-09-05T02:40:49Z</time>
			</trkpt>
			<trkpt lat="35.319573" lon="139.431792">
				<speed>6.612080</speed>
				<ele>7.073090</ele>
				<time>2026-09-05T02:40:50Z</time>
			</trkpt>
			<trkpt lat="35.319569" lon="139.431720">
				<speed>6.555937</speed>
				<ele>7.062563</ele>
				<time>2026-09-05T02:40:51Z</time>
			</trkpt>
			<trkpt lat="35.319566" lon="139.431648">
				<speed>6.305160</speed>
				<ele>7.158621</ele>
				<time>2026-09-05T02:40:52Z</time>
			</trkpt>
			<trkpt lat="35.319562" lon="139.431576">
				<speed>6.443262</speed>
				<ele>7.140574</ele>
				<time>2026-09-05T02:40:53Z</time>
			</trkpt>
			<trkpt lat="35.319558" lon="139.431505">
				<speed>6.440889</speed>
				<ele>6.998908</ele>
				<time>2026-09-05T02:40:54Z</time>
			</trkpt>
			<trkpt lat="35.319554" lon="139.431433">
				<speed>6.467500</speed>
				<ele>6.979690</ele>
				<time>2026-09-05T02:40:55Z</time>
			</trkpt>
			<trkpt lat="35.319550" lon="139.431362">
				<speed>6.381010</speed>
				<ele>6.960165</ele>
				<time>2026-09-05T02:40:56Z</time>
			</trkpt>
			<trkpt lat="35.319546" lon="139.431292">
				<speed>6.397473</speed>
				<ele>7.025990</ele>
				<time>2026-09-05T02:40:57Z</time>
			</trkpt>
			<trkpt lat="35.319543" lon="139.431221">
				<speed>6.397213</speed>
				<ele>7.035106</ele>
				<time>2026-09-05T02:40:58Z</time>
			</trkpt>
			<trkpt lat="35.319541" lon="139.431151">
				<speed>6.345412</speed>
				<ele>6.981570</ele>
				<time>2026-09-05T02:40:59Z</time>
			</trkpt>
			<trkpt lat="35.319541" lon="139.431081">
				<speed>6.473033</speed>
				<ele>7.008358</ele>
				<time>2026-09-05T02:41:00Z</time>
			</trkpt>
			<trkpt lat="35.319543" lon="139.431011">
				<speed>6.444573</speed>
				<ele>7.065040</ele>
				<time>2026-09-05T02:41:01Z</time>
			</trkpt>
			<trkpt lat="35.319548" lon="139.430941">
				<speed>6.382059</speed>
				<ele>7.031705</ele>
				<time>2026-09-05T02:41:02Z</time>
			</trkpt>
			<trkpt lat="35.319555" lon="139.430871">
				<speed>6.425483</speed>
				<ele>6.921361</ele>
				<time>2026-09-05T02:41:03Z</time>
			</trkpt>
			<trkpt lat="35.319565" lon="139.430802">
				<speed>6.411657</speed>
				<ele>6.962249</ele>
				<time>2026-09-05T02:41:04Z</time>
			</trkpt>
			<trkpt lat="35.319575" lon="139.430733">
				<speed>6.305846</speed>
				<ele>7.028723</ele>
				<time>2026-09-05T02:41:05Z</time>
			</trkpt>
			<trkpt lat="35.319585" lon="139.430664">
				<speed>6.303829</speed>
				<ele>7.044960</ele>
				<time>2026-09-05T02:41:06Z</time>
			</trkpt>
			<trkpt lat="35.319595" lon="139.430595">
				<speed>6.315546</speed>
				<ele>7.132709</ele>
				<time>2026-09-05T02:41:07Z</time>
			</trkpt>
			<trkpt lat="35.319602" lon="139.430526">
				<speed>6.296706</speed>
				<ele>7.040372</ele>
				<time>2026-09-05T02:41:08Z</time>
			</trkpt>
			<trkpt lat="35.319607" lon="139.430458">
				<speed>6.203748</speed>
				<ele>7.170895</ele>
				<time>2026-09-05T02:41:09Z</time>
			</trkpt>
			<trkpt lat="35.319610" lon="139.430390">
				<speed>6.049125</speed>
				<ele>7.163432</ele>
				<time>2026-09-05T02:41:10Z</time>
			</trkpt>
			<trkpt lat="35.319612" lon="139.430322">
				<speed>6.143614</speed>
				<ele>7.346964</ele>
				<time>2026-09-05T02:41:11Z</time>
			</trkpt>
			<trkpt lat="35.319612" lon="139.430255">
				<speed>6.045493</speed>
				<ele>7.456635</ele>
				<time>2026-09-05T02:41:12Z</time>
			</trkpt>
			<trkpt lat="35.319611" lon="139.430189">
				<speed>5.993874</speed>
				<ele>7.475295</ele>
				<time>2026-09-05T02:41:13Z</time>
			</trkpt>
			<trkpt lat="35.319608" lon="139.430123">
				<speed>5.970962</speed>
				<ele>7.684066</ele>
				<time>2026-09-05T02:41:14Z</time>
			</trkpt>
			<trkpt lat="35.319601" lon="139.429993">
				<speed>5.851942</speed>
				<ele>7.663426</ele>
				<time>2026-09-05T02:41:16Z</time>
			</trkpt>
			<trkpt lat="35.319593" lon="139.429868">
				<speed>5.730151</speed>
				<ele>7.676126</ele>
				<time>2026-09-05T02:41:18Z</time>
			</trkpt>
			<trkpt lat="35.319584" lon="139.429744">
				<speed>5.739120</speed>
				<ele>7.800832</ele>
				<time>2026-09-05T02:41:20Z</time>
			</trkpt>
			<trkpt lat="35.319577" lon="139.429620">
				<speed>5.728975</speed>
				<ele>7.923330</ele>
				<time>2026-09-05T02:41:22Z</time>
			</trkpt>
			<trkpt lat="35.319572" lon="139.429496">
				<speed>5.659832</speed>
				<ele>7.799724</ele>
				<time>2026-09-05T02:41:24Z</time>
			</trkpt>
			<trkpt lat="35.319567" lon="139.429380">
				<speed>4.060559</speed>
				<ele>7.983195</ele>
				<time>2026-09-05T02:41:26Z</time>
			</trkpt>
			<trkpt lat="35.319564" lon="139.429287">
				<speed>3.155566</speed>
				<ele>8.016603</ele>
				<time>2026-09-05T02:41:28Z</time>
			</trkpt>
			<trkpt lat="35.319562" lon="139.429213">
				<speed>2.921734</speed>
				<ele>8.080278</ele>
				<time>2026-09-05T02:41:30Z</time>
			</trkpt>
			<trkpt lat="35.319556" lon="139.429153">
				<speed>2.944004</speed>
				<ele>8.161331</ele>
				<time>2026-09-05T02:41:32Z</time>
			</trkpt>
			<trkpt lat="35.319545" lon="139.429069">
				<speed>3.230691</speed>
				<ele>7.905027</ele>
				<time>2026-09-05T02:41:35Z</time>
			</trkpt>
			<trkpt lat="35.319515" lon="139.428974">
				<speed>4.691751</speed>
				<ele>7.368774</ele>
				<time>2026-09-05T02:41:38Z</time>
			</trkpt>
			<trkpt lat="35.319479" lon="139.428897">
				<speed>4.596232</speed>
				<ele>7.457191</ele>
				<time>2026-09-05T02:41:40Z</time>
			</trkpt>
			<trkpt lat="35.319440" lon="139.428810">
				<speed>4.912256</speed>
				<ele>7.293511</ele>
				<time>2026-09-05T02:41:42Z</time>
			</trkpt>
			<trkpt lat="35.319406" lon="139.428708">
				<speed>5.609368</speed>
				<ele>7.314087</ele>
				<time>2026-09-05T02:41:44Z</time>
			</trkpt>
			<trkpt lat="35.319380" lon="139.428592">
				<speed>5.637080</speed>
				<ele>7.343358</ele>
				<time>2026-09-05T02:41:46Z</time>
			</trkpt>
			<trkpt lat="35.319359" lon="139.428468">
				<speed>5.637665</speed>
				<ele>7.274669</ele>
				<time>2026-09-05T02:41:48Z</time>
			</trkpt>
			<trkpt lat="35.319342" lon="139.428339">
				<speed>5.798591</speed>
				<ele>7.365929</ele>
				<time>2026-09-05T02:41:50Z</time>
			</trkpt>
			<trkpt lat="35.319334" lon="139.428273">
				<speed>5.861980</speed>
				<ele>7.270938</ele>
				<time>2026-09-05T02:41:51Z</time>
			</trkpt>
			<trkpt lat="35.319327" lon="139.428206">
				<speed>5.870306</speed>
				<ele>7.356957</ele>
				<time>2026-09-05T02:41:52Z</time>
			</trkpt>
			<trkpt lat="35.319320" lon="139.428139">
				<speed>5.923591</speed>
				<ele>7.374894</ele>
				<time>2026-09-05T02:41:53Z</time>
			</trkpt>
			<trkpt lat="35.319315" lon="139.428071">
				<speed>5.898882</speed>
				<ele>7.420677</ele>
				<time>2026-09-05T02:41:54Z</time>
			</trkpt>
			<trkpt lat="35.319311" lon="139.428003">
				<speed>5.958974</speed>
				<ele>7.494214</ele>
				<time>2026-09-05T02:41:55Z</time>
			</trkpt>
			<trkpt lat="35.319307" lon="139.427935">
				<speed>5.911544</speed>
				<ele>7.488569</ele>
				<time>2026-09-05T02:41:56Z</time>
			</trkpt>
			<trkpt lat="35.319302" lon="139.427867">
				<speed>6.044209</speed>
				<ele>7.512393</ele>
				<time>2026-09-05T02:41:57Z</time>
			</trkpt>
			<trkpt lat="35.319297" lon="139.427800">
				<speed>5.873854</speed>
				<ele>7.555773</ele>
				<time>2026-09-05T02:41:58Z</time>
			</trkpt>
			<trkpt lat="35.319293" lon="139.427733">
				<speed>5.874043</speed>
				<ele>7.550183</ele>
				<time>2026-09-05T02:41:59Z</time>
			</trkpt>
			<trkpt lat="35.319288" lon="139.427667">
				<speed>5.884172</speed>
				<ele>7.456343</ele>
				<time>2026-09-05T02:42:00Z</time>
			</trkpt>
			<trkpt lat="35.319282" lon="139.427601">
				<speed>5.869205</speed>
				<ele>7.406790</ele>
				<time>2026-09-05T02:42:01Z</time>
			</trkpt>
			<trkpt lat="35.319267" lon="139.427471">
				<speed>5.993725</speed>
				<ele>7.549038</ele>
				<time>2026-09-05T02:42:03Z</time>
			</trkpt>
			<trkpt lat="35.319248" lon="139.427341">
				<speed>5.917971</speed>
				<ele>7.339254</ele>
				<time>2026-09-05T02:42:05Z</time>
			</trkpt>
			<trkpt lat="35.319227" lon="139.427212">
				<speed>6.037484</speed>
				<ele>7.385151</ele>
				<time>2026-09-05T02:42:07Z</time>
			</trkpt>
			<trkpt lat="35.319217" lon="139.427147">
				<speed>6.028333</speed>
				<ele>7.267146</ele>
				<time>2026-09-05T02:42:08Z</time>
			</trkpt>
			<trkpt lat="35.319206" lon="139.427082">
				<speed>6.030829</speed>
				<ele>7.410067</ele>
				<time>2026-09-05T02:42:09Z</time>
			</trkpt>
			<trkpt lat="35.319196" lon="139.427017">
				<speed>5.985431</speed>
				<ele>7.490658</ele>
				<time>2026-09-05T02:42:10Z</time>
			</trkpt>
			<trkpt lat="35.319186" lon="139.426952">
				<speed>6.068022</speed>
				<ele>7.358614</ele>
				<time>2026-09-05T02:42:11Z</time>
			</trkpt>
			<trkpt lat="35.319177" lon="139.426886">
				<speed>6.087024</speed>
				<ele>7.454533</ele>
				<time>2026-09-05T02:42:12Z</time>
			</trkpt>
			<trkpt lat="35.319168" lon="139.426820">
				<speed>6.068655</speed>
				<ele>7.488232</ele>
				<time>2026-09-05T02:42:13Z</time>
			</trkpt>
			<trkpt lat="35.319160" lon="139.426754">
				<speed>6.094108</speed>
				<ele>7.558569</ele>
				<time>2026-09-05T02:42:14Z</time>
			</trkpt>
			<trkpt lat="35.319156" lon="139.426688">
				<speed>6.105496</speed>
				<ele>7.525467</ele>
				<time>2026-09-05T02:42:15Z</time>
			</trkpt>
			<trkpt lat="35.319154" lon="139.426621">
				<speed>6.152979</speed>
				<ele>7.411295</ele>
				<time>2026-09-05T02:42:16Z</time>
			</trkpt>
			<trkpt lat="35.319156" lon="139.426554">
				<speed>6.216037</speed>
				<ele>7.525911</ele>
				<time>2026-09-05T02:42:17Z</time>
			</trkpt>
			<trkpt lat="35.319161" lon="139.426488">
				<speed>6.106505</speed>
				<ele>7.807431</ele>
				<time>2026-09-05T02:42:18Z</time>
			</trkpt>
			<trkpt lat="35.319167" lon="139.426420">
				<speed>6.147418</speed>
				<ele>7.975632</ele>
				<time>2026-09-05T02:42:19Z</time>
			</trkpt>
			<trkpt lat="35.319173" lon="139.426353">
				<speed>6.046498</speed>
				<ele>8.221426</ele>
				<time>2026-09-05T02:42:20Z</time>
			</trkpt>
			<trkpt lat="35.319178" lon="139.426285">
				<speed>6.105396</speed>
				<ele>8.383080</ele>
				<time>2026-09-05T02:42:21Z</time>
			</trkpt>
			<trkpt lat="35.319181" lon="139.426219">
				<speed>5.896430</speed>
				<ele>8.468909</ele>
				<time>2026-09-05T02:42:22Z</time>
			</trkpt>
			<trkpt lat="35.319182" lon="139.426153">
				<speed>5.905222</speed>
				<ele>8.378400</ele>
				<time>2026-09-05T02:42:23Z</time>
			</trkpt>
			<trkpt lat="35.319176" lon="139.426021">
				<speed>6.116285</speed>
				<ele>8.302303</ele>
				<time>2026-09-05T02:42:25Z</time>
			</trkpt>
			<trkpt lat="35.319169" lon="139.425955">
				<speed>6.307615</speed>
				<ele>8.169619</ele>
				<time>2026-09-05T02:42:26Z</time>
			</trkpt>
			<trkpt lat="35.319160" lon="139.425888">
				<speed>6.241264</speed>
				<ele>8.285010</ele>
				<time>2026-09-05T02:42:27Z</time>
			</trkpt>
			<trkpt lat="35.319150" lon="139.425820">
				<speed>6.492654</speed>
				<ele>8.291253</ele>
				<time>2026-09-05T02:42:28Z</time>
			</trkpt>
			<trkpt lat="35.319141" lon="139.425750">
				<speed>6.558500</speed>
				<ele>8.305700</ele>
				<time>2026-09-05T02:42:29Z</time>
			</trkpt>
			<trkpt lat="35.319131" lon="139.425681">
				<speed>6.471917</speed>
				<ele>8.303313</ele>
				<time>2026-09-05T02:42:30Z</time>
			</trkpt>
			<trkpt lat="35.319120" lon="139.425610">
				<speed>6.486759</speed>
				<ele>8.366341</ele>
				<time>2026-09-05T02:42:31Z</time>
			</trkpt>
			<trkpt lat="35.319110" lon="139.425540">
				<speed>6.485885</speed>
				<ele>8.440923</ele>
				<time>2026-09-05T02:42:32Z</time>
			</trkpt>
			<trkpt lat="35.319099" lon="139.425469">
				<speed>6.518119</speed>
				<ele>8.278820</ele>
				<time>2026-09-05T02:42:33Z</time>
			</trkpt>
			<trkpt lat="35.319088" lon="139.425397">
				<speed>6.555091</speed>
				<ele>8.441367</ele>
				<time>2026-09-05T02:42:34Z</time>
			</trkpt>
			<trkpt lat="35.319077" lon="139.425325">
				<speed>6.555830</speed>
				<ele>8.458064</ele>
				<time>2026-09-05T02:42:35Z</time>
			</trkpt>
			<trkpt lat="35.319067" lon="139.425252">
				<speed>6.767862</speed>
				<ele>8.543824</ele>
				<time>2026-09-05T02:42:36Z</time>
			</trkpt>
			<trkpt lat="35.319056" lon="139.425178">
				<speed>6.874859</speed>
				<ele>8.469057</ele>
				<time>2026-09-05T02:42:37Z</time>
			</trkpt>
			<trkpt lat="35.319045" lon="139.425105">
				<speed>6.818277</speed>
				<ele>8.584382</ele>
				<time>2026-09-05T02:42:38Z</time>
			</trkpt>
			<trkpt lat="35.319032" lon="139.425031">
				<speed>6.813038</speed>
				<ele>8.516028</ele>
				<time>2026-09-05T02:42:39Z</time>
			</trkpt>
			<trkpt lat="35.319020" lon="139.424957">
				<speed>6.823906</speed>
				<ele>8.422316</ele>
				<time>2026-09-05T02:42:40Z</time>
			</trkpt>
			<trkpt lat="35.319008" lon="139.424883">
				<speed>6.768114</speed>
				<ele>8.305967</ele>
				<time>2026-09-05T02:42:41Z</time>
			</trkpt>
			<trkpt lat="35.318997" lon="139.424809">
				<speed>6.494549</speed>
				<ele>8.361193</ele>
				<time>2026-09-05T02:42:42Z</time>
			</trkpt>
			<trkpt lat="35.318987" lon="139.424737">
				<speed>6.565099</speed>
				<ele>8.280942</ele>
				<time>2026-09-05T02:42:43Z</time>
			</trkpt>
			<trkpt lat="35.318977" lon="139.424665">
				<speed>6.348264</speed>
				<ele>8.197018</ele>
				<time>2026-09-05T02:42:44Z</time>
			</trkpt>
			<trkpt lat="35.318966" lon="139.424594">
				<speed>6.335076</speed>
				<ele>8.156498</ele>
				<time>2026-09-05T02:42:45Z</time>
			</trkpt>
			<trkpt lat="35.318956" lon="139.424526">
				<speed>5.742921</speed>
				<ele>8.084941</ele>
				<time>2026-09-05T02:42:46Z</time>
			</trkpt>
			<trkpt lat="35.318939" lon="139.424406">
				<speed>4.247870</speed>
				<ele>7.973546</ele>
				<time>2026-09-05T02:42:48Z</time>
			</trkpt>
			<trkpt lat="35.318925" lon="139.424304">
				<speed>4.591345</speed>
				<ele>7.875569</ele>
				<time>2026-09-05T02:42:50Z</time>
			</trkpt>
			<trkpt lat="35.318911" lon="139.424205">
				<speed>5.338997</speed>
				<ele>7.969395</ele>
				<time>2026-09-05T02:42:52Z</time>
			</trkpt>
			<trkpt lat="35.318895" lon="139.424099">
				<speed>5.728151</speed>
				<ele>7.766778</ele>
				<time>2026-09-05T02:42:54Z</time>
			</trkpt>
			<trkpt lat="35.318876" lon="139.423984">
				<speed>6.028358</speed>
				<ele>7.746182</ele>
				<time>2026-09-05T02:42:56Z</time>
			</trkpt>
			<trkpt lat="35.318854" lon="139.423862">
				<speed>6.245867</speed>
				<ele>7.670309</ele>
				<time>2026-09-05T02:42:58Z</time>
			</trkpt>
			<trkpt lat="35.318822" lon="139.423739">
				<speed>6.073556</speed>
				<ele>7.663535</ele>
				<time>2026-09-05T02:43:00Z</time>
			</trkpt>
			<trkpt lat="35.318768" lon="139.423628">
				<speed>6.122188</speed>
				<ele>7.732204</ele>
				<time>2026-09-05T02:43:02Z</time>
			</trkpt>
			<trkpt lat="35.318733" lon="139.423576">
				<speed>6.340947</speed>
				<ele>7.590868</ele>
				<time>2026-09-05T02:43:03Z</time>
			</trkpt>
			<trkpt lat="35.318695" lon="139.423526">
				<speed>6.259857</speed>
				<ele>7.675375</ele>
				<time>2026-09-05T02:43:04Z</time>
			</trkpt>
			<trkpt lat="35.318656" lon="139.423476">
				<speed>6.182653</speed>
				<ele>7.641379</ele>
				<time>2026-09-05T02:43:05Z</time>
			</trkpt>
			<trkpt lat="35.318619" lon="139.423423">
				<speed>6.149880</speed>
				<ele>7.596246</ele>
				<time>2026-09-05T02:43:06Z</time>
			</trkpt>
			<trkpt lat="35.318585" lon="139.423367">
				<speed>6.435512</speed>
				<ele>7.462972</ele>
				<time>2026-09-05T02:43:07Z</time>
			</trkpt>
			<trkpt lat="35.318555" lon="139.423307">
				<speed>6.735530</speed>
				<ele>6.955760</ele>
				<time>2026-09-05T02:43:08Z</time>
			</trkpt>
			<trkpt lat="35.318529" lon="139.423244">
				<speed>6.606063</speed>
				<ele>7.014219</ele>
				<time>2026-09-05T02:43:09Z</time>
			</trkpt>
			<trkpt lat="35.318506" lon="139.423179">
				<speed>6.644066</speed>
				<ele>7.101643</ele>
				<time>2026-09-05T02:43:10Z</time>
			</trkpt>
			<trkpt lat="35.318487" lon="139.423111">
				<speed>6.612598</speed>
				<ele>7.107887</ele>
				<time>2026-09-05T02:43:11Z</time>
			</trkpt>
			<trkpt lat="35.318471" lon="139.423041">
				<speed>6.680160</speed>
				<ele>7.170097</ele>
				<time>2026-09-05T02:43:12Z</time>
			</trkpt>
			<trkpt lat="35.318457" lon="139.422969">
				<speed>6.658614</speed>
				<ele>7.215718</ele>
				<time>2026-09-05T02:43:13Z</time>
			</trkpt>
			<trkpt lat="35.318443" lon="139.422897">
				<speed>6.570364</speed>
				<ele>7.299711</ele>
				<time>2026-09-05T02:43:14Z</time>
			</trkpt>
			<trkpt lat="35.318430" lon="139.422824">
				<speed>6.668767</speed>
				<ele>7.258384</ele>
				<time>2026-09-05T02:43:15Z</time>
			</trkpt>
			<trkpt lat="35.318418" lon="139.422750">
				<speed>6.752956</speed>
				<ele>7.179685</ele>
				<time>2026-09-05T02:43:16Z</time>
			</trkpt>
			<trkpt lat="35.318409" lon="139.422676">
				<speed>6.635630</speed>
				<ele>7.201984</ele>
				<time>2026-09-05T02:43:17Z</time>
			</trkpt>
			<trkpt lat="35.318405" lon="139.422603">
				<speed>6.316274</speed>
				<ele>7.133044</ele>
				<time>2026-09-05T02:43:18Z</time>
			</trkpt>
			<trkpt lat="35.318410" lon="139.422534">
				<speed>5.920315</speed>
				<ele>7.052393</ele>
				<time>2026-09-05T02:43:19Z</time>
			</trkpt>
			<trkpt lat="35.318449" lon="139.422420">
				<speed>5.854307</speed>
				<ele>7.143000</ele>
				<time>2026-09-05T02:43:21Z</time>
			</trkpt>
			<trkpt lat="35.318519" lon="139.422332">
				<speed>5.728297</speed>
				<ele>7.033003</ele>
				<time>2026-09-05T02:43:23Z</time>
			</trkpt>
			<trkpt lat="35.318612" lon="139.422260">
				<speed>5.830689</speed>
				<ele>6.987644</ele>
				<time>2026-09-05T02:43:25Z</time>
			</trkpt>
			<trkpt lat="35.318661" lon="139.422223">
				<speed>5.866137</speed>
				<ele>6.870315</ele>
				<time>2026-09-05T02:43:26Z</time>
			</trkpt>
			<trkpt lat="35.318708" lon="139.422184">
				<speed>5.933699</speed>
				<ele>6.833552</ele>
				<time>2026-09-05T02:43:27Z</time>
			</trkpt>
			<trkpt lat="35.318749" lon="139.422139">
				<speed>6.023895</speed>
				<ele>6.746109</ele>
				<time>2026-09-05T02:43:28Z</time>
			</trkpt>
			<trkpt lat="35.318798" lon="139.422037">
				<speed>6.199465</speed>
				<ele>6.993164</ele>
				<time>2026-09-05T02:43:30Z</time>
			</trkpt>
			<trkpt lat="35.318796" lon="139.421934">
				<speed>6.320768</speed>
				<ele>7.236179</ele>
				<time>2026-09-05T02:43:32Z</time>
			</trkpt>
			<trkpt lat="35.318743" lon="139.421858">
				<speed>6.102264</speed>
				<ele>7.472865</ele>
				<time>2026-09-05T02:43:34Z</time>
			</trkpt>
			<trkpt lat="35.318651" lon="139.421820">
				<speed>5.859545</speed>
				<ele>7.297635</ele>
				<time>2026-09-05T02:43:36Z</time>
			</trkpt>
			<trkpt lat="35.318593" lon="139.421811">
				<speed>5.684859</speed>
				<ele>7.174187</ele>
				<time>2026-09-05T02:43:37Z</time>
			</trkpt>
			<trkpt lat="35.318532" lon="139.421805">
				<speed>5.692505</speed>
				<ele>7.516747</ele>
				<time>2026-09-05T02:43:38Z</time>
			</trkpt>
			<trkpt lat="35.318469" lon="139.421798">
				<speed>5.409931</speed>
				<ele>7.627918</ele>
				<time>2026-09-05T02:43:39Z</time>
			</trkpt>
			<trkpt lat="35.318409" lon="139.421785">
				<speed>5.438015</speed>
				<ele>7.464620</ele>
				<time>2026-09-05T02:43:40Z</time>
			</trkpt>
			<trkpt lat="35.318356" lon="139.421763">
				<speed>5.576159</speed>
				<ele>7.403926</ele>
				<time>2026-09-05T02:43:41Z</time>
			</trkpt>
			<trkpt lat="35.318274" lon="139.421694">
				<speed>5.904618</speed>
				<ele>7.476442</ele>
				<time>2026-09-05T02:43:43Z</time>
			</trkpt>
			<trkpt lat="35.318217" lon="139.421596">
				<speed>5.939300</speed>
				<ele>7.574861</ele>
				<time>2026-09-05T02:43:45Z</time>
			</trkpt>
			<trkpt lat="35.318176" lon="139.421476">
				<speed>6.058296</speed>
				<ele>7.697607</ele>
				<time>2026-09-05T02:43:47Z</time>
			</trkpt>
			<trkpt lat="35.318160" lon="139.421410">
				<speed>6.157691</speed>
				<ele>7.601245</ele>
				<time>2026-09-05T02:43:48Z</time>
			</trkpt>
			<trkpt lat="35.318145" lon="139.421341">
				<speed>6.226243</speed>
				<ele>7.622160</ele>
				<time>2026-09-05T02:43:49Z</time>
			</trkpt>
			<trkpt lat="35.318131" lon="139.421271">
				<speed>6.206819</speed>
				<ele>7.537632</ele>
				<time>2026-09-05T02:43:50Z</time>
			</trkpt>
			<trkpt lat="35.318118" lon="139.421199">
				<speed>6.237260</speed>
				<ele>7.528280</ele>
				<time>2026-09-05T02:43:51Z</time>
			</trkpt>
			<trkpt lat="35.318106" lon="139.421126">
				<speed>6.332731</speed>
				<ele>7.449323</ele>
				<time>2026-09-05T02:43:52Z</time>
			</trkpt>
			<trkpt lat="35.318094" lon="139.421053">
				<speed>6.329309</speed>
				<ele>7.438447</ele>
				<time>2026-09-05T02:43:53Z</time>
			</trkpt>
			<trkpt lat="35.318081" lon="139.420980">
				<speed>6.387712</speed>
				<ele>7.451922</ele>
				<time>2026-09-05T02:43:54Z</time>
			</trkpt>
			<trkpt lat="35.318069" lon="139.420907">
				<speed>6.408671</speed>
				<ele>7.390314</ele>
				<time>2026-09-05T02:43:55Z</time>
			</trkpt>
			<trkpt lat="35.318056" lon="139.420835">
				<speed>6.323151</speed>
				<ele>7.290487</ele>
				<time>2026-09-05T02:43:56Z</time>
			</trkpt>
			<trkpt lat="35.318043" lon="139.420763">
				<speed>6.308529</speed>
				<ele>7.244509</ele>
				<time>2026-09-05T02:43:57Z</time>
			</trkpt>
			<trkpt lat="35.318029" lon="139.420692">
				<speed>6.349856</speed>
				<ele>7.264994</ele>
				<time>2026-09-05T02:43:58Z</time>
			</trkpt>
			<trkpt lat="35.318016" lon="139.420622">
				<speed>6.362437</speed>
				<ele>7.277335</ele>
				<time>2026-09-05T02:43:59Z</time>
			</trkpt>
			<trkpt lat="35.318002" lon="139.420551">
				<speed>6.381519</speed>
				<ele>7.282173</ele>
				<time>2026-09-05T02:44:00Z</time>
			</trkpt>
			<trkpt lat="35.317988" lon="139.420482">
				<speed>6.351750</speed>
				<ele>7.360552</ele>
				<time>2026-09-05T02:44:01Z</time>
			</trkpt>
			<trkpt lat="35.317973" lon="139.420413">
				<speed>6.360226</speed>
				<ele>7.408195</ele>
				<time>2026-09-05T02:44:02Z</time>
			</trkpt>
			<trkpt lat="35.317957" lon="139.420344">
				<speed>6.366637</speed>
				<ele>7.390274</ele>
				<time>2026-09-05T02:44:03Z</time>
			</trkpt>
			<trkpt lat="35.317942" lon="139.420276">
				<speed>6.368588</speed>
				<ele>7.324541</ele>
				<time>2026-09-05T02:44:04Z</time>
			</trkpt>
			<trkpt lat="35.317927" lon="139.420208">
				<speed>6.432863</speed>
				<ele>7.265803</ele>
				<time>2026-09-05T02:44:05Z</time>
			</trkpt>
			<trkpt lat="35.317911" lon="139.420140">
				<speed>6.425782</speed>
				<ele>7.278876</ele>
				<time>2026-09-05T02:44:06Z</time>
			</trkpt>
			<trkpt lat="35.317895" lon="139.420072">
				<speed>6.461012</speed>
				<ele>7.204852</ele>
				<time>2026-09-05T02:44:07Z</time>
			</trkpt>
			<trkpt lat="35.317880" lon="139.420005">
				<speed>6.385731</speed>
				<ele>7.164628</ele>
				<time>2026-09-05T02:44:08Z</time>
			</trkpt>
			<trkpt lat="35.317864" lon="139.419937">
				<speed>6.489521</speed>
				<ele>7.149099</ele>
				<time>2026-09-05T02:44:09Z</time>
			</trkpt>
			<trkpt lat="35.317848" lon="139.419869">
				<speed>6.339943</speed>
				<ele>7.201742</ele>
				<time>2026-09-05T02:44:10Z</time>
			</trkpt>
			<trkpt lat="35.317833" lon="139.419802">
				<speed>6.225011</speed>
				<ele>7.181860</ele>
				<time>2026-09-05T02:44:11Z</time>
			</trkpt>
			<trkpt lat="35.317819" lon="139.419736">
				<speed>6.187793</speed>
				<ele>7.173409</ele>
				<time>2026-09-05T02:44:12Z</time>
			</trkpt>
			<trkpt lat="35.317805" lon="139.419669">
				<speed>6.265137</speed>
				<ele>7.016278</ele>
				<time>2026-09-05T02:44:13Z</time>
			</trkpt>
			<trkpt lat="35.317791" lon="139.419603">
				<speed>6.224876</speed>
				<ele>7.016863</ele>
				<time>2026-09-05T02:44:14Z</time>
			</trkpt>
			<trkpt lat="35.317776" lon="139.419536">
				<speed>6.343576</speed>
				<ele>7.101474</ele>
				<time>2026-09-05T02:44:15Z</time>
			</trkpt>
			<trkpt lat="35.317762" lon="139.419470">
				<speed>6.306805</speed>
				<ele>7.138903</ele>
				<time>2026-09-05T02:44:16Z</time>
			</trkpt>
			<trkpt lat="35.317748" lon="139.419403">
				<speed>6.273191</speed>
				<ele>7.114413</ele>
				<time>2026-09-05T02:44:17Z</time>
			</trkpt>
			<trkpt lat="35.317733" lon="139.419337">
				<speed>6.193012</speed>
				<ele>7.147379</ele>
				<time>2026-09-05T02:44:18Z</time>
			</trkpt>
			<trkpt lat="35.317720" lon="139.419271">
				<speed>6.168292</speed>
				<ele>7.149413</ele>
				<time>2026-09-05T02:44:19Z</time>
			</trkpt>
			<trkpt lat="35.317706" lon="139.419205">
				<speed>6.301739</speed>
				<ele>7.050955</ele>
				<time>2026-09-05T02:44:20Z</time>
			</trkpt>
			<trkpt lat="35.317691" lon="139.419140">
				<speed>6.318333</speed>
				<ele>7.288821</ele>
				<time>2026-09-05T02:44:21Z</time>
			</trkpt>
			<trkpt lat="35.317675" lon="139.419074">
				<speed>6.402642</speed>
				<ele>7.198562</ele>
				<time>2026-09-05T02:44:22Z</time>
			</trkpt>
			<trkpt lat="35.317658" lon="139.419007">
				<speed>6.478258</speed>
				<ele>7.245420</ele>
				<time>2026-09-05T02:44:23Z</time>
			</trkpt>
			<trkpt lat="35.317642" lon="139.418939">
				<speed>6.614845</speed>
				<ele>7.202088</ele>
				<time>2026-09-05T02:44:24Z</time>
			</trkpt>
			<trkpt lat="35.317626" lon="139.418871">
				<speed>6.657864</speed>
				<ele>7.202048</ele>
				<time>2026-09-05T02:44:25Z</time>
			</trkpt>
			<trkpt lat="35.317611" lon="139.418801">
				<speed>6.671131</speed>
				<ele>7.283732</ele>
				<time>2026-09-05T02:44:26Z</time>
			</trkpt>
			<trkpt lat="35.317596" lon="139.418730">
				<speed>6.778138</speed>
				<ele>7.160710</ele>
				<time>2026-09-05T02:44:27Z</time>
			</trkpt>
			<trkpt lat="35.317583" lon="139.418658">
				<speed>6.700295</speed>
				<ele>7.236824</ele>
				<time>2026-09-05T02:44:28Z</time>
			</trkpt>
			<trkpt lat="35.317573" lon="139.418586">
				<speed>6.625732</speed>
				<ele>7.372367</ele>
				<time>2026-09-05T02:44:29Z</time>
			</trkpt>
			<trkpt lat="35.317565" lon="139.418514">
				<speed>6.504158</speed>
				<ele>7.351187</ele>
				<time>2026-09-05T02:44:30Z</time>
			</trkpt>
			<trkpt lat="35.317558" lon="139.418443">
				<speed>6.367915</speed>
				<ele>7.385675</ele>
				<time>2026-09-05T02:44:31Z</time>
			</trkpt>
			<trkpt lat="35.317553" lon="139.418371">
				<speed>6.511484</speed>
				<ele>7.502577</ele>
				<time>2026-09-05T02:44:32Z</time>
			</trkpt>
			<trkpt lat="35.317548" lon="139.418299">
				<speed>6.540809</speed>
				<ele>7.516373</ele>
				<time>2026-09-05T02:44:33Z</time>
			</trkpt>
			<trkpt lat="35.317544" lon="139.418227">
				<speed>6.301550</speed>
				<ele>7.505126</ele>
				<time>2026-09-05T02:44:34Z</time>
			</trkpt>
			<trkpt lat="35.317540" lon="139.418157">
				<speed>6.229365</speed>
				<ele>7.608848</ele>
				<time>2026-09-05T02:44:35Z</time>
			</trkpt>
			<trkpt lat="35.317535" lon="139.418088">
				<speed>5.916096</speed>
				<ele>7.637368</ele>
				<time>2026-09-05T02:44:36Z</time>
			</trkpt>
			<trkpt lat="35.317527" lon="139.417966">
				<speed>4.220917</speed>
				<ele>7.681892</ele>
				<time>2026-09-05T02:44:38Z</time>
			</trkpt>
			<trkpt lat="35.317524" lon="139.417864">
				<speed>3.890683</speed>
				<ele>7.724835</ele>
				<time>2026-09-05T02:44:40Z</time>
			</trkpt>
			<trkpt lat="35.317520" lon="139.417776">
				<speed>4.037335</speed>
				<ele>7.640391</ele>
				<time>2026-09-05T02:44:42Z</time>
			</trkpt>
			<trkpt lat="35.317518" lon="139.417690">
				<speed>4.625005</speed>
				<ele>7.498526</ele>
				<time>2026-09-05T02:44:44Z</time>
			</trkpt>
			<trkpt lat="35.317518" lon="139.417600">
				<speed>4.565557</speed>
				<ele>7.367229</ele>
				<time>2026-09-05T02:44:46Z</time>
			</trkpt>
			<trkpt lat="35.317519" lon="139.417510">
				<speed>4.319917</speed>
				<ele>7.431282</ele>
				<time>2026-09-05T02:44:48Z</time>
			</trkpt>
			<trkpt lat="35.317520" lon="139.417421">
				<speed>4.141578</speed>
				<ele>7.610849</ele>
				<time>2026-09-05T02:44:50Z</time>
			</trkpt>
			<trkpt lat="35.317518" lon="139.417333">
				<speed>3.938423</speed>
				<ele>7.680549</ele>
				<time>2026-09-05T02:44:52Z</time>
			</trkpt>
			<trkpt lat="35.317511" lon="139.417250">
				<speed>3.710682</speed>
				<ele>7.732571</ele>
				<time>2026-09-05T02:44:54Z</time>
			</trkpt>
			<trkpt lat="35.317502" lon="139.417170">
				<speed>3.461548</speed>
				<ele>7.937135</ele>
				<time>2026-09-05T02:44:56Z</time>
			</trkpt>
			<trkpt lat="35.317493" lon="139.417095">
				<speed>3.369823</speed>
				<ele>7.973753</ele>
				<time>2026-09-05T02:44:58Z</time>
			</trkpt>
			<trkpt lat="35.317488" lon="139.417024">
				<speed>2.980553</speed>
				<ele>8.078975</ele>
				<time>2026-09-05T02:45:00Z</time>
			</trkpt>
			<trkpt lat="35.317484" lon="139.416959">
				<speed>2.870867</speed>
				<ele>8.211359</ele>
				<time>2026-09-05T02:45:02Z</time>
			</trkpt>
			<trkpt lat="35.317478" lon="139.416897">
				<speed>2.812686</speed>
				<ele>8.319088</ele>
				<time>2026-09-05T02:45:04Z</time>
			</trkpt>
			<trkpt lat="35.317472" lon="139.416839">
				<speed>2.596992</speed>
				<ele>8.428103</ele>
				<time>2026-09-05T02:45:06Z</time>
			</trkpt>
			<trkpt lat="35.317468" lon="139.416784">
				<speed>2.494331</speed>
				<ele>8.353163</ele>
				<time>2026-09-05T02:45:08Z</time>
			</trkpt>
			<trkpt lat="35.317464" lon="139.416733">
				<speed>2.310923</speed>
				<ele>8.337312</ele>
				<time>2026-09-05T02:45:10Z</time>
			</trkpt>
			<trkpt lat="35.317460" lon="139.416685">
				<speed>2.179357</speed>
				<ele>8.403736</ele>
				<time>2026-09-05T02:45:12Z</time>
			</trkpt>
			<trkpt lat="35.317457" lon="139.416640">
				<speed>2.116259</speed>
				<ele>8.556201</ele>
				<time>2026-09-05T02:45:14Z</time>
			</trkpt>
			<trkpt lat="35.317455" lon="139.416593">
				<speed>2.457303</speed>
				<ele>8.187018</ele>
				<time>2026-09-05T02:45:16Z</time>
			</trkpt>
			<trkpt lat="35.317453" lon="139.416518">
				<speed>3.148431</speed>
				<ele>8.297170</ele>
				<time>2026-09-05T02:45:19Z</time>
			</trkpt>
			<trkpt lat="35.317450" lon="139.416414">
				<speed>4.030593</speed>
				<ele>7.830135</ele>
				<time>2026-09-05T02:45:22Z</time>
			</trkpt>
			<trkpt lat="35.317448" lon="139.416326">
				<speed>4.687010</speed>
				<ele>8.012969</ele>
				<time>2026-09-05T02:45:24Z</time>
			</trkpt>
			<trkpt lat="35.317444" lon="139.416222">
				<speed>5.214878</speed>
				<ele>7.815518</ele>
				<time>2026-09-05T02:45:26Z</time>
			</trkpt>
			<trkpt lat="35.317438" lon="139.416108">
				<speed>5.137497</speed>
				<ele>7.779241</ele>
				<time>2026-09-05T02:45:28Z</time>
			</trkpt>
			<trkpt lat="35.317433" lon="139.415990">
				<speed>5.136163</speed>
				<ele>7.703217</ele>
				<time>2026-09-05T02:45:30Z</time>
			</trkpt>
			<trkpt lat="35.317425" lon="139.415870">
				<speed>5.016286</speed>
				<ele>7.717473</ele>
				<time>2026-09-05T02:45:32Z</time>
			</trkpt>
			<trkpt lat="35.317419" lon="139.415752">
				<speed>4.809800</speed>
				<ele>7.669150</ele>
				<time>2026-09-05T02:45:34Z</time>
			</trkpt>
			<trkpt lat="35.317412" lon="139.415637">
				<speed>5.031131</speed>
				<ele>7.738828</ele>
				<time>2026-09-05T02:45:36Z</time>
			</trkpt>
			<trkpt lat="35.317409" lon="139.415524">
				<speed>5.074336</speed>
				<ele>7.826330</ele>
				<time>2026-09-05T02:45:38Z</time>
			</trkpt>
			<trkpt lat="35.317418" lon="139.415412">
				<speed>5.097575</speed>
				<ele>7.997676</ele>
				<time>2026-09-05T02:45:40Z</time>
			</trkpt>
			<trkpt lat="35.317441" lon="139.415303">
				<speed>5.331006</speed>
				<ele>7.872986</ele>
				<time>2026-09-05T02:45:42Z</time>
			</trkpt>
			<trkpt lat="35.317474" lon="139.415195">
				<speed>5.135897</speed>
				<ele>7.890868</ele>
				<time>2026-09-05T02:45:44Z</time>
			</trkpt>
			<trkpt lat="35.317507" lon="139.415086">
				<speed>5.297953</speed>
				<ele>7.893205</ele>
				<time>2026-09-05T02:45:46Z</time>
			</trkpt>
			<trkpt lat="35.317535" lon="139.414975">
				<speed>5.374979</speed>
				<ele>8.215217</ele>
				<time>2026-09-05T02:45:48Z</time>
			</trkpt>
			<trkpt lat="35.317559" lon="139.414861">
				<speed>5.316583</speed>
				<ele>8.307099</ele>
				<time>2026-09-05T02:45:50Z</time>
			</trkpt>
			<trkpt lat="35.317582" lon="139.414746">
				<speed>5.452000</speed>
				<ele>8.222073</ele>
				<time>2026-09-05T02:45:52Z</time>
			</trkpt>
			<trkpt lat="35.317602" lon="139.414630">
				<speed>5.390884</speed>
				<ele>8.123515</ele>
				<time>2026-09-05T02:45:54Z</time>
			</trkpt>
			<trkpt lat="35.317611" lon="139.414514">
				<speed>5.291363</speed>
				<ele>8.461158</ele>
				<time>2026-09-05T02:45:56Z</time>
			</trkpt>
			<trkpt lat="35.317611" lon="139.414396">
				<speed>5.416345</speed>
				<ele>8.294277</ele>
				<time>2026-09-05T02:45:58Z</time>
			</trkpt>
			<trkpt lat="35.317603" lon="139.414277">
				<speed>5.496997</speed>
				<ele>8.404453</ele>
				<time>2026-09-05T02:46:00Z</time>
			</trkpt>
			<trkpt lat="35.317589" lon="139.414157">
				<speed>5.437245</speed>
				<ele>8.282517</ele>
				<time>2026-09-05T02:46:02Z</time>
			</trkpt>
			<trkpt lat="35.317575" lon="139.414035">
				<speed>5.648506</speed>
				<ele>8.121944</ele>
				<time>2026-09-05T02:46:04Z</time>
			</trkpt>
			<trkpt lat="35.317565" lon="139.413912">
				<speed>5.710401</speed>
				<ele>8.309264</ele>
				<time>2026-09-05T02:46:06Z</time>
			</trkpt>
			<trkpt lat="35.317558" lon="139.413786">
				<speed>5.884637</speed>
				<ele>8.339081</ele>
				<time>2026-09-05T02:46:08Z</time>
			</trkpt>
			<trkpt lat="35.317558" lon="139.413656">
				<speed>5.969014</speed>
				<ele>8.321632</ele>
				<time>2026-09-05T02:46:10Z</time>
			</trkpt>
			<trkpt lat="35.317565" lon="139.413525">
				<speed>5.900548</speed>
				<ele>8.275909</ele>
				<time>2026-09-05T02:46:12Z</time>
			</trkpt>
			<trkpt lat="35.317570" lon="139.413459">
				<speed>5.972415</speed>
				<ele>8.343704</ele>
				<time>2026-09-05T02:46:13Z</time>
			</trkpt>
			<trkpt lat="35.317574" lon="139.413393">
				<speed>5.795295</speed>
				<ele>8.548765</ele>
				<time>2026-09-05T02:46:14Z</time>
			</trkpt>
			<trkpt lat="35.317585" lon="139.413263">
				<speed>5.423373</speed>
				<ele>8.871946</ele>
				<time>2026-09-05T02:46:16Z</time>
			</trkpt>
			<trkpt lat="35.317598" lon="139.413140">
				<speed>5.300028</speed>
				<ele>8.922318</ele>
				<time>2026-09-05T02:46:18Z</time>
			</trkpt>
			<trkpt lat="35.317624" lon="139.413025">
				<speed>5.279945</speed>
				<ele>8.733523</ele>
				<time>2026-09-05T02:46:20Z</time>
			</trkpt>
			<trkpt lat="35.317669" lon="139.412927">
				<speed>5.099792</speed>
				<ele>8.647723</ele>
				<time>2026-09-05T02:46:22Z</time>
			</trkpt>
			<trkpt lat="35.317717" lon="139.412833">
				<speed>4.887419</speed>
				<ele>8.598418</ele>
				<time>2026-09-05T02:46:24Z</time>
			</trkpt>
			<trkpt lat="35.317756" lon="139.412737">
				<speed>5.106223</speed>
				<ele>8.620221</ele>
				<time>2026-09-05T02:46:26Z</time>
			</trkpt>
			<trkpt lat="35.317785" lon="139.412636">
				<speed>5.259726</speed>
				<ele>8.426586</ele>
				<time>2026-09-05T02:46:28Z</time>
			</trkpt>
			<trkpt lat="35.317803" lon="139.412528">
				<speed>5.322384</speed>
				<ele>8.650735</ele>
				<time>2026-09-05T02:46:30Z</time>
			</trkpt>
			<trkpt lat="35.317810" lon="139.412414">
				<speed>5.503632</speed>
				<ele>8.789048</ele>
				<time>2026-09-05T02:46:32Z</time>
			</trkpt>
			<trkpt lat="35.317810" lon="139.412291">
				<speed>5.646857</speed>
				<ele>8.414936</ele>
				<time>2026-09-05T02:46:34Z</time>
			</trkpt>
			<trkpt lat="35.317810" lon="139.412164">
				<speed>5.787903</speed>
				<ele>8.205084</ele>
				<time>2026-09-05T02:46:36Z</time>
			</trkpt>
			<trkpt lat="35.317814" lon="139.412036">
				<speed>5.879269</speed>
				<ele>8.280648</ele>
				<time>2026-09-05T02:46:38Z</time>
			</trkpt>
			<trkpt lat="35.317821" lon="139.411906">
				<speed>5.820639</speed>
				<ele>8.685478</ele>
				<time>2026-09-05T02:46:40Z</time>
			</trkpt>
			<trkpt lat="35.317831" lon="139.411776">
				<speed>5.823276</speed>
				<ele>8.781711</ele>
				<time>2026-09-05T02:46:42Z</time>
			</trkpt>
			<trkpt lat="35.317845" lon="139.411646">
				<speed>5.836406</speed>
				<ele>8.717122</ele>
				<time>2026-09-05T02:46:44Z</time>
			</trkpt>
			<trkpt lat="35.317862" lon="139.411517">
				<speed>5.983567</speed>
				<ele>8.602976</ele>
				<time>2026-09-05T02:46:46Z</time>
			</trkpt>
			<trkpt lat="35.317871" lon="139.411452">
				<speed>5.992538</speed>
				<ele>8.536390</ele>
				<time>2026-09-05T02:46:47Z</time>
			</trkpt>
			<trkpt lat="35.317885" lon="139.411321">
				<speed>6.048383</speed>
				<ele>8.924204</ele>
				<time>2026-09-05T02:46:49Z</time>
			</trkpt>
			<trkpt lat="35.317898" lon="139.411190">
				<speed>6.016942</speed>
				<ele>8.550692</ele>
				<time>2026-09-05T02:46:51Z</time>
			</trkpt>
			<trkpt lat="35.317911" lon="139.411059">
				<speed>6.167120</speed>
				<ele>8.650104</ele>
				<time>2026-09-05T02:46:53Z</time>
			</trkpt>
			<trkpt lat="35.317918" lon="139.410993">
				<speed>6.082679</speed>
				<ele>8.631653</ele>
				<time>2026-09-05T02:46:54Z</time>
			</trkpt>
			<trkpt lat="35.317924" lon="139.410927">
				<speed>5.975411</speed>
				<ele>8.545710</ele>
				<time>2026-09-05T02:46:55Z</time>
			</trkpt>
			<trkpt lat="35.317937" lon="139.410797">
				<speed>5.819588</speed>
				<ele>8.350811</ele>
				<time>2026-09-05T02:46:57Z</time>
			</trkpt>
			<trkpt lat="35.317950" lon="139.410668">
				<speed>5.770272</speed>
				<ele>8.644228</ele>
				<time>2026-09-05T02:46:59Z</time>
			</trkpt>
			<trkpt lat="35.317964" lon="139.410540">
				<speed>5.965591</speed>
				<ele>8.681088</ele>
				<time>2026-09-05T02:47:01Z</time>
			</trkpt>
			<trkpt lat="35.317977" lon="139.410414">
				<speed>5.771281</speed>
				<ele>8.552916</ele>
				<time>2026-09-05T02:47:03Z</time>
			</trkpt>
			<trkpt lat="35.317991" lon="139.410288">
				<speed>5.823581</speed>
				<ele>8.360451</ele>
				<time>2026-09-05T02:47:05Z</time>
			</trkpt>
			<trkpt lat="35.318007" lon="139.410163">
				<speed>5.709937</speed>
				<ele>8.312819</ele>
				<time>2026-09-05T02:47:07Z</time>
			</trkpt>
			<trkpt lat="35.318024" lon="139.410038">
				<speed>5.756149</speed>
				<ele>8.373660</ele>
				<time>2026-09-05T02:47:09Z</time>
			</trkpt>
			<trkpt lat="35.318039" lon="139.409908">
				<speed>7.095590</speed>
				<ele>8.167758</ele>
				<time>2026-09-05T02:47:11Z</time>
			</trkpt>
			<trkpt lat="35.318045" lon="139.409842">
				<speed>5.881999</speed>
				<ele>7.958806</ele>
				<time>2026-09-05T02:47:12Z</time>
			</trkpt>
			<trkpt lat="35.318057" lon="139.409711">
				<speed>5.959943</speed>
				<ele>7.895529</ele>
				<time>2026-09-05T02:47:14Z</time>
			</trkpt>
			<trkpt lat="35.318069" lon="139.409581">
				<speed>6.023408</speed>
				<ele>7.906461</ele>
				<time>2026-09-05T02:47:16Z</time>
			</trkpt>
			<trkpt lat="35.318082" lon="139.409452">
				<speed>5.896345</speed>
				<ele>7.845436</ele>
				<time>2026-09-05T02:47:18Z</time>
			</trkpt>
			<trkpt lat="35.318096" lon="139.409325">
				<speed>5.730850</speed>
				<ele>7.885341</ele>
				<time>2026-09-05T02:47:20Z</time>
			</trkpt>
			<trkpt lat="35.318111" lon="139.409199">
				<speed>5.755674</speed>
				<ele>8.056389</ele>
				<time>2026-09-05T02:47:22Z</time>
			</trkpt>
			<trkpt lat="35.318125" lon="139.409075">
				<speed>5.705474</speed>
				<ele>8.089191</ele>
				<time>2026-09-05T02:47:24Z</time>
			</trkpt>
			<trkpt lat="35.318137" lon="139.408950">
				<speed>5.802061</speed>
				<ele>8.084573</ele>
				<time>2026-09-05T02:47:26Z</time>
			</trkpt>
			<trkpt lat="35.318148" lon="139.408826">
				<speed>5.702611</speed>
				<ele>8.265887</ele>
				<time>2026-09-05T02:47:28Z</time>
			</trkpt>
			<trkpt lat="35.318160" lon="139.408703">
				<speed>5.591020</speed>
				<ele>8.501428</ele>
				<time>2026-09-05T02:47:30Z</time>
			</trkpt>
			<trkpt lat="35.318172" lon="139.408580">
				<speed>5.590800</speed>
				<ele>8.499992</ele>
				<time>2026-09-05T02:47:32Z</time>
			</trkpt>
			<trkpt lat="35.318183" lon="139.408459">
				<speed>5.515347</speed>
				<ele>8.690654</ele>
				<time>2026-09-05T02:47:34Z</time>
			</trkpt>
			<trkpt lat="35.318195" lon="139.408339">
				<speed>5.460394</speed>
				<ele>8.649642</ele>
				<time>2026-09-05T02:47:36Z</time>
			</trkpt>
			<trkpt lat="35.318208" lon="139.408223">
				<speed>4.988684</speed>
				<ele>8.872913</ele>
				<time>2026-09-05T02:47:38Z</time>
			</trkpt>
			<trkpt lat="35.318222" lon="139.408113">
				<speed>4.755447</speed>
				<ele>9.126562</ele>
				<time>2026-09-05T02:47:40Z</time>
			</trkpt>
			<trkpt lat="35.318236" lon="139.408006">
				<speed>5.107030</speed>
				<ele>8.962398</ele>
				<time>2026-09-05T02:47:42Z</time>
			</trkpt>
			<trkpt lat="35.318249" lon="139.407894">
				<speed>5.667304</speed>
				<ele>9.083633</ele>
				<time>2026-09-05T02:47:44Z</time>
			</trkpt>
			<trkpt lat="35.318262" lon="139.407775">
				<speed>5.936776</speed>
				<ele>9.125060</ele>
				<time>2026-09-05T02:47:46Z</time>
			</trkpt>
			<trkpt lat="35.318274" lon="139.407650">
				<speed>5.830333</speed>
				<ele>9.297648</ele>
				<time>2026-09-05T02:47:48Z</time>
			</trkpt>
			<trkpt lat="35.318285" lon="139.407522">
				<speed>5.818300</speed>
				<ele>8.919862</ele>
				<time>2026-09-05T02:47:50Z</time>
			</trkpt>
			<trkpt lat="35.318296" lon="139.407393">
				<speed>5.844118</speed>
				<ele>8.909331</ele>
				<time>2026-09-05T02:47:52Z</time>
			</trkpt>
			<trkpt lat="35.318306" lon="139.407264">
				<speed>5.846181</speed>
				<ele>8.873868</ele>
				<time>2026-09-05T02:47:54Z</time>
			</trkpt>
			<trkpt lat="35.318315" lon="139.407133">
				<speed>5.921636</speed>
				<ele>8.780198</ele>
				<time>2026-09-05T02:47:56Z</time>
			</trkpt>
			<trkpt lat="35.318318" lon="139.407067">
				<speed>6.079209</speed>
				<ele>8.727104</ele>
				<time>2026-09-05T02:47:57Z</time>
			</trkpt>
			<trkpt lat="35.318321" lon="139.407000">
				<speed>6.109153</speed>
				<ele>8.392162</ele>
				<time>2026-09-05T02:47:58Z</time>
			</trkpt>
			<trkpt lat="35.318323" lon="139.406933">
				<speed>6.078674</speed>
				<ele>8.385753</ele>
				<time>2026-09-05T02:47:59Z</time>
			</trkpt>
			<trkpt lat="35.318325" lon="139.406866">
				<speed>6.132672</speed>
				<ele>8.465424</ele>
				<time>2026-09-05T02:48:00Z</time>
			</trkpt>
			<trkpt lat="35.318326" lon="139.406799">
				<speed>6.143872</speed>
				<ele>8.296891</ele>
				<time>2026-09-05T02:48:01Z</time>
			</trkpt>
			<trkpt lat="35.318327" lon="139.406732">
				<speed>6.164331</speed>
				<ele>8.292332</ele>
				<time>2026-09-05T02:48:02Z</time>
			</trkpt>
			<trkpt lat="35.318328" lon="139.406664">
				<speed>6.041776</speed>
				<ele>8.347018</ele>
				<time>2026-09-05T02:48:03Z</time>
			</trkpt>
			<trkpt lat="35.318329" lon="139.406597">
				<speed>6.057158</speed>
				<ele>8.400241</ele>
				<time>2026-09-05T02:48:04Z</time>
			</trkpt>
			<trkpt lat="35.318330" lon="139.406530">
				<speed>6.149048</speed>
				<ele>8.287186</ele>
				<time>2026-09-05T02:48:05Z</time>
			</trkpt>
			<trkpt lat="35.318331" lon="139.406462">
				<speed>6.115281</speed>
				<ele>8.435700</ele>
				<time>2026-09-05T02:48:06Z</time>
			</trkpt>
			<trkpt lat="35.318332" lon="139.406394">
				<speed>6.310664</speed>
				<ele>8.363870</ele>
				<time>2026-09-05T02:48:07Z</time>
			</trkpt>
			<trkpt lat="35.318333" lon="139.406326">
				<speed>6.170946</speed>
				<ele>8.369139</ele>
				<time>2026-09-05T02:48:08Z</time>
			</trkpt>
			<trkpt lat="35.318335" lon="139.406258">
				<speed>6.094226</speed>
				<ele>8.444727</ele>
				<time>2026-09-05T02:48:09Z</time>
			</trkpt>
			<trkpt lat="35.318336" lon="139.406191">
				<speed>5.968428</speed>
				<ele>8.411259</ele>
				<time>2026-09-05T02:48:10Z</time>
			</trkpt>
			<trkpt lat="35.318337" lon="139.406123">
				<speed>6.039717</speed>
				<ele>8.347936</ele>
				<time>2026-09-05T02:48:11Z</time>
			</trkpt>
			<trkpt lat="35.318339" lon="139.406057">
				<speed>5.941323</speed>
				<ele>8.477811</ele>
				<time>2026-09-05T02:48:12Z</time>
			</trkpt>
			<trkpt lat="35.318340" lon="139.405990">
				<speed>5.962777</speed>
				<ele>8.438759</ele>
				<time>2026-09-05T02:48:13Z</time>
			</trkpt>
			<trkpt lat="35.318340" lon="139.405924">
				<speed>5.918667</speed>
				<ele>8.339688</ele>
				<time>2026-09-05T02:48:14Z</time>
			</trkpt>
			<trkpt lat="35.318341" lon="139.405792">
				<speed>6.054610</speed>
				<ele>8.464110</ele>
				<time>2026-09-05T02:48:16Z</time>
			</trkpt>
			<trkpt lat="35.318343" lon="139.405661">
				<speed>6.094021</speed>
				<ele>8.386978</ele>
				<time>2026-09-05T02:48:18Z</time>
			</trkpt>
			<trkpt lat="35.318344" lon="139.405594">
				<speed>6.224525</speed>
				<ele>8.278259</ele>
				<time>2026-09-05T02:48:19Z</time>
			</trkpt>
			<trkpt lat="35.318346" lon="139.405527">
				<speed>6.271520</speed>
				<ele>8.396352</ele>
				<time>2026-09-05T02:48:20Z</time>
			</trkpt>
			<trkpt lat="35.318347" lon="139.405460">
				<speed>5.908070</speed>
				<ele>8.399797</ele>
				<time>2026-09-05T02:48:21Z</time>
			</trkpt>
			<trkpt lat="35.318348" lon="139.405393">
				<speed>5.974714</speed>
				<ele>8.637626</ele>
				<time>2026-09-05T02:48:22Z</time>
			</trkpt>
			<trkpt lat="35.318349" lon="139.405327">
				<speed>5.958219</speed>
				<ele>8.463603</ele>
				<time>2026-09-05T02:48:23Z</time>
			</trkpt>
			<trkpt lat="35.318351" lon="139.405260">
				<speed>6.074820</speed>
				<ele>8.550334</ele>
				<time>2026-09-05T02:48:24Z</time>
			</trkpt>
			<trkpt lat="35.318354" lon="139.405129">
				<speed>6.036677</speed>
				<ele>8.245667</ele>
				<time>2026-09-05T02:48:26Z</time>
			</trkpt>
			<trkpt lat="35.318359" lon="139.405000">
				<speed>5.963938</speed>
				<ele>8.431402</ele>
				<time>2026-09-05T02:48:28Z</time>
			</trkpt>
			<trkpt lat="35.318364" lon="139.404873">
				<speed>5.785732</speed>
				<ele>8.225892</ele>
				<time>2026-09-05T02:48:30Z</time>
			</trkpt>
			<trkpt lat="35.318368" lon="139.404747">
				<speed>5.809723</speed>
				<ele>8.422107</ele>
				<time>2026-09-05T02:48:32Z</time>
			</trkpt>
			<trkpt lat="35.318370" lon="139.404620">
				<speed>6.041753</speed>
				<ele>8.261121</ele>
				<time>2026-09-05T02:48:34Z</time>
			</trkpt>
			<trkpt lat="35.318370" lon="139.404491">
				<speed>6.072298</speed>
				<ele>8.398744</ele>
				<time>2026-09-05T02:48:36Z</time>
			</trkpt>
			<trkpt lat="35.318370" lon="139.404363">
				<speed>5.614790</speed>
				<ele>8.504511</ele>
				<time>2026-09-05T02:48:38Z</time>
			</trkpt>
			<trkpt lat="35.318373" lon="139.404238">
				<speed>5.625270</speed>
				<ele>8.518768</ele>
				<time>2026-09-05T02:48:40Z</time>
			</trkpt>
			<trkpt lat="35.318376" lon="139.404113">
				<speed>5.668578</speed>
				<ele>8.614664</ele>
				<time>2026-09-05T02:48:42Z</time>
			</trkpt>
			<trkpt lat="35.318378" lon="139.403988">
				<speed>5.831358</speed>
				<ele>8.440113</ele>
				<time>2026-09-05T02:48:44Z</time>
			</trkpt>
			<trkpt lat="35.318380" lon="139.403862">
				<speed>5.846449</speed>
				<ele>8.524406</ele>
				<time>2026-09-05T02:48:46Z</time>
			</trkpt>
			<trkpt lat="35.318383" lon="139.403737">
				<speed>5.471281</speed>
				<ele>8.721530</ele>
				<time>2026-09-05T02:48:48Z</time>
			</trkpt>
			<trkpt lat="35.318387" lon="139.403613">
				<speed>5.532593</speed>
				<ele>8.586530</ele>
				<time>2026-09-05T02:48:50Z</time>
			</trkpt>
			<trkpt lat="35.318386" lon="139.403492">
				<speed>5.429913</speed>
				<ele>8.939558</ele>
				<time>2026-09-05T02:48:52Z</time>
			</trkpt>
			<trkpt lat="35.318381" lon="139.403369">
				<speed>5.802865</speed>
				<ele>8.909036</ele>
				<time>2026-09-05T02:48:54Z</time>
			</trkpt>
			<trkpt lat="35.318375" lon="139.403243">
				<speed>5.768826</speed>
				<ele>8.922813</ele>
				<time>2026-09-05T02:48:56Z</time>
			</trkpt>
			<trkpt lat="35.318370" lon="139.403117">
				<speed>5.651275</speed>
				<ele>9.141736</ele>
				<time>2026-09-05T02:48:58Z</time>
			</trkpt>
			<trkpt lat="35.318364" lon="139.402989">
				<speed>5.798880</speed>
				<ele>8.981322</ele>
				<time>2026-09-05T02:49:00Z</time>
			</trkpt>
			<trkpt lat="35.318358" lon="139.402860">
				<speed>5.920732</speed>
				<ele>9.026252</ele>
				<time>2026-09-05T02:49:02Z</time>
			</trkpt>
			<trkpt lat="35.318350" lon="139.402733">
				<speed>5.507653</speed>
				<ele>8.995804</ele>
				<time>2026-09-05T02:49:04Z</time>
			</trkpt>
			<trkpt lat="35.318342" lon="139.402607">
				<speed>5.716247</speed>
				<ele>8.869304</ele>
				<time>2026-09-05T02:49:06Z</time>
			</trkpt>
			<trkpt lat="35.318334" lon="139.402481">
				<speed>5.709106</speed>
				<ele>8.982872</ele>
				<time>2026-09-05T02:49:08Z</time>
			</trkpt>
			<trkpt lat="35.318325" lon="139.402359">
				<speed>5.520687</speed>
				<ele>9.163529</ele>
				<time>2026-09-05T02:49:10Z</time>
			</trkpt>
			<trkpt lat="35.318317" lon="139.402235">
				<speed>5.610678</speed>
				<ele>9.094340</ele>
				<time>2026-09-05T02:49:12Z</time>
			</trkpt>
			<trkpt lat="35.318311" lon="139.402112">
				<speed>5.577086</speed>
				<ele>8.567879</ele>
				<time>2026-09-05T02:49:14Z</time>
			</trkpt>
			<trkpt lat="35.318305" lon="139.401986">
				<speed>6.052372</speed>
				<ele>8.013937</ele>
				<time>2026-09-05T02:49:16Z</time>
			</trkpt>
			<trkpt lat="35.318292" lon="139.401857">
				<speed>6.181863</speed>
				<ele>7.635679</ele>
				<time>2026-09-05T02:49:18Z</time>
			</trkpt>
			<trkpt lat="35.318253" lon="139.401740">
				<speed>6.284465</speed>
				<ele>7.460003</ele>
				<time>2026-09-05T02:49:20Z</time>
			</trkpt>
			<trkpt lat="35.318225" lon="139.401675">
				<speed>5.975557</speed>
				<ele>7.482580</ele>
				<time>2026-09-05T02:49:21Z</time>
			</trkpt>
			<trkpt lat="35.318196" lon="139.401608">
				<speed>6.020735</speed>
				<ele>7.694226</ele>
				<time>2026-09-05T02:49:22Z</time>
			</trkpt>
			<trkpt lat="35.318170" lon="139.401541">
				<speed>5.996635</speed>
				<ele>7.796031</ele>
				<time>2026-09-05T02:49:23Z</time>
			</trkpt>
			<trkpt lat="35.318147" lon="139.401474">
				<speed>5.928265</speed>
				<ele>7.690189</ele>
				<time>2026-09-05T02:49:24Z</time>
			</trkpt>
			<trkpt lat="35.318128" lon="139.401408">
				<speed>6.047934</speed>
				<ele>7.668748</ele>
				<time>2026-09-05T02:49:25Z</time>
			</trkpt>
			<trkpt lat="35.318111" lon="139.401341">
				<speed>6.113694</speed>
				<ele>7.543553</ele>
				<time>2026-09-05T02:49:26Z</time>
			</trkpt>
			<trkpt lat="35.318095" lon="139.401274">
				<speed>6.204501</speed>
				<ele>7.579615</ele>
				<time>2026-09-05T02:49:27Z</time>
			</trkpt>
			<trkpt lat="35.318080" lon="139.401205">
				<speed>6.216497</speed>
				<ele>7.486700</ele>
				<time>2026-09-05T02:49:28Z</time>
			</trkpt>
			<trkpt lat="35.318066" lon="139.401137">
				<speed>6.081416</speed>
				<ele>7.585177</ele>
				<time>2026-09-05T02:49:29Z</time>
			</trkpt>
			<trkpt lat="35.318053" lon="139.401069">
				<speed>6.055891</speed>
				<ele>7.448593</ele>
				<time>2026-09-05T02:49:30Z</time>
			</trkpt>
			<trkpt lat="35.318043" lon="139.401001">
				<speed>6.047703</speed>
				<ele>7.303471</ele>
				<time>2026-09-05T02:49:31Z</time>
			</trkpt>
			<trkpt lat="35.318035" lon="139.400934">
				<speed>6.103900</speed>
				<ele>7.049990</ele>
				<time>2026-09-05T02:49:32Z</time>
			</trkpt>
			<trkpt lat="35.318028" lon="139.400866">
				<speed>6.365720</speed>
				<ele>6.866125</ele>
				<time>2026-09-05T02:49:33Z</time>
			</trkpt>
			<trkpt lat="35.318034" lon="139.400798">
				<speed>6.525724</speed>
				<ele>6.688074</ele>
				<time>2026-09-05T02:49:34Z</time>
			</trkpt>
			<trkpt lat="35.318051" lon="139.400716">
				<speed>6.689874</speed>
				<ele>6.484837</ele>
				<time>2026-09-05T02:49:35Z</time>
			</trkpt>
			<trkpt lat="35.318069" lon="139.400639">
				<speed>6.655066</speed>
				<ele>6.389162</ele>
				<time>2026-09-05T02:49:36Z</time>
			</trkpt>
			<trkpt lat="35.318086" lon="139.400564">
				<speed>6.659012</speed>
				<ele>6.327830</ele>
				<time>2026-09-05T02:49:37Z</time>
			</trkpt>
			<trkpt lat="35.318099" lon="139.400490">
				<speed>6.364480</speed>
				<ele>6.426854</ele>
				<time>2026-09-05T02:49:38Z</time>
			</trkpt>
			<trkpt lat="35.318113" lon="139.400401">
				<speed>6.146882</speed>
				<ele>6.469307</ele>
				<time>2026-09-05T02:49:39Z</time>
			</trkpt>
			<trkpt lat="35.318121" lon="139.400287">
				<speed>4.419788</speed>
				<ele>6.507175</ele>
				<time>2026-09-05T02:49:41Z</time>
			</trkpt>
			<trkpt lat="35.318120" lon="139.400182">
				<speed>3.855783</speed>
				<ele>6.633358</ele>
				<time>2026-09-05T02:49:43Z</time>
			</trkpt>
			<trkpt lat="35.318111" lon="139.400095">
				<speed>3.321394</speed>
				<ele>6.540417</ele>
				<time>2026-09-05T02:49:45Z</time>
			</trkpt>
			<trkpt lat="35.318096" lon="139.400021">
				<speed>3.885971</speed>
				<ele>6.510111</ele>
				<time>2026-09-05T02:49:47Z</time>
			</trkpt>
			<trkpt lat="35.318079" lon="139.399943">
				<speed>4.595394</speed>
				<ele>6.479519</ele>
				<time>2026-09-05T02:49:49Z</time>
			</trkpt>
			<trkpt lat="35.318062" lon="139.399854">
				<speed>5.257067</speed>
				<ele>6.483227</ele>
				<time>2026-09-05T02:49:51Z</time>
			</trkpt>
			<trkpt lat="35.318043" lon="139.399753">
				<speed>5.564578</speed>
				<ele>6.593763</ele>
				<time>2026-09-05T02:49:53Z</time>
			</trkpt>
			<trkpt lat="35.318018" lon="139.399642">
				<speed>5.530895</speed>
				<ele>6.419428</ele>
				<time>2026-09-05T02:49:55Z</time>
			</trkpt>
			<trkpt lat="35.317984" lon="139.399529">
				<speed>5.452046</speed>
				<ele>6.273105</ele>
				<time>2026-09-05T02:49:57Z</time>
			</trkpt>
			<trkpt lat="35.317940" lon="139.399419">
				<speed>5.461386</speed>
				<ele>6.112983</ele>
				<time>2026-09-05T02:49:59Z</time>
			</trkpt>
			<trkpt lat="35.317895" lon="139.399313">
				<speed>4.530875</speed>
				<ele>6.098573</ele>
				<time>2026-09-05T02:50:01Z</time>
			</trkpt>
			<trkpt lat="35.317863" lon="139.399224">
				<speed>2.435216</speed>
				<ele>5.967974</ele>
				<time>2026-09-05T02:50:03Z</time>
			</trkpt>
			<trkpt lat="35.317844" lon="139.399157">
				<speed>2.816182</speed>
				<ele>5.919971</ele>
				<time>2026-09-05T02:50:05Z</time>
			</trkpt>
			<trkpt lat="35.317830" lon="139.399093">
				<speed>3.612411</speed>
				<ele>5.623472</ele>
				<time>2026-09-05T02:50:07Z</time>
			</trkpt>
			<trkpt lat="35.317818" lon="139.399018">
				<speed>4.648464</speed>
				<ele>5.842823</ele>
				<time>2026-09-05T02:50:09Z</time>
			</trkpt>
			<trkpt lat="35.317807" lon="139.398927">
				<speed>5.164047</speed>
				<ele>5.561830</ele>
				<time>2026-09-05T02:50:11Z</time>
			</trkpt>
			<trkpt lat="35.317795" lon="139.398821">
				<speed>5.394454</speed>
				<ele>5.508724</ele>
				<time>2026-09-05T02:50:13Z</time>
			</trkpt>
			<trkpt lat="35.317780" lon="139.398702">
				<speed>5.776258</speed>
				<ele>5.392146</ele>
				<time>2026-09-05T02:50:15Z</time>
			</trkpt>
			<trkpt lat="35.317761" lon="139.398572">
				<speed>5.961836</speed>
				<ele>5.658503</ele>
				<time>2026-09-05T02:50:17Z</time>
			</trkpt>
			<trkpt lat="35.317751" lon="139.398505">
				<speed>6.041928</speed>
				<ele>5.751261</ele>
				<time>2026-09-05T02:50:18Z</time>
			</trkpt>
			<trkpt lat="35.317740" lon="139.398436">
				<speed>6.238387</speed>
				<ele>5.737851</ele>
				<time>2026-09-05T02:50:19Z</time>
			</trkpt>
			<trkpt lat="35.317729" lon="139.398367">
				<speed>6.071237</speed>
				<ele>5.137796</ele>
				<time>2026-09-05T02:50:20Z</time>
			</trkpt>
			<trkpt lat="35.317719" lon="139.398298">
				<speed>5.979412</speed>
				<ele>5.358337</ele>
				<time>2026-09-05T02:50:21Z</time>
			</trkpt>
			<trkpt lat="35.317708" lon="139.398230">
				<speed>5.879197</speed>
				<ele>5.470284</ele>
				<time>2026-09-05T02:50:22Z</time>
			</trkpt>
			<trkpt lat="35.317697" lon="139.398162">
				<speed>5.771224</speed>
				<ele>5.709800</ele>
				<time>2026-09-05T02:50:23Z</time>
			</trkpt>
			<trkpt lat="35.317685" lon="139.398096">
				<speed>5.863383</speed>
				<ele>6.045632</ele>
				<time>2026-09-05T02:50:24Z</time>
			</trkpt>
			<trkpt lat="35.317673" lon="139.398031">
				<speed>5.777056</speed>
				<ele>6.063913</ele>
				<time>2026-09-05T02:50:25Z</time>
			</trkpt>
			<trkpt lat="35.317662" lon="139.397965">
				<speed>5.778118</speed>
				<ele>6.563699</ele>
				<time>2026-09-05T02:50:26Z</time>
			</trkpt>
			<trkpt lat="35.317642" lon="139.397837">
				<speed>5.721901</speed>
				<ele>7.064334</ele>
				<time>2026-09-05T02:50:28Z</time>
			</trkpt>
			<trkpt lat="35.317616" lon="139.397713">
				<speed>5.882949</speed>
				<ele>7.730067</ele>
				<time>2026-09-05T02:50:30Z</time>
			</trkpt>
			<trkpt lat="35.317584" lon="139.397591">
				<speed>5.895379</speed>
				<ele>7.739417</ele>
				<time>2026-09-05T02:50:32Z</time>
			</trkpt>
			<trkpt lat="35.317549" lon="139.397470">
				<speed>5.653955</speed>
				<ele>8.060353</ele>
				<time>2026-09-05T02:50:34Z</time>
			</trkpt>
			<trkpt lat="35.317516" lon="139.397351">
				<speed>5.604223</speed>
				<ele>8.133531</ele>
				<time>2026-09-05T02:50:36Z</time>
			</trkpt>
			<trkpt lat="35.317484" lon="139.397237">
				<speed>5.143178</speed>
				<ele>7.963739</ele>
				<time>2026-09-05T02:50:38Z</time>
			</trkpt>
			<trkpt lat="35.317456" lon="139.397128">
				<speed>5.154457</speed>
				<ele>7.948794</ele>
				<time>2026-09-05T02:50:40Z</time>
			</trkpt>
			<trkpt lat="35.317433" lon="139.397020">
				<speed>5.483440</speed>
				<ele>7.709984</ele>
				<time>2026-09-05T02:50:42Z</time>
			</trkpt>
			<trkpt lat="35.317406" lon="139.396907">
				<speed>5.932609</speed>
				<ele>7.429807</ele>
				<time>2026-09-05T02:50:44Z</time>
			</trkpt>
			<trkpt lat="35.317364" lon="139.396794">
				<speed>6.156065</speed>
				<ele>6.843764</ele>
				<time>2026-09-05T02:50:46Z</time>
			</trkpt>
			<trkpt lat="35.317310" lon="139.396682">
				<speed>6.414256</speed>
				<ele>7.138542</ele>
				<time>2026-09-05T02:50:48Z</time>
			</trkpt>
			<trkpt lat="35.317261" lon="139.396577">
				<speed>4.466048</speed>
				<ele>6.214683</ele>
				<time>2026-09-05T02:50:50Z</time>
			</trkpt>
			<trkpt lat="35.317228" lon="139.396480">
				<speed>4.703783</speed>
				<ele>6.620540</ele>
				<time>2026-09-05T02:50:52Z</time>
			</trkpt>
			<trkpt lat="35.317228" lon="139.396387">
				<speed>5.249688</speed>
				<ele>6.388372</ele>
				<time>2026-09-05T02:50:54Z</time>
			</trkpt>
			<trkpt lat="35.317261" lon="139.396286">
				<speed>5.795905</speed>
				<ele>6.791737</ele>
				<time>2026-09-05T02:50:56Z</time>
			</trkpt>
			<trkpt lat="35.317317" lon="139.396179">
				<speed>5.792805</speed>
				<ele>7.393728</ele>
				<time>2026-09-05T02:50:58Z</time>
			</trkpt>
			<trkpt lat="35.317349" lon="139.396124">
				<speed>5.983783</speed>
				<ele>7.456544</ele>
				<time>2026-09-05T02:50:59Z</time>
			</trkpt>
			<trkpt lat="35.317384" lon="139.396069">
				<speed>6.044107</speed>
				<ele>7.383615</ele>
				<time>2026-09-05T02:51:00Z</time>
			</trkpt>
			<trkpt lat="35.317419" lon="139.396013">
				<speed>5.866315</speed>
				<ele>7.630577</ele>
				<time>2026-09-05T02:51:01Z</time>
			</trkpt>
			<trkpt lat="35.317454" lon="139.395957">
				<speed>5.752506</speed>
				<ele>7.565032</ele>
				<time>2026-09-05T02:51:02Z</time>
			</trkpt>
			<trkpt lat="35.317485" lon="139.395900">
				<speed>5.742581</speed>
				<ele>7.651118</ele>
				<time>2026-09-05T02:51:03Z</time>
			</trkpt>
			<trkpt lat="35.317510" lon="139.395841">
				<speed>5.710789</speed>
				<ele>7.809547</ele>
				<time>2026-09-05T02:51:04Z</time>
			</trkpt>
			<trkpt lat="35.317540" lon="139.395719">
				<speed>5.970387</speed>
				<ele>7.923379</ele>
				<time>2026-09-05T02:51:06Z</time>
			</trkpt>
			<trkpt lat="35.317545" lon="139.395590">
				<speed>6.308508</speed>
				<ele>8.182111</ele>
				<time>2026-09-05T02:51:08Z</time>
			</trkpt>
			<trkpt lat="35.317542" lon="139.395522">
				<speed>6.368326</speed>
				<ele>8.130930</ele>
				<time>2026-09-05T02:51:09Z</time>
			</trkpt>
			<trkpt lat="35.317535" lon="139.395453">
				<speed>6.271153</speed>
				<ele>8.363174</ele>
				<time>2026-09-05T02:51:10Z</time>
			</trkpt>
			<trkpt lat="35.317525" lon="139.395383">
				<speed>6.215428</speed>
				<ele>8.274115</ele>
				<time>2026-09-05T02:51:11Z</time>
			</trkpt>
			<trkpt lat="35.317513" lon="139.395314">
				<speed>6.013544</speed>
				<ele>8.470822</ele>
				<time>2026-09-05T02:51:12Z</time>
			</trkpt>
			<trkpt lat="35.317500" lon="139.395246">
				<speed>5.987935</speed>
				<ele>8.376930</ele>
				<time>2026-09-05T02:51:13Z</time>
			</trkpt>
			<trkpt lat="35.317485" lon="139.395178">
				<speed>6.014117</speed>
				<ele>8.353356</ele>
				<time>2026-09-05T02:51:14Z</time>
			</trkpt>
			<trkpt lat="35.317469" lon="139.395110">
				<speed>5.911281</speed>
				<ele>8.541498</ele>
				<time>2026-09-05T02:51:15Z</time>
			</trkpt>
			<trkpt lat="35.317454" lon="139.395043">
				<speed>5.940577</speed>
				<ele>8.732014</ele>
				<time>2026-09-05T02:51:16Z</time>
			</trkpt>
			<trkpt lat="35.317438" lon="139.394978">
				<speed>5.850713</speed>
				<ele>8.689141</ele>
				<time>2026-09-05T02:51:17Z</time>
			</trkpt>
			<trkpt lat="35.317423" lon="139.394912">
				<speed>5.910093</speed>
				<ele>8.730585</ele>
				<time>2026-09-05T02:51:18Z</time>
			</trkpt>
			<trkpt lat="35.317409" lon="139.394848">
				<speed>5.842937</speed>
				<ele>8.889749</ele>
				<time>2026-09-05T02:51:19Z</time>
			</trkpt>
			<trkpt lat="35.317395" lon="139.394783">
				<speed>6.155557</speed>
				<ele>8.838735</ele>
				<time>2026-09-05T02:51:20Z</time>
			</trkpt>
			<trkpt lat="35.317381" lon="139.394717">
				<speed>6.056777</speed>
				<ele>8.764634</ele>
				<time>2026-09-05T02:51:21Z</time>
			</trkpt>
			<trkpt lat="35.317368" lon="139.394653">
				<speed>5.879926</speed>
				<ele>8.845954</ele>
				<time>2026-09-05T02:51:22Z</time>
			</trkpt>
			<trkpt lat="35.317357" lon="139.394588">
				<speed>5.966426</speed>
				<ele>8.914452</ele>
				<time>2026-09-05T02:51:23Z</time>
			</trkpt>
			<trkpt lat="35.317336" lon="139.394460">
				<speed>5.720390</speed>
				<ele>9.157432</ele>
				<time>2026-09-05T02:51:25Z</time>
			</trkpt>
			<trkpt lat="35.317319" lon="139.394335">
				<speed>5.714231</speed>
				<ele>9.257083</ele>
				<time>2026-09-05T02:51:27Z</time>
			</trkpt>
			<trkpt lat="35.317304" lon="139.394209">
				<speed>5.969968</speed>
				<ele>8.671194</ele>
				<time>2026-09-05T02:51:29Z</time>
			</trkpt>
			<trkpt lat="35.317289" lon="139.394081">
				<speed>6.176542</speed>
				<ele>8.795168</ele>
				<time>2026-09-05T02:51:31Z</time>
			</trkpt>
			<trkpt lat="35.317281" lon="139.394015">
				<speed>6.188596</speed>
				<ele>8.714455</ele>
				<time>2026-09-05T02:51:32Z</time>
			</trkpt>
			<trkpt lat="35.317274" lon="139.393949">
				<speed>6.225943</speed>
				<ele>8.709321</ele>
				<time>2026-09-05T02:51:33Z</time>
			</trkpt>
			<trkpt lat="35.317266" lon="139.393881">
				<speed>6.331208</speed>
				<ele>8.709253</ele>
				<time>2026-09-05T02:51:34Z</time>
			</trkpt>
			<trkpt lat="35.317258" lon="139.393812">
				<speed>6.409808</speed>
				<ele>8.754622</ele>
				<time>2026-09-05T02:51:35Z</time>
			</trkpt>
			<trkpt lat="35.317250" lon="139.393744">
				<speed>6.191800</speed>
				<ele>8.786421</ele>
				<time>2026-09-05T02:51:36Z</time>
			</trkpt>
			<trkpt lat="35.317242" lon="139.393675">
				<speed>6.187108</speed>
				<ele>8.715792</ele>
				<time>2026-09-05T02:51:37Z</time>
			</trkpt>
			<trkpt lat="35.317234" lon="139.393606">
				<speed>6.252247</speed>
				<ele>8.647549</ele>
				<time>2026-09-05T02:51:38Z</time>
			</trkpt>
			<trkpt lat="35.317226" lon="139.393538">
				<speed>6.181569</speed>
				<ele>8.727025</ele>
				<time>2026-09-05T02:51:39Z</time>
			</trkpt>
			<trkpt lat="35.317219" lon="139.393469">
				<speed>6.175547</speed>
				<ele>8.721574</ele>
				<time>2026-09-05T02:51:40Z</time>
			</trkpt>
			<trkpt lat="35.317212" lon="139.393401">
				<speed>6.260043</speed>
				<ele>8.821926</ele>
				<time>2026-09-05T02:51:41Z</time>
			</trkpt>
			<trkpt lat="35.317205" lon="139.393333">
				<speed>6.126699</speed>
				<ele>8.817754</ele>
				<time>2026-09-05T02:51:42Z</time>
			</trkpt>
			<trkpt lat="35.317198" lon="139.393265">
				<speed>6.244257</speed>
				<ele>8.743863</ele>
				<time>2026-09-05T02:51:43Z</time>
			</trkpt>
			<trkpt lat="35.317192" lon="139.393197">
				<speed>6.209059</speed>
				<ele>8.623633</ele>
				<time>2026-09-05T02:51:44Z</time>
			</trkpt>
			<trkpt lat="35.317188" lon="139.393129">
				<speed>6.149773</speed>
				<ele>8.672409</ele>
				<time>2026-09-05T02:51:45Z</time>
			</trkpt>
			<trkpt lat="35.317183" lon="139.393061">
				<speed>6.205243</speed>
				<ele>8.737358</ele>
				<time>2026-09-05T02:51:46Z</time>
			</trkpt>
			<trkpt lat="35.317180" lon="139.392993">
				<speed>6.237177</speed>
				<ele>8.671504</ele>
				<time>2026-09-05T02:51:47Z</time>
			</trkpt>
			<trkpt lat="35.317177" lon="139.392925">
				<speed>6.182678</speed>
				<ele>8.734169</ele>
				<time>2026-09-05T02:51:48Z</time>
			</trkpt>
			<trkpt lat="35.317174" lon="139.392856">
				<speed>6.278528</speed>
				<ele>8.689054</ele>
				<time>2026-09-05T02:51:49Z</time>
			</trkpt>
			<trkpt lat="35.317173" lon="139.392788">
				<speed>6.252294</speed>
				<ele>8.620616</ele>
				<time>2026-09-05T02:51:50Z</time>
			</trkpt>
			<trkpt lat="35.317172" lon="139.392720">
				<speed>6.077835</speed>
				<ele>8.606843</ele>
				<time>2026-09-05T02:51:51Z</time>
			</trkpt>
			<trkpt lat="35.317171" lon="139.392653">
				<speed>6.134149</speed>
				<ele>8.548170</ele>
				<time>2026-09-05T02:51:52Z</time>
			</trkpt>
			<trkpt lat="35.317168" lon="139.392585">
				<speed>6.198800</speed>
				<ele>8.488834</ele>
				<time>2026-09-05T02:51:53Z</time>
			</trkpt>
			<trkpt lat="35.317164" lon="139.392518">
				<speed>6.204947</speed>
				<ele>8.401215</ele>
				<time>2026-09-05T02:51:54Z</time>
			</trkpt>
			<trkpt lat="35.317159" lon="139.392451">
				<speed>6.188915</speed>
				<ele>8.412309</ele>
				<time>2026-09-05T02:51:55Z</time>
			</trkpt>
			<trkpt lat="35.317153" lon="139.392383">
				<speed>6.189556</speed>
				<ele>8.361099</ele>
				<time>2026-09-05T02:51:56Z</time>
			</trkpt>
			<trkpt lat="35.317147" lon="139.392316">
				<speed>6.224136</speed>
				<ele>8.355293</ele>
				<time>2026-09-05T02:51:57Z</time>
			</trkpt>
			<trkpt lat="35.317140" lon="139.392248">
				<speed>6.189973</speed>
				<ele>8.297090</ele>
				<time>2026-09-05T02:51:58Z</time>
			</trkpt>
			<trkpt lat="35.317134" lon="139.392181">
				<speed>6.195381</speed>
				<ele>8.256214</ele>
				<time>2026-09-05T02:51:59Z</time>
			</trkpt>
			<trkpt lat="35.317127" lon="139.392113">
				<speed>6.290481</speed>
				<ele>8.141234</ele>
				<time>2026-09-05T02:52:00Z</time>
			</trkpt>
			<trkpt lat="35.317120" lon="139.392045">
				<speed>6.113972</speed>
				<ele>8.244907</ele>
				<time>2026-09-05T02:52:01Z</time>
			</trkpt>
			<trkpt lat="35.317114" lon="139.391978">
				<speed>6.073287</speed>
				<ele>8.215994</ele>
				<time>2026-09-05T02:52:02Z</time>
			</trkpt>
			<trkpt lat="35.317107" lon="139.391912">
				<speed>6.031165</speed>
				<ele>8.234749</ele>
				<time>2026-09-05T02:52:03Z</time>
			</trkpt>
			<trkpt lat="35.317101" lon="139.391846">
				<speed>5.928244</speed>
				<ele>8.216011</ele>
				<time>2026-09-05T02:52:04Z</time>
			</trkpt>
			<trkpt lat="35.317088" lon="139.391717">
				<speed>5.889222</speed>
				<ele>8.054911</ele>
				<time>2026-09-05T02:52:06Z</time>
			</trkpt>
			<trkpt lat="35.317076" lon="139.391588">
				<speed>5.892405</speed>
				<ele>8.049917</ele>
				<time>2026-09-05T02:52:08Z</time>
			</trkpt>
			<trkpt lat="35.317064" lon="139.391459">
				<speed>6.076561</speed>
				<ele>8.088901</ele>
				<time>2026-09-05T02:52:10Z</time>
			</trkpt>
			<trkpt lat="35.317051" lon="139.391328">
				<speed>6.334019</speed>
				<ele>7.829696</ele>
				<time>2026-09-05T02:52:12Z</time>
			</trkpt>
			<trkpt lat="35.317044" lon="139.391261">
				<speed>6.297787</speed>
				<ele>7.859131</ele>
				<time>2026-09-05T02:52:13Z</time>
			</trkpt>
			<trkpt lat="35.317037" lon="139.391194">
				<speed>6.124951</speed>
				<ele>7.940927</ele>
				<time>2026-09-05T02:52:14Z</time>
			</trkpt>
			<trkpt lat="35.317030" lon="139.391126">
				<speed>6.343018</speed>
				<ele>7.913876</ele>
				<time>2026-09-05T02:52:15Z</time>
			</trkpt>
			<trkpt lat="35.317023" lon="139.391058">
				<speed>6.317875</speed>
				<ele>7.856594</ele>
				<time>2026-09-05T02:52:16Z</time>
			</trkpt>
			<trkpt lat="35.317016" lon="139.390989">
				<speed>6.374404</speed>
				<ele>7.878698</ele>
				<time>2026-09-05T02:52:17Z</time>
			</trkpt>
			<trkpt lat="35.317009" lon="139.390920">
				<speed>6.326999</speed>
				<ele>7.839437</ele>
				<time>2026-09-05T02:52:18Z</time>
			</trkpt>
			<trkpt lat="35.317003" lon="139.390850">
				<speed>6.352711</speed>
				<ele>7.756117</ele>
				<time>2026-09-05T02:52:19Z</time>
			</trkpt>
			<trkpt lat="35.316997" lon="139.390780">
				<speed>6.312453</speed>
				<ele>7.716952</ele>
				<time>2026-09-05T02:52:20Z</time>
			</trkpt>
			<trkpt lat="35.316993" lon="139.390709">
				<speed>6.485164</speed>
				<ele>7.743324</ele>
				<time>2026-09-05T02:52:21Z</time>
			</trkpt>
			<trkpt lat="35.316990" lon="139.390639">
				<speed>6.394284</speed>
				<ele>7.711111</ele>
				<time>2026-09-05T02:52:22Z</time>
			</trkpt>
			<trkpt lat="35.316986" lon="139.390568">
				<speed>6.392530</speed>
				<ele>7.789841</ele>
				<time>2026-09-05T02:52:23Z</time>
			</trkpt>
			<trkpt lat="35.316982" lon="139.390497">
				<speed>6.382115</speed>
				<ele>7.856497</ele>
				<time>2026-09-05T02:52:24Z</time>
			</trkpt>
			<trkpt lat="35.316978" lon="139.390426">
				<speed>6.490707</speed>
				<ele>8.098505</ele>
				<time>2026-09-05T02:52:25Z</time>
			</trkpt>
			<trkpt lat="35.316973" lon="139.390355">
				<speed>6.543392</speed>
				<ele>8.220800</ele>
				<time>2026-09-05T02:52:26Z</time>
			</trkpt>
			<trkpt lat="35.316969" lon="139.390283">
				<speed>6.426260</speed>
				<ele>8.186519</ele>
				<time>2026-09-05T02:52:27Z</time>
			</trkpt>
			<trkpt lat="35.316965" lon="139.390212">
				<speed>6.317212</speed>
				<ele>8.245878</ele>
				<time>2026-09-05T02:52:28Z</time>
			</trkpt>
			<trkpt lat="35.316961" lon="139.390142">
				<speed>6.256237</speed>
				<ele>8.241549</ele>
				<time>2026-09-05T02:52:29Z</time>
			</trkpt>
			<trkpt lat="35.316957" lon="139.390072">
				<speed>6.274105</speed>
				<ele>8.234858</ele>
				<time>2026-09-05T02:52:30Z</time>
			</trkpt>
			<trkpt lat="35.316953" lon="139.390003">
				<speed>6.245553</speed>
				<ele>8.315294</ele>
				<time>2026-09-05T02:52:31Z</time>
			</trkpt>
			<trkpt lat="35.316948" lon="139.389934">
				<speed>6.320430</speed>
				<ele>8.271040</ele>
				<time>2026-09-05T02:52:32Z</time>
			</trkpt>
			<trkpt lat="35.316942" lon="139.389865">
				<speed>6.320636</speed>
				<ele>8.392701</ele>
				<time>2026-09-05T02:52:33Z</time>
			</trkpt>
			<trkpt lat="35.316936" lon="139.389796">
				<speed>6.411035</speed>
				<ele>8.406649</ele>
				<time>2026-09-05T02:52:34Z</time>
			</trkpt>
			<trkpt lat="35.316930" lon="139.389726">
				<speed>6.512893</speed>
				<ele>8.478759</ele>
				<time>2026-09-05T02:52:35Z</time>
			</trkpt>
			<trkpt lat="35.316924" lon="139.389656">
				<speed>6.526000</speed>
				<ele>8.522080</ele>
				<time>2026-09-05T02:52:36Z</time>
			</trkpt>
			<trkpt lat="35.316918" lon="139.389585">
				<speed>6.525239</speed>
				<ele>8.511271</ele>
				<time>2026-09-05T02:52:37Z</time>
			</trkpt>
			<trkpt lat="35.316912" lon="139.389515">
				<speed>6.501745</speed>
				<ele>8.699977</ele>
				<time>2026-09-05T02:52:38Z</time>
			</trkpt>
			<trkpt lat="35.316906" lon="139.389444">
				<speed>6.489959</speed>
				<ele>8.822644</ele>
				<time>2026-09-05T02:52:39Z</time>
			</trkpt>
			<trkpt lat="35.316899" lon="139.389373">
				<speed>6.413382</speed>
				<ele>8.741789</ele>
				<time>2026-09-05T02:52:40Z</time>
			</trkpt>
			<trkpt lat="35.316893" lon="139.389302">
				<speed>6.603247</speed>
				<ele>8.847951</ele>
				<time>2026-09-05T02:52:41Z</time>
			</trkpt>
			<trkpt lat="35.316885" lon="139.389230">
				<speed>6.581122</speed>
				<ele>8.886823</ele>
				<time>2026-09-05T02:52:42Z</time>
			</trkpt>
			<trkpt lat="35.316878" lon="139.389158">
				<speed>6.594760</speed>
				<ele>8.806622</ele>
				<time>2026-09-05T02:52:43Z</time>
			</trkpt>
			<trkpt lat="35.316872" lon="139.389086">
				<speed>6.539177</speed>
				<ele>8.807578</ele>
				<time>2026-09-05T02:52:44Z</time>
			</trkpt>
			<trkpt lat="35.316866" lon="139.389014">
				<speed>6.522262</speed>
				<ele>8.849015</ele>
				<time>2026-09-05T02:52:45Z</time>
			</trkpt>
			<trkpt lat="35.316860" lon="139.388942">
				<speed>6.439070</speed>
				<ele>8.813840</ele>
				<time>2026-09-05T02:52:46Z</time>
			</trkpt>
			<trkpt lat="35.316854" lon="139.388871">
				<speed>6.367198</speed>
				<ele>8.912814</ele>
				<time>2026-09-05T02:52:47Z</time>
			</trkpt>
			<trkpt lat="35.316848" lon="139.388800">
				<speed>6.389710</speed>
				<ele>8.974327</ele>
				<time>2026-09-05T02:52:48Z</time>
			</trkpt>
			<trkpt lat="35.316841" lon="139.388730">
				<speed>6.304729</speed>
				<ele>9.004126</ele>
				<time>2026-09-05T02:52:49Z</time>
			</trkpt>
			<trkpt lat="35.316834" lon="139.388660">
				<speed>6.297234</speed>
				<ele>9.168610</ele>
				<time>2026-09-05T02:52:50Z</time>
			</trkpt>
			<trkpt lat="35.316827" lon="139.388591">
				<speed>6.328923</speed>
				<ele>9.047908</ele>
				<time>2026-09-05T02:52:51Z</time>
			</trkpt>
			<trkpt lat="35.316820" lon="139.388522">
				<speed>6.206698</speed>
				<ele>9.212777</ele>
				<time>2026-09-05T02:52:52Z</time>
			</trkpt>
			<trkpt lat="35.316812" lon="139.388454">
				<speed>6.221711</speed>
				<ele>9.194768</ele>
				<time>2026-09-05T02:52:53Z</time>
			</trkpt>
			<trkpt lat="35.316804" lon="139.388386">
				<speed>6.251799</speed>
				<ele>9.205261</ele>
				<time>2026-09-05T02:52:54Z</time>
			</trkpt>
			<trkpt lat="35.316795" lon="139.388319">
				<speed>6.162708</speed>
				<ele>9.246066</ele>
				<time>2026-09-05T02:52:55Z</time>
			</trkpt>
			<trkpt lat="35.316787" lon="139.388252">
				<speed>6.122994</speed>
				<ele>9.210693</ele>
				<time>2026-09-05T02:52:56Z</time>
			</trkpt>
			<trkpt lat="35.316778" lon="139.388186">
				<speed>6.081036</speed>
				<ele>9.185846</ele>
				<time>2026-09-05T02:52:57Z</time>
			</trkpt>
			<trkpt lat="35.316770" lon="139.388120">
				<speed>6.043845</speed>
				<ele>9.091855</ele>
				<time>2026-09-05T02:52:58Z</time>
			</trkpt>
			<trkpt lat="35.316762" lon="139.388054">
				<speed>6.049967</speed>
				<ele>9.126725</ele>
				<time>2026-09-05T02:52:59Z</time>
			</trkpt>
			<trkpt lat="35.316755" lon="139.387989">
				<speed>6.056735</speed>
				<ele>8.998103</ele>
				<time>2026-09-05T02:53:00Z</time>
			</trkpt>
			<trkpt lat="35.316748" lon="139.387923">
				<speed>6.209048</speed>
				<ele>9.133442</ele>
				<time>2026-09-05T02:53:01Z</time>
			</trkpt>
			<trkpt lat="35.316741" lon="139.387857">
				<speed>6.261714</speed>
				<ele>9.095973</ele>
				<time>2026-09-05T02:53:02Z</time>
			</trkpt>
			<trkpt lat="35.316734" lon="139.387789">
				<speed>6.477342</speed>
				<ele>9.014512</ele>
				<time>2026-09-05T02:53:03Z</time>
			</trkpt>
			<trkpt lat="35.316726" lon="139.387721">
				<speed>6.413545</speed>
				<ele>9.038310</ele>
				<time>2026-09-05T02:53:04Z</time>
			</trkpt>
			<trkpt lat="35.316719" lon="139.387652">
				<speed>6.524823</speed>
				<ele>8.896436</ele>
				<time>2026-09-05T02:53:05Z</time>
			</trkpt>
			<trkpt lat="35.316712" lon="139.387582">
				<speed>6.423465</speed>
				<ele>9.004319</ele>
				<time>2026-09-05T02:53:06Z</time>
			</trkpt>
			<trkpt lat="35.316705" lon="139.387512">
				<speed>6.446112</speed>
				<ele>9.041829</ele>
				<time>2026-09-05T02:53:07Z</time>
			</trkpt>
			<trkpt lat="35.316698" lon="139.387442">
				<speed>6.444760</speed>
				<ele>8.962625</ele>
				<time>2026-09-05T02:53:08Z</time>
			</trkpt>
			<trkpt lat="35.316690" lon="139.387372">
				<speed>6.447369</speed>
				<ele>8.837432</ele>
				<time>2026-09-05T02:53:09Z</time>
			</trkpt>
			<trkpt lat="35.316683" lon="139.387302">
				<speed>6.451958</speed>
				<ele>8.737169</ele>
				<time>2026-09-05T02:53:10Z</time>
			</trkpt>
			<trkpt lat="35.316675" lon="139.387231">
				<speed>6.416011</speed>
				<ele>8.750551</ele>
				<time>2026-09-05T02:53:11Z</time>
			</trkpt>
			<trkpt lat="35.316668" lon="139.387160">
				<speed>6.441896</speed>
				<ele>8.844663</ele>
				<time>2026-09-05T02:53:12Z</time>
			</trkpt>
			<trkpt lat="35.316661" lon="139.387090">
				<speed>6.422339</speed>
				<ele>8.574653</ele>
				<time>2026-09-05T02:53:13Z</time>
			</trkpt>
			<trkpt lat="35.316654" lon="139.387019">
				<speed>6.306733</speed>
				<ele>8.797736</ele>
				<time>2026-09-05T02:53:14Z</time>
			</trkpt>
			<trkpt lat="35.316646" lon="139.386950">
				<speed>6.330646</speed>
				<ele>8.728518</ele>
				<time>2026-09-05T02:53:15Z</time>
			</trkpt>
			<trkpt lat="35.316639" lon="139.386879">
				<speed>6.469834</speed>
				<ele>8.740407</ele>
				<time>2026-09-05T02:53:16Z</time>
			</trkpt>
			<trkpt lat="35.316631" lon="139.386809">
				<speed>6.445718</speed>
				<ele>8.673292</ele>
				<time>2026-09-05T02:53:17Z</time>
			</trkpt>
			<trkpt lat="35.316624" lon="139.386739">
				<speed>6.481503</speed>
				<ele>8.657642</ele>
				<time>2026-09-05T02:53:18Z</time>
			</trkpt>
			<trkpt lat="35.316617" lon="139.386668">
				<speed>6.501263</speed>
				<ele>8.631108</ele>
				<time>2026-09-05T02:53:19Z</time>
			</trkpt>
			<trkpt lat="35.316610" lon="139.386598">
				<speed>6.540998</speed>
				<ele>8.545673</ele>
				<time>2026-09-05T02:53:20Z</time>
			</trkpt>
			<trkpt lat="35.316604" lon="139.386527">
				<speed>6.531380</speed>
				<ele>8.784624</ele>
				<time>2026-09-05T02:53:21Z</time>
			</trkpt>
			<trkpt lat="35.316597" lon="139.386455">
				<speed>6.562356</speed>
				<ele>8.798458</ele>
				<time>2026-09-05T02:53:22Z</time>
			</trkpt>
			<trkpt lat="35.316590" lon="139.386384">
				<speed>6.564470</speed>
				<ele>8.765520</ele>
				<time>2026-09-05T02:53:23Z</time>
			</trkpt>
			<trkpt lat="35.316582" lon="139.386312">
				<speed>6.533264</speed>
				<ele>8.791905</ele>
				<time>2026-09-05T02:53:24Z</time>
			</trkpt>
			<trkpt lat="35.316575" lon="139.386241">
				<speed>6.484747</speed>
				<ele>8.764616</ele>
				<time>2026-09-05T02:53:25Z</time>
			</trkpt>
			<trkpt lat="35.316567" lon="139.386170">
				<speed>6.398418</speed>
				<ele>8.668597</ele>
				<time>2026-09-05T02:53:26Z</time>
			</trkpt>
			<trkpt lat="35.316560" lon="139.386099">
				<speed>6.322503</speed>
				<ele>8.718451</ele>
				<time>2026-09-05T02:53:27Z</time>
			</trkpt>
			<trkpt lat="35.316552" lon="139.386029">
				<speed>6.326794</speed>
				<ele>8.726578</ele>
				<time>2026-09-05T02:53:28Z</time>
			</trkpt>
			<trkpt lat="35.316544" lon="139.385959">
				<speed>6.489571</speed>
				<ele>8.683329</ele>
				<time>2026-09-05T02:53:29Z</time>
			</trkpt>
			<trkpt lat="35.316537" lon="139.385889">
				<speed>6.485006</speed>
				<ele>8.730013</ele>
				<time>2026-09-05T02:53:30Z</time>
			</trkpt>
			<trkpt lat="35.316529" lon="139.385819">
				<speed>6.331087</speed>
				<ele>8.531985</ele>
				<time>2026-09-05T02:53:31Z</time>
			</trkpt>
			<trkpt lat="35.316522" lon="139.385750">
				<speed>6.245233</speed>
				<ele>8.495732</ele>
				<time>2026-09-05T02:53:32Z</time>
			</trkpt>
			<trkpt lat="35.316514" lon="139.385682">
				<speed>6.222164</speed>
				<ele>8.518637</ele>
				<time>2026-09-05T02:53:33Z</time>
			</trkpt>
			<trkpt lat="35.316507" lon="139.385613">
				<speed>6.264521</speed>
				<ele>8.436722</ele>
				<time>2026-09-05T02:53:34Z</time>
			</trkpt>
			<trkpt lat="35.316500" lon="139.385545">
				<speed>6.212457</speed>
				<ele>8.381173</ele>
				<time>2026-09-05T02:53:35Z</time>
			</trkpt>
			<trkpt lat="35.316493" lon="139.385478">
				<speed>6.113186</speed>
				<ele>8.355696</ele>
				<time>2026-09-05T02:53:36Z</time>
			</trkpt>
			<trkpt lat="35.316486" lon="139.385410">
				<speed>6.179520</speed>
				<ele>8.261323</ele>
				<time>2026-09-05T02:53:37Z</time>
			</trkpt>
			<trkpt lat="35.316480" lon="139.385343">
				<speed>6.155841</speed>
				<ele>8.119131</ele>
				<time>2026-09-05T02:53:38Z</time>
			</trkpt>
			<trkpt lat="35.316473" lon="139.385277">
				<speed>5.981499</speed>
				<ele>8.368954</ele>
				<time>2026-09-05T02:53:39Z</time>
			</trkpt>
			<trkpt lat="35.316466" lon="139.385210">
				<speed>6.192504</speed>
				<ele>8.304553</ele>
				<time>2026-09-05T02:53:40Z</time>
			</trkpt>
			<trkpt lat="35.316459" lon="139.385144">
				<speed>6.199305</speed>
				<ele>8.386364</ele>
				<time>2026-09-05T02:53:41Z</time>
			</trkpt>
			<trkpt lat="35.316452" lon="139.385077">
				<speed>6.334314</speed>
				<ele>8.368629</ele>
				<time>2026-09-05T02:53:42Z</time>
			</trkpt>
			<trkpt lat="35.316445" lon="139.385009">
				<speed>6.377516</speed>
				<ele>8.436567</ele>
				<time>2026-09-05T02:53:43Z</time>
			</trkpt>
			<trkpt lat="35.316438" lon="139.384941">
				<speed>6.302835</speed>
				<ele>8.438333</ele>
				<time>2026-09-05T02:53:44Z</time>
			</trkpt>
			<trkpt lat="35.316431" lon="139.384873">
				<speed>6.237209</speed>
				<ele>8.546267</ele>
				<time>2026-09-05T02:53:45Z</time>
			</trkpt>
			<trkpt lat="35.316424" lon="139.384806">
				<speed>6.305634</speed>
				<ele>8.507583</ele>
				<time>2026-09-05T02:53:46Z</time>
			</trkpt>
			<trkpt lat="35.316417" lon="139.384737">
				<speed>6.290186</speed>
				<ele>8.442495</ele>
				<time>2026-09-05T02:53:47Z</time>
			</trkpt>
			<trkpt lat="35.316411" lon="139.384669">
				<speed>6.229580</speed>
				<ele>8.474088</ele>
				<time>2026-09-05T02:53:48Z</time>
			</trkpt>
			<trkpt lat="35.316407" lon="139.384600">
				<speed>6.245572</speed>
				<ele>8.505309</ele>
				<time>2026-09-05T02:53:49Z</time>
			</trkpt>
			<trkpt lat="35.316403" lon="139.384532">
				<speed>6.126379</speed>
				<ele>8.424947</ele>
				<time>2026-09-05T02:53:50Z</time>
			</trkpt>
			<trkpt lat="35.316401" lon="139.384464">
				<speed>6.116796</speed>
				<ele>8.551444</ele>
				<time>2026-09-05T02:53:51Z</time>
			</trkpt>
			<trkpt lat="35.316399" lon="139.384397">
				<speed>5.988256</speed>
				<ele>8.562265</ele>
				<time>2026-09-05T02:53:52Z</time>
			</trkpt>
			<trkpt lat="35.316398" lon="139.384329">
				<speed>6.160142</speed>
				<ele>8.656771</ele>
				<time>2026-09-05T02:53:53Z</time>
			</trkpt>
			<trkpt lat="35.316398" lon="139.384262">
				<speed>5.968439</speed>
				<ele>8.737529</ele>
				<time>2026-09-05T02:53:54Z</time>
			</trkpt>
			<trkpt lat="35.316399" lon="139.384196">
				<speed>5.893130</speed>
				<ele>8.720091</ele>
				<time>2026-09-05T02:53:55Z</time>
			</trkpt>
			<trkpt lat="35.316401" lon="139.384065">
				<speed>5.843850</speed>
				<ele>8.751855</ele>
				<time>2026-09-05T02:53:57Z</time>
			</trkpt>
			<trkpt lat="35.316404" lon="139.383937">
				<speed>5.697132</speed>
				<ele>9.014894</ele>
				<time>2026-09-05T02:53:59Z</time>
			</trkpt>
			<trkpt lat="35.316407" lon="139.383812">
				<speed>5.543753</speed>
				<ele>9.051511</ele>
				<time>2026-09-05T02:54:01Z</time>
			</trkpt>
			<trkpt lat="35.316410" lon="139.383689">
				<speed>5.553715</speed>
				<ele>8.966995</ele>
				<time>2026-09-05T02:54:03Z</time>
			</trkpt>
			<trkpt lat="35.316409" lon="139.383567">
				<speed>5.487543</speed>
				<ele>8.905937</ele>
				<time>2026-09-05T02:54:05Z</time>
			</trkpt>
			<trkpt lat="35.316408" lon="139.383447">
				<speed>5.370233</speed>
				<ele>8.546544</ele>
				<time>2026-09-05T02:54:07Z</time>
			</trkpt>
			<trkpt lat="35.316412" lon="139.383330">
				<speed>5.410480</speed>
				<ele>8.182648</ele>
				<time>2026-09-05T02:54:09Z</time>
			</trkpt>
			<trkpt lat="35.316430" lon="139.383216">
				<speed>5.518868</speed>
				<ele>7.880089</ele>
				<time>2026-09-05T02:54:11Z</time>
			</trkpt>
			<trkpt lat="35.316462" lon="139.383101">
				<speed>6.285745</speed>
				<ele>7.171616</ele>
				<time>2026-09-05T02:54:13Z</time>
			</trkpt>
			<trkpt lat="35.316506" lon="139.382983">
				<speed>6.055004</speed>
				<ele>7.137308</ele>
				<time>2026-09-05T02:54:15Z</time>
			</trkpt>
			<trkpt lat="35.316532" lon="139.382924">
				<speed>6.305504</speed>
				<ele>6.969935</ele>
				<time>2026-09-05T02:54:16Z</time>
			</trkpt>
			<trkpt lat="35.316559" lon="139.382864">
				<speed>6.213404</speed>
				<ele>6.850867</ele>
				<time>2026-09-05T02:54:17Z</time>
			</trkpt>
			<trkpt lat="35.316588" lon="139.382804">
				<speed>6.471156</speed>
				<ele>6.799813</ele>
				<time>2026-09-05T02:54:18Z</time>
			</trkpt>
			<trkpt lat="35.316618" lon="139.382743">
				<speed>6.451999</speed>
				<ele>6.205051</ele>
				<time>2026-09-05T02:54:19Z</time>
			</trkpt>
			<trkpt lat="35.316647" lon="139.382680">
				<speed>6.190088</speed>
				<ele>6.285694</ele>
				<time>2026-09-05T02:54:20Z</time>
			</trkpt>
			<trkpt lat="35.316674" lon="139.382619">
				<speed>5.716248</speed>
				<ele>6.345251</ele>
				<time>2026-09-05T02:54:21Z</time>
			</trkpt>
			<trkpt lat="35.316712" lon="139.382506">
				<speed>4.479442</speed>
				<ele>7.331701</ele>
				<time>2026-09-05T02:54:23Z</time>
			</trkpt>
			<trkpt lat="35.316710" lon="139.382424">
				<speed>2.325905</speed>
				<ele>7.379886</ele>
				<time>2026-09-05T02:54:25Z</time>
			</trkpt>
			<trkpt lat="35.316686" lon="139.382374">
				<speed>2.581457</speed>
				<ele>8.585328</ele>
				<time>2026-09-05T02:54:27Z</time>
			</trkpt>
			<trkpt lat="35.316617" lon="139.382365">
				<speed>3.073743</speed>
				<ele>7.951572</ele>
				<time>2026-09-05T02:54:30Z</time>
			</trkpt>
			<trkpt lat="35.316550" lon="139.382384">
				<speed>3.176038</speed>
				<ele>8.523645</ele>
				<time>2026-09-05T02:54:32Z</time>
			</trkpt>
			<trkpt lat="35.316475" lon="139.382410">
				<speed>3.383454</speed>
				<ele>8.337688</ele>
				<time>2026-09-05T02:54:34Z</time>
			</trkpt>
			<trkpt lat="35.316396" lon="139.382439">
				<speed>3.749636</speed>
				<ele>8.757067</ele>
				<time>2026-09-05T02:54:36Z</time>
			</trkpt>
			<trkpt lat="35.316316" lon="139.382462">
				<speed>3.232704</speed>
				<ele>8.425861</ele>
				<time>2026-09-05T02:54:38Z</time>
			</trkpt>
			<trkpt lat="35.316243" lon="139.382472">
				<speed>2.515277</speed>
				<ele>7.988524</ele>
				<time>2026-09-05T02:54:40Z</time>
			</trkpt>
			<trkpt lat="35.316186" lon="139.382477">
				<speed>2.231786</speed>
				<ele>7.906471</ele>
				<time>2026-09-05T02:54:42Z</time>
			</trkpt>
			<trkpt lat="35.316132" lon="139.382489">
				<speed>3.594465</speed>
				<ele>7.300126</ele>
				<time>2026-09-05T02:54:44Z</time>
			</trkpt>
			<trkpt lat="35.316068" lon="139.382505">
				<speed>4.720471</speed>
				<ele>6.531210</ele>
				<time>2026-09-05T02:54:46Z</time>
			</trkpt>
			<trkpt lat="35.315994" lon="139.382519">
				<speed>4.289707</speed>
				<ele>5.953194</ele>
				<time>2026-09-05T02:54:48Z</time>
			</trkpt>
			<trkpt lat="35.315921" lon="139.382526">
				<speed>3.147063</speed>
				<ele>5.330033</ele>
				<time>2026-09-05T02:54:50Z</time>
			</trkpt>
			<trkpt lat="35.315859" lon="139.382524">
				<speed>2.686683</speed>
				<ele>4.780353</ele>
				<time>2026-09-05T02:54:52Z</time>
			</trkpt>
			<trkpt lat="35.315804" lon="139.382523">
				<speed>3.002075</speed>
				<ele>4.512451</ele>
				<time>2026-09-05T02:54:54Z</time>
			</trkpt>
			<trkpt lat="35.315725" lon="139.382536">
				<speed>3.171536</speed>
				<ele>3.825926</ele>
				<time>2026-09-05T02:54:57Z</time>
			</trkpt>
			<trkpt lat="35.315672" lon="139.382549">
				<speed>2.912778</speed>
				<ele>3.586039</ele>
				<time>2026-09-05T02:54:59Z</time>
			</trkpt>
			<trkpt lat="35.315622" lon="139.382554">
				<speed>2.878063</speed>
				<ele>3.716325</ele>
				<time>2026-09-05T02:55:01Z</time>
			</trkpt>
			<trkpt lat="35.315573" lon="139.382552">
				<speed>2.638025</speed>
				<ele>3.479328</ele>
				<time>2026-09-05T02:55:03Z</time>
			</trkpt>
			<trkpt lat="35.315498" lon="139.382540">
				<speed>3.605633</speed>
				<ele>2.930061</ele>
				<time>2026-09-05T02:55:06Z</time>
			</trkpt>
			<trkpt lat="35.315446" lon="139.382509">
				<speed>3.871661</speed>
				<ele>2.987199</ele>
				<time>2026-09-05T02:55:08Z</time>
			</trkpt>
			<trkpt lat="35.315408" lon="139.382455">
				<speed>3.753009</speed>
				<ele>2.893464</ele>
				<time>2026-09-05T02:55:10Z</time>
			</trkpt>
			<trkpt lat="35.315390" lon="139.382384">
				<speed>3.170942</speed>
				<ele>2.840189</ele>
				<time>2026-09-05T02:55:12Z</time>
			</trkpt>
			<trkpt lat="35.315383" lon="139.382352">
				<speed>1.169306</speed>
				<ele>2.755888</ele>
				<time>2026-09-05T02:55:13Z</time>
			</trkpt>
			<trkpt lat="35.315442" lon="139.382329">
				<speed>1.211071</speed>
				<ele>2.243641</ele>
				<time>2026-09-05T02:55:36Z</time>
			</trkpt>
			<trkpt lat="35.315434" lon="139.382378">
				<speed>1.693482</speed>
				<ele>2.135241</ele>
				<time>2026-09-05T02:55:54Z</time>
			</trkpt>
			<trkpt lat="35.315437" lon="139.382437">
				<speed>1.774020</speed>
				<ele>1.798618</ele>
				<time>2026-09-05T02:55:57Z</time>
			</trkpt>
			<trkpt lat="35.315456" lon="139.382495">
				<speed>1.765258</speed>
				<ele>1.840700</ele>
				<time>2026-09-05T02:56:00Z</time>
			</trkpt>
			<trkpt lat="35.315477" lon="139.382549">
				<speed>1.573058</speed>
				<ele>1.334817</ele>
				<time>2026-09-05T02:56:03Z</time>
			</trkpt>
			<trkpt lat="35.315487" lon="139.382586">
				<speed>1.743838</speed>
				<ele>2.373031</ele>
				<time>2026-09-05T02:56:05Z</time>
			</trkpt>
			<trkpt lat="35.315527" lon="139.382578">
				<speed>1.976172</speed>
				<ele>1.301913</ele>
				<time>2026-09-05T02:56:31Z</time>
			</trkpt>
			<trkpt lat="35.315562" lon="139.382561">
				<speed>1.411106</speed>
				<ele>1.580027</ele>
				<time>2026-09-05T02:56:34Z</time>
			</trkpt>
			<trkpt lat="35.315601" lon="139.382552">
				<speed>1.689769</speed>
				<ele>1.933614</ele>
				<time>2026-09-05T02:56:37Z</time>
			</trkpt>
			<trkpt lat="35.315659" lon="139.382549">
				<speed>2.873069</speed>
				<ele>2.133057</ele>
				<time>2026-09-05T02:56:40Z</time>
			</trkpt>
			<trkpt lat="35.315742" lon="139.382549">
				<speed>3.496926</speed>
				<ele>3.410645</ele>
				<time>2026-09-05T02:56:43Z</time>
			</trkpt>
			<trkpt lat="35.315804" lon="139.382548">
				<speed>3.219236</speed>
				<ele>4.101293</ele>
				<time>2026-09-05T02:56:45Z</time>
			</trkpt>
			<trkpt lat="35.315866" lon="139.382545">
				<speed>3.038308</speed>
				<ele>4.850208</ele>
				<time>2026-09-05T02:56:47Z</time>
			</trkpt>
			<trkpt lat="35.315927" lon="139.382539">
				<speed>3.047293</speed>
				<ele>5.601214</ele>
				<time>2026-09-05T02:56:49Z</time>
			</trkpt>
			<trkpt lat="35.315988" lon="139.382530">
				<speed>3.208608</speed>
				<ele>5.737270</ele>
				<time>2026-09-05T02:56:51Z</time>
			</trkpt>
			<trkpt lat="35.316047" lon="139.382520">
				<speed>3.083500</speed>
				<ele>6.097785</ele>
				<time>2026-09-05T02:56:53Z</time>
			</trkpt>
			<trkpt lat="35.316102" lon="139.382502">
				<speed>3.068820</speed>
				<ele>6.272352</ele>
				<time>2026-09-05T02:56:55Z</time>
			</trkpt>
			<trkpt lat="35.316154" lon="139.382477">
				<speed>2.929156</speed>
				<ele>6.445904</ele>
				<time>2026-09-05T02:56:57Z</time>
			</trkpt>
			<trkpt lat="35.316177" lon="139.382464">
				<speed>2.395790</speed>
				<ele>6.598478</ele>
				<time>2026-09-05T02:56:58Z</time>
			</trkpt>
			<trkpt lat="35.316188" lon="139.382416">
				<speed>1.902088</speed>
				<ele>7.229473</ele>
				<time>2026-09-05T02:57:15Z</time>
			</trkpt>
			<trkpt lat="35.316180" lon="139.382325">
				<speed>3.130791</speed>
				<ele>6.526079</ele>
				<time>2026-09-05T02:57:19Z</time>
			</trkpt>
			<trkpt lat="35.316180" lon="139.382256">
				<speed>3.373967</speed>
				<ele>6.192176</ele>
				<time>2026-09-05T02:57:21Z</time>
			</trkpt>
			<trkpt lat="35.316181" lon="139.382177">
				<speed>3.677954</speed>
				<ele>6.257059</ele>
				<time>2026-09-05T02:57:23Z</time>
			</trkpt>
			<trkpt lat="35.316182" lon="139.382085">
				<speed>4.459479</speed>
				<ele>6.015596</ele>
				<time>2026-09-05T02:57:25Z</time>
			</trkpt>
			<trkpt lat="35.316180" lon="139.381987">
				<speed>4.404068</speed>
				<ele>6.193702</ele>
				<time>2026-09-05T02:57:27Z</time>
			</trkpt>
			<trkpt lat="35.316174" lon="139.381887">
				<speed>4.138878</speed>
				<ele>6.365244</ele>
				<time>2026-09-05T02:57:29Z</time>
			</trkpt>
			<trkpt lat="35.316165" lon="139.381789">
				<speed>3.808324</speed>
				<ele>6.366882</ele>
				<time>2026-09-05T02:57:31Z</time>
			</trkpt>
			<trkpt lat="35.316155" lon="139.381699">
				<speed>3.539999</speed>
				<ele>6.512612</ele>
				<time>2026-09-05T02:57:33Z</time>
			</trkpt>
			<trkpt lat="35.316146" lon="139.381617">
				<speed>3.125943</speed>
				<ele>6.693697</ele>
				<time>2026-09-05T02:57:35Z</time>
			</trkpt>
			<trkpt lat="35.316137" lon="139.381541">
				<speed>3.475909</speed>
				<ele>6.801322</ele>
				<time>2026-09-05T02:57:37Z</time>
			</trkpt>
			<trkpt lat="35.316127" lon="139.381466">
				<speed>3.863340</speed>
				<ele>7.284691</ele>
				<time>2026-09-05T02:57:39Z</time>
			</trkpt>
			<trkpt lat="35.316117" lon="139.381389">
				<speed>3.624764</speed>
				<ele>7.675088</ele>
				<time>2026-09-05T02:57:41Z</time>
			</trkpt>
			<trkpt lat="35.316108" lon="139.381309">
				<speed>3.837859</speed>
				<ele>7.291973</ele>
				<time>2026-09-05T02:57:43Z</time>
			</trkpt>
			<trkpt lat="35.316099" lon="139.381227">
				<speed>3.957211</speed>
				<ele>7.514628</ele>
				<time>2026-09-05T02:57:45Z</time>
			</trkpt>
			<trkpt lat="35.316092" lon="139.381143">
				<speed>3.932026</speed>
				<ele>7.972260</ele>
				<time>2026-09-05T02:57:47Z</time>
			</trkpt>
			<trkpt lat="35.316083" lon="139.381057">
				<speed>4.091809</speed>
				<ele>7.636609</ele>
				<time>2026-09-05T02:57:49Z</time>
			</trkpt>
			<trkpt lat="35.316074" lon="139.380967">
				<speed>4.368948</speed>
				<ele>7.647140</ele>
				<time>2026-09-05T02:57:51Z</time>
			</trkpt>
			<trkpt lat="35.316065" lon="139.380872">
				<speed>4.464683</speed>
				<ele>7.640278</ele>
				<time>2026-09-05T02:57:53Z</time>
			</trkpt>
			<trkpt lat="35.316054" lon="139.380773">
				<speed>4.548179</speed>
				<ele>7.518187</ele>
				<time>2026-09-05T02:57:55Z</time>
			</trkpt>
			<trkpt lat="35.316042" lon="139.380671">
				<speed>4.738216</speed>
				<ele>7.741379</ele>
				<time>2026-09-05T02:57:57Z</time>
			</trkpt>
			<trkpt lat="35.316029" lon="139.380566">
				<speed>4.609529</speed>
				<ele>7.505010</ele>
				<time>2026-09-05T02:57:59Z</time>
			</trkpt>
			<trkpt lat="35.316015" lon="139.380462">
				<speed>4.793504</speed>
				<ele>7.425038</ele>
				<time>2026-09-05T02:58:01Z</time>
			</trkpt>
			<trkpt lat="35.316001" lon="139.380356">
				<speed>4.728685</speed>
				<ele>7.364295</ele>
				<time>2026-09-05T02:58:03Z</time>
			</trkpt>
			<trkpt lat="35.315985" lon="139.380251">
				<speed>4.761160</speed>
				<ele>7.216511</ele>
				<time>2026-09-05T02:58:05Z</time>
			</trkpt>
			<trkpt lat="35.315970" lon="139.380145">
				<speed>4.827930</speed>
				<ele>7.169734</ele>
				<time>2026-09-05T02:58:07Z</time>
			</trkpt>
			<trkpt lat="35.315957" lon="139.380039">
				<speed>4.843981</speed>
				<ele>7.219544</ele>
				<time>2026-09-05T02:58:09Z</time>
			</trkpt>
			<trkpt lat="35.315946" lon="139.379930">
				<speed>5.029402</speed>
				<ele>6.674600</ele>
				<time>2026-09-05T02:58:11Z</time>
			</trkpt>
			<trkpt lat="35.315935" lon="139.379822">
				<speed>4.849275</speed>
				<ele>7.130665</ele>
				<time>2026-09-05T02:58:13Z</time>
			</trkpt>
			<trkpt lat="35.315923" lon="139.379713">
				<speed>4.916517</speed>
				<ele>7.159393</ele>
				<time>2026-09-05T02:58:15Z</time>
			</trkpt>
			<trkpt lat="35.315910" lon="139.379605">
				<speed>4.936318</speed>
				<ele>7.002094</ele>
				<time>2026-09-05T02:58:17Z</time>
			</trkpt>
			<trkpt lat="35.315897" lon="139.379496">
				<speed>5.117315</speed>
				<ele>7.171133</ele>
				<time>2026-09-05T02:58:19Z</time>
			</trkpt>
			<trkpt lat="35.315885" lon="139.379386">
				<speed>5.061704</speed>
				<ele>7.259539</ele>
				<time>2026-09-05T02:58:21Z</time>
			</trkpt>
			<trkpt lat="35.315872" lon="139.379276">
				<speed>4.875261</speed>
				<ele>7.154274</ele>
				<time>2026-09-05T02:58:23Z</time>
			</trkpt>
			<trkpt lat="35.315861" lon="139.379167">
				<speed>4.968100</speed>
				<ele>7.200059</ele>
				<time>2026-09-05T02:58:25Z</time>
			</trkpt>
			<trkpt lat="35.315851" lon="139.379059">
				<speed>4.965469</speed>
				<ele>6.965532</ele>
				<time>2026-09-05T02:58:27Z</time>
			</trkpt>
			<trkpt lat="35.315842" lon="139.378957">
				<speed>1.555915</speed>
				<ele>7.033529</ele>
				<time>2026-09-05T02:58:29Z</time>
			</trkpt>
			<trkpt lat="35.315834" lon="139.378863">
				<speed>1.451041</speed>
				<ele>6.625067</ele>
				<time>2026-09-05T02:58:31Z</time>
			</trkpt>
			<trkpt lat="35.315825" lon="139.378757">
				<speed>6.034301</speed>
				<ele>6.449591</ele>
				<time>2026-09-05T02:58:33Z</time>
			</trkpt>
			<trkpt lat="35.315815" lon="139.378640">
				<speed>5.107492</speed>
				<ele>6.991077</ele>
				<time>2026-09-05T02:58:35Z</time>
			</trkpt>
			<trkpt lat="35.315807" lon="139.378523">
				<speed>5.107492</speed>
				<ele>6.751261</ele>
				<time>2026-09-05T02:58:37Z</time>
			</trkpt>
			<trkpt lat="35.315803" lon="139.378405">
				<speed>5.261147</speed>
				<ele>6.660909</ele>
				<time>2026-09-05T02:58:39Z</time>
			</trkpt>
			<trkpt lat="35.315800" lon="139.378287">
				<speed>5.178253</speed>
				<ele>6.142393</ele>
				<time>2026-09-05T02:58:41Z</time>
			</trkpt>
			<trkpt lat="35.315796" lon="139.378170">
				<speed>5.352866</speed>
				<ele>5.941311</ele>
				<time>2026-09-05T02:58:43Z</time>
			</trkpt>
			<trkpt lat="35.315790" lon="139.378053">
				<speed>5.307044</speed>
				<ele>5.854603</ele>
				<time>2026-09-05T02:58:45Z</time>
			</trkpt>
			<trkpt lat="35.315782" lon="139.377937">
				<speed>5.310504</speed>
				<ele>5.616079</ele>
				<time>2026-09-05T02:58:47Z</time>
			</trkpt>
			<trkpt lat="35.315774" lon="139.377822">
				<speed>5.247501</speed>
				<ele>5.549597</ele>
				<time>2026-09-05T02:58:49Z</time>
			</trkpt>
			<trkpt lat="35.315766" lon="139.377707">
				<speed>5.290538</speed>
				<ele>5.074475</ele>
				<time>2026-09-05T02:58:51Z</time>
			</trkpt>
			<trkpt lat="35.315753" lon="139.377591">
				<speed>5.468729</speed>
				<ele>5.696156</ele>
				<time>2026-09-05T02:58:53Z</time>
			</trkpt>
			<trkpt lat="35.315745" lon="139.377473">
				<speed>5.405231</speed>
				<ele>5.184356</ele>
				<time>2026-09-05T02:58:55Z</time>
			</trkpt>
			<trkpt lat="35.315740" lon="139.377356">
				<speed>5.262784</speed>
				<ele>4.925147</ele>
				<time>2026-09-05T02:58:57Z</time>
			</trkpt>
			<trkpt lat="35.315734" lon="139.377240">
				<speed>5.336229</speed>
				<ele>5.092133</ele>
				<time>2026-09-05T02:58:59Z</time>
			</trkpt>
			<trkpt lat="35.315728" lon="139.377125">
				<speed>5.188618</speed>
				<ele>4.956286</ele>
				<time>2026-09-05T02:59:01Z</time>
			</trkpt>
			<trkpt lat="35.315719" lon="139.377011">
				<speed>5.290901</speed>
				<ele>4.960220</ele>
				<time>2026-09-05T02:59:03Z</time>
			</trkpt>
			<trkpt lat="35.315712" lon="139.376899">
				<speed>5.158963</speed>
				<ele>4.998294</ele>
				<time>2026-09-05T02:59:05Z</time>
			</trkpt>
			<trkpt lat="35.315704" lon="139.376787">
				<speed>5.263996</speed>
				<ele>5.342110</ele>
				<time>2026-09-05T02:59:07Z</time>
			</trkpt>
			<trkpt lat="35.315697" lon="139.376674">
				<speed>5.263996</speed>
				<ele>5.438651</ele>
				<time>2026-09-05T02:59:09Z</time>
			</trkpt>
			<trkpt lat="35.315692" lon="139.376561">
				<speed>5.233814</speed>
				<ele>5.578094</ele>
				<time>2026-09-05T02:59:11Z</time>
			</trkpt>
			<trkpt lat="35.315686" lon="139.376447">
				<speed>5.203869</speed>
				<ele>5.532041</ele>
				<time>2026-09-05T02:59:13Z</time>
			</trkpt>
			<trkpt lat="35.315681" lon="139.376336">
				<speed>5.179358</speed>
				<ele>5.927183</ele>
				<time>2026-09-05T02:59:15Z</time>
			</trkpt>
			<trkpt lat="35.315675" lon="139.376225">
				<speed>5.081652</speed>
				<ele>6.179490</ele>
				<time>2026-09-05T02:59:17Z</time>
			</trkpt>
			<trkpt lat="35.315666" lon="139.376112">
				<speed>5.256609</speed>
				<ele>6.334873</ele>
				<time>2026-09-05T02:59:19Z</time>
			</trkpt>
			<trkpt lat="35.315650" lon="139.375994">
				<speed>5.497260</speed>
				<ele>6.551945</ele>
				<time>2026-09-05T02:59:21Z</time>
			</trkpt>
			<trkpt lat="35.315631" lon="139.375873">
				<speed>5.599194</speed>
				<ele>6.535588</ele>
				<time>2026-09-05T02:59:23Z</time>
			</trkpt>
			<trkpt lat="35.315613" lon="139.375750">
				<speed>5.682355</speed>
				<ele>6.171950</ele>
				<time>2026-09-05T02:59:25Z</time>
			</trkpt>
			<trkpt lat="35.315598" lon="139.375624">
				<speed>5.867612</speed>
				<ele>5.945785</ele>
				<time>2026-09-05T02:59:27Z</time>
			</trkpt>
			<trkpt lat="35.315584" lon="139.375495">
				<speed>5.935395</speed>
				<ele>6.211473</ele>
				<time>2026-09-05T02:59:29Z</time>
			</trkpt>
			<trkpt lat="35.315575" lon="139.375363">
				<speed>5.991202</speed>
				<ele>5.946522</ele>
				<time>2026-09-05T02:59:31Z</time>
			</trkpt>
			<trkpt lat="35.315572" lon="139.375295">
				<speed>6.207935</speed>
				<ele>5.945753</ele>
				<time>2026-09-05T02:59:32Z</time>
			</trkpt>
			<trkpt lat="35.315570" lon="139.375227">
				<speed>6.207935</speed>
				<ele>5.940150</ele>
				<time>2026-09-05T02:59:33Z</time>
			</trkpt>
			<trkpt lat="35.315567" lon="139.375159">
				<speed>6.207935</speed>
				<ele>5.886496</ele>
				<time>2026-09-05T02:59:34Z</time>
			</trkpt>
			<trkpt lat="35.315564" lon="139.375090">
				<speed>6.120522</speed>
				<ele>5.915995</ele>
				<time>2026-09-05T02:59:35Z</time>
			</trkpt>
			<trkpt lat="35.315561" lon="139.375022">
				<speed>6.197589</speed>
				<ele>5.942391</ele>
				<time>2026-09-05T02:59:36Z</time>
			</trkpt>
			<trkpt lat="35.315557" lon="139.374954">
				<speed>6.120522</speed>
				<ele>5.933302</ele>
				<time>2026-09-05T02:59:37Z</time>
			</trkpt>
			<trkpt lat="35.315553" lon="139.374886">
				<speed>6.074959</speed>
				<ele>6.043197</ele>
				<time>2026-09-05T02:59:38Z</time>
			</trkpt>
			<trkpt lat="35.315548" lon="139.374758">
				<speed>5.375309</speed>
				<ele>6.050640</ele>
				<time>2026-09-05T02:59:40Z</time>
			</trkpt>
			<trkpt lat="35.315558" lon="139.374657">
				<speed>3.419194</speed>
				<ele>6.116687</ele>
				<time>2026-09-05T02:59:42Z</time>
			</trkpt>
			<trkpt lat="35.315576" lon="139.374591">
				<speed>2.153144</speed>
				<ele>5.393709</ele>
				<time>2026-09-05T02:59:44Z</time>
			</trkpt>
			<trkpt lat="35.315595" lon="139.374546">
				<speed>2.016813</speed>
				<ele>5.697599</ele>
				<time>2026-09-05T02:59:46Z</time>
			</trkpt>
			<trkpt lat="35.315605" lon="139.374500">
				<speed>2.329388</speed>
				<ele>6.600448</ele>
				<time>2026-09-05T02:59:58Z</time>
			</trkpt>
			<trkpt lat="35.315598" lon="139.374441">
				<speed>2.731835</speed>
				<ele>6.858275</ele>
				<time>2026-09-05T03:00:00Z</time>
			</trkpt>
			<trkpt lat="35.315593" lon="139.374383">
				<speed>2.266491</speed>
				<ele>6.720789</ele>
				<time>2026-09-05T03:00:02Z</time>
			</trkpt>
			<trkpt lat="35.315595" lon="139.374329">
				<speed>2.129369</speed>
				<ele>6.527279</ele>
				<time>2026-09-05T03:00:04Z</time>
			</trkpt>
			<trkpt lat="35.315601" lon="139.374279">
				<speed>1.842851</speed>
				<ele>6.329256</ele>
				<time>2026-09-05T03:00:06Z</time>
			</trkpt>
			<trkpt lat="35.315610" lon="139.374196">
				<speed>0.582713</speed>
				<ele>6.406365</ele>
				<time>2026-09-05T03:00:13Z</time>
			</trkpt>
			<trkpt lat="35.315650" lon="139.374220">
				<speed>2.100658</speed>
				<ele>6.168929</ele>
				<time>2026-09-05T03:00:33Z</time>
			</trkpt>
			<trkpt lat="35.315705" lon="139.374218">
				<speed>2.736791</speed>
				<ele>6.619184</ele>
				<time>2026-09-05T03:00:36Z</time>
			</trkpt>
			<trkpt lat="35.315781" lon="139.374228">
				<speed>3.094038</speed>
				<ele>6.703323</ele>
				<time>2026-09-05T03:00:39Z</time>
			</trkpt>
			<trkpt lat="35.315843" lon="139.374231">
				<speed>4.148865</speed>
				<ele>6.322874</ele>
				<time>2026-09-05T03:00:41Z</time>
			</trkpt>
			<trkpt lat="35.315916" lon="139.374225">
				<speed>4.526846</speed>
				<ele>6.308675</ele>
				<time>2026-09-05T03:00:43Z</time>
			</trkpt>
			<trkpt lat="35.315998" lon="139.374210">
				<speed>4.697197</speed>
				<ele>6.319834</ele>
				<time>2026-09-05T03:00:45Z</time>
			</trkpt>
			<trkpt lat="35.316086" lon="139.374190">
				<speed>4.643720</speed>
				<ele>6.518657</ele>
				<time>2026-09-05T03:00:47Z</time>
			</trkpt>
			<trkpt lat="35.316175" lon="139.374167">
				<speed>4.602258</speed>
				<ele>6.349338</ele>
				<time>2026-09-05T03:00:49Z</time>
			</trkpt>
			<trkpt lat="35.316263" lon="139.374143">
				<speed>4.566517</speed>
				<ele>6.443165</ele>
				<time>2026-09-05T03:00:51Z</time>
			</trkpt>
			<trkpt lat="35.316350" lon="139.374120">
				<speed>4.529040</speed>
				<ele>6.376854</ele>
				<time>2026-09-05T03:00:53Z</time>
			</trkpt>
			<trkpt lat="35.316434" lon="139.374100">
				<speed>4.505513</speed>
				<ele>6.382212</ele>
				<time>2026-09-05T03:00:55Z</time>
			</trkpt>
			<trkpt lat="35.316516" lon="139.374082">
				<speed>4.349457</speed>
				<ele>6.680721</ele>
				<time>2026-09-05T03:00:57Z</time>
			</trkpt>
			<trkpt lat="35.316594" lon="139.374067">
				<speed>3.820619</speed>
				<ele>7.296241</ele>
				<time>2026-09-05T03:00:59Z</time>
			</trkpt>
			<trkpt lat="35.316664" lon="139.374054">
				<speed>3.188532</speed>
				<ele>7.316038</ele>
				<time>2026-09-05T03:01:01Z</time>
			</trkpt>
			<trkpt lat="35.316719" lon="139.374039">
				<speed>1.800980</speed>
				<ele>7.245010</ele>
				<time>2026-09-05T03:01:03Z</time>
			</trkpt>
			<trkpt lat="35.316625" lon="139.374028">
				<speed>4.081032</speed>
				<ele>5.621848</ele>
				<time>2026-09-05T03:01:57Z</time>
			</trkpt>
			<trkpt lat="35.316531" lon="139.374026">
				<speed>4.331817</speed>
				<ele>4.228252</ele>
				<time>2026-09-05T03:02:00Z</time>
			</trkpt>
			<trkpt lat="35.316422" lon="139.374019">
				<speed>4.267931</speed>
				<ele>3.406630</ele>
				<time>2026-09-05T03:02:02Z</time>
			</trkpt>
			<trkpt lat="35.316365" lon="139.374014">
				<speed>3.877800</speed>
				<ele>3.103322</ele>
				<time>2026-09-05T03:02:03Z</time>
			</trkpt>
			<trkpt lat="35.316310" lon="139.374009">
				<speed>3.776818</speed>
				<ele>2.829552</ele>
				<time>2026-09-05T03:02:04Z</time>
			</trkpt>
			<trkpt lat="35.316209" lon="139.373997">
				<speed>3.707837</speed>
				<ele>1.951611</ele>
				<time>2026-09-05T03:02:06Z</time>
			</trkpt>
			<trkpt lat="35.316124" lon="139.373985">
				<speed>3.014028</speed>
				<ele>1.599769</ele>
				<time>2026-09-05T03:02:08Z</time>
			</trkpt>
			<trkpt lat="35.316088" lon="139.373980">
				<speed>2.783126</speed>
				<ele>1.617950</ele>
				<time>2026-09-05T03:02:09Z</time>
			</trkpt>
			<trkpt lat="35.316093" lon="139.373937">
				<speed>0.707631</speed>
				<ele>2.714088</ele>
				<time>2026-09-05T03:02:21Z</time>
			</trkpt>
			<trkpt lat="35.316104" lon="139.373886">
				<speed>1.587447</speed>
				<ele>2.928663</ele>
				<time>2026-09-05T03:02:24Z</time>
			</trkpt>
			<trkpt lat="35.316115" lon="139.373825">
				<speed>1.421844</speed>
				<ele>2.844956</ele>
				<time>2026-09-05T03:02:27Z</time>
			</trkpt>
			<trkpt lat="35.316127" lon="139.373774">
				<speed>1.275699</speed>
				<ele>2.764961</ele>
				<time>2026-09-05T03:02:30Z</time>
			</trkpt>
			<trkpt lat="35.316132" lon="139.373726">
				<speed>1.395346</speed>
				<ele>2.284921</ele>
				<time>2026-09-05T03:02:33Z</time>
			</trkpt>
			<trkpt lat="35.316113" lon="139.373681">
				<speed>1.669767</speed>
				<ele>1.393715</ele>
				<time>2026-09-05T03:02:37Z</time>
			</trkpt>
			<trkpt lat="35.316076" lon="139.373648">
				<speed>1.589073</speed>
				<ele>1.985417</ele>
				<time>2026-09-05T03:02:40Z</time>
			</trkpt>
			<trkpt lat="35.316035" lon="139.373629">
				<speed>1.443602</speed>
				<ele>2.182955</ele>
				<time>2026-09-05T03:02:43Z</time>
			</trkpt>
			<trkpt lat="35.315997" lon="139.373613">
				<speed>1.629177</speed>
				<ele>2.559293</ele>
				<time>2026-09-05T03:02:46Z</time>
			</trkpt>
			<trkpt lat="35.315962" lon="139.373586">
				<speed>1.586183</speed>
				<ele>1.808699</ele>
				<time>2026-09-05T03:02:49Z</time>
			</trkpt>
			<trkpt lat="35.315934" lon="139.373543">
				<speed>1.602754</speed>
				<ele>1.577857</ele>
				<time>2026-09-05T03:02:52Z</time>
			</trkpt>
			<trkpt lat="35.315919" lon="139.373493">
				<speed>1.522069</speed>
				<ele>2.052834</ele>
				<time>2026-09-05T03:02:55Z</time>
			</trkpt>
			<trkpt lat="35.315904" lon="139.373448">
				<speed>1.504110</speed>
				<ele>1.361306</ele>
				<time>2026-09-05T03:02:58Z</time>
			</trkpt>
			<trkpt lat="35.315865" lon="139.373425">
				<speed>1.568834</speed>
				<ele>2.045442</ele>
				<time>2026-09-05T03:03:02Z</time>
			</trkpt>
			<trkpt lat="35.315825" lon="139.373417">
				<speed>1.594444</speed>
				<ele>2.707531</ele>
				<time>2026-09-05T03:03:05Z</time>
			</trkpt>
			<trkpt lat="35.315781" lon="139.373415">
				<speed>1.565899</speed>
				<ele>1.642445</ele>
				<time>2026-09-05T03:03:08Z</time>
			</trkpt>
			<trkpt lat="35.315739" lon="139.373431">
				<speed>1.161288</speed>
				<ele>3.739200</ele>
				<time>2026-09-05T03:03:11Z</time>
			</trkpt>
			<trkpt lat="35.315705" lon="139.373461">
				<speed>1.582026</speed>
				<ele>3.719955</ele>
				<time>2026-09-05T03:03:14Z</time>
			</trkpt>
			<trkpt lat="35.315671" lon="139.373488">
				<speed>1.544533</speed>
				<ele>3.057400</ele>
				<time>2026-09-05T03:03:17Z</time>
			</trkpt>
			<trkpt lat="35.315639" lon="139.373518">
				<speed>1.147970</speed>
				<ele>3.321091</ele>
				<time>2026-09-05T03:03:21Z</time>
			</trkpt>
			<trkpt lat="35.315670" lon="139.373580">
				<speed>0.779152</speed>
				<ele>2.495468</ele>
				<time>2026-09-05T03:04:17Z</time>
			</trkpt>
			<trkpt lat="35.315687" lon="139.373631">
				<speed>0.848136</speed>
				<ele>2.350577</ele>
				<time>2026-09-05T03:04:26Z</time>
			</trkpt>
			<trkpt lat="35.315692" lon="139.373684">
				<speed>0.484204</speed>
				<ele>2.391191</ele>
				<time>2026-09-05T03:04:35Z</time>
			</trkpt>
			<trkpt lat="35.315683" lon="139.373630">
				<speed>0.118684</speed>
				<ele>2.262257</ele>
				<time>2026-09-05T03:04:54Z</time>
			</trkpt>
			<trkpt lat="35.315676" lon="139.373573">
				<speed>0.090016</speed>
				<ele>2.431673</ele>
				<time>2026-09-05T03:05:00Z</time>
			</trkpt>
			<trkpt lat="35.315696" lon="139.373635">
				<speed>0.985963</speed>
				<ele>2.456514</ele>
				<time>2026-09-05T03:05:16Z</time>
			</trkpt>
			<trkpt lat="35.315695" lon="139.373687">
				<speed>0.424573</speed>
				<ele>2.478472</ele>
				<time>2026-09-05T03:05:22Z</time>
			</trkpt>
			<trkpt lat="35.315685" lon="139.373618">
				<speed>0.091052</speed>
				<ele>2.279109</ele>
				<time>2026-09-05T03:05:36Z</time>
			</trkpt>
			<trkpt lat="35.315678" lon="139.373568">
				<speed>0.053007</speed>
				<ele>2.343851</ele>
				<time>2026-09-05T03:05:42Z</time>
			</trkpt>
			<trkpt lat="35.315695" lon="139.373638">
				<speed>0.915156</speed>
				<ele>2.174145</ele>
				<time>2026-09-05T03:05:57Z</time>
			</trkpt>
			<trkpt lat="35.315691" lon="139.373689">
				<speed>0.495452</speed>
				<ele>2.198581</ele>
				<time>2026-09-05T03:06:03Z</time>
			</trkpt>
			<trkpt lat="35.315679" lon="139.373609">
				<speed>0.206956</speed>
				<ele>2.160823</ele>
				<time>2026-09-05T03:06:16Z</time>
			</trkpt>
			<trkpt lat="35.315679" lon="139.373557">
				<speed>0.041666</speed>
				<ele>1.988975</ele>
				<time>2026-09-05T03:06:22Z</time>
			</trkpt>
			<trkpt lat="35.315691" lon="139.373604">
				<speed>0.476882</speed>
				<ele>2.381125</ele>
				<time>2026-09-05T03:06:33Z</time>
			</trkpt>
			<trkpt lat="35.315696" lon="139.373649">
				<speed>0.725051</speed>
				<ele>2.322477</ele>
				<time>2026-09-05T03:06:34Z</time>
			</trkpt>
			<trkpt lat="35.315682" lon="139.373603">
				<speed>0.096131</speed>
				<ele>2.088407</ele>
				<time>2026-09-05T03:06:51Z</time>
			</trkpt>
			<trkpt lat="35.315682" lon="139.373557">
				<speed>0.537812</speed>
				<ele>2.335722</ele>
				<time>2026-09-05T03:07:05Z</time>
			</trkpt>
			<trkpt lat="35.315697" lon="139.373642">
				<speed>0.795786</speed>
				<ele>2.145861</ele>
				<time>2026-09-05T03:07:17Z</time>
			</trkpt>
			<trkpt lat="35.315679" lon="139.373578">
				<speed>0.099260</speed>
				<ele>2.429259</ele>
				<time>2026-09-05T03:07:33Z</time>
			</trkpt>
			<trkpt lat="35.315694" lon="139.373623">
				<speed>0.841807</speed>
				<ele>2.335284</ele>
				<time>2026-09-05T03:07:48Z</time>
			</trkpt>
			<trkpt lat="35.315694" lon="139.373669">
				<speed>0.517480</speed>
				<ele>2.514714</ele>
				<time>2026-09-05T03:07:54Z</time>
			</trkpt>
			<trkpt lat="35.315684" lon="139.373600">
				<speed>0.097411</speed>
				<ele>2.647647</ele>
				<time>2026-09-05T03:08:07Z</time>
			</trkpt>
			<trkpt lat="35.315701" lon="139.373643">
				<speed>0.911332</speed>
				<ele>2.585069</ele>
				<time>2026-09-05T03:08:23Z</time>
			</trkpt>
			<trkpt lat="35.315712" lon="139.373685">
				<speed>0.294742</speed>
				<ele>2.923646</ele>
				<time>2026-09-05T03:08:51Z</time>
			</trkpt>
			<trkpt lat="35.315776" lon="139.373716">
				<speed>0.793075</speed>
				<ele>2.256314</ele>
				<time>2026-09-05T03:08:57Z</time>
			</trkpt>
			<trkpt lat="35.315813" lon="139.373736">
				<speed>1.479642</speed>
				<ele>1.790245</ele>
				<time>2026-09-05T03:09:04Z</time>
			</trkpt>
			<trkpt lat="35.315846" lon="139.373756">
				<speed>1.456744</speed>
				<ele>2.071651</ele>
				<time>2026-09-05T03:09:06Z</time>
			</trkpt>
			<trkpt lat="35.315897" lon="139.373783">
				<speed>0.585201</speed>
				<ele>3.058985</ele>
				<time>2026-09-05T03:10:40Z</time>
			</trkpt>
			<trkpt lat="35.315937" lon="139.373807">
				<speed>1.172890</speed>
				<ele>2.716890</ele>
				<time>2026-09-05T03:10:48Z</time>
			</trkpt>
			<trkpt lat="35.315966" lon="139.373832">
				<speed>1.106237</speed>
				<ele>2.624032</ele>
				<time>2026-09-05T03:10:51Z</time>
			</trkpt>
			<trkpt lat="35.316017" lon="139.373878">
				<speed>0.683918</speed>
				<ele>2.156631</ele>
				<time>2026-09-05T03:11:14Z</time>
			</trkpt>
			<trkpt lat="35.316049" lon="139.373912">
				<speed>1.230886</speed>
				<ele>2.256452</ele>
				<time>2026-09-05T03:11:21Z</time>
			</trkpt>
			<trkpt lat="35.316078" lon="139.373945">
				<speed>1.128076</speed>
				<ele>2.569322</ele>
				<time>2026-09-05T03:11:24Z</time>
			</trkpt>
			<trkpt lat="35.316114" lon="139.373964">
				<speed>0.126953</speed>
				<ele>2.921094</ele>
				<time>2026-09-05T03:11:41Z</time>
			</trkpt>
			<trkpt lat="35.316162" lon="139.373965">
				<speed>0.128586</speed>
				<ele>3.360074</ele>
				<time>2026-09-05T03:11:45Z</time>
			</trkpt>
			<trkpt lat="35.316197" lon="139.373975">
				<speed>0.103842</speed>
				<ele>4.107765</ele>
				<time>2026-09-05T03:11:51Z</time>
			</trkpt>
			<trkpt lat="35.316249" lon="139.373986">
				<speed>0.103842</speed>
				<ele>4.216258</ele>
				<time>2026-09-05T03:11:52Z</time>
			</trkpt>
			<trkpt lat="35.316340" lon="139.374006">
				<speed>0.172716</speed>
				<ele>5.056370</ele>
				<time>2026-09-05T03:11:58Z</time>
			</trkpt>
			<trkpt lat="35.316424" lon="139.374015">
				<speed>0.141858</speed>
				<ele>5.838015</ele>
				<time>2026-09-05T03:12:04Z</time>
			</trkpt>
			<trkpt lat="35.316505" lon="139.374028">
				<speed>0.137715</speed>
				<ele>6.561763</ele>
				<time>2026-09-05T03:12:10Z</time>
			</trkpt>
			<trkpt lat="35.316587" lon="139.374021">
				<speed>0.185775</speed>
				<ele>7.230170</ele>
				<time>2026-09-05T03:12:16Z</time>
			</trkpt>
			<trkpt lat="35.316631" lon="139.374008">
				<speed>0.000000</speed>
				<ele>6.927280</ele>
				<time>2026-09-05T03:12:22Z</time>
			</trkpt>
			<trkpt lat="35.316670" lon="139.374013">
				<speed>0.131434</speed>
				<ele>6.278868</ele>
				<time>2026-09-05T03:13:59Z</time>
			</trkpt>
			<trkpt lat="35.316754" lon="139.374028">
				<speed>3.761530</speed>
				<ele>5.833769</ele>
				<time>2026-09-05T03:14:07Z</time>
			</trkpt>
			<trkpt lat="35.316844" lon="139.374030">
				<speed>4.653294</speed>
				<ele>5.533992</ele>
				<time>2026-09-05T03:14:09Z</time>
			</trkpt>
			<trkpt lat="35.316952" lon="139.374027">
				<speed>4.902360</speed>
				<ele>6.031891</ele>
				<time>2026-09-05T03:14:11Z</time>
			</trkpt>
			<trkpt lat="35.317006" lon="139.374023">
				<speed>4.743520</speed>
				<ele>5.994075</ele>
				<time>2026-09-05T03:14:12Z</time>
			</trkpt>
			<trkpt lat="35.317060" lon="139.374018">
				<speed>4.788721</speed>
				<ele>6.177287</ele>
				<time>2026-09-05T03:14:13Z</time>
			</trkpt>
			<trkpt lat="35.317164" lon="139.374002">
				<speed>4.617119</speed>
				<ele>6.318704</ele>
				<time>2026-09-05T03:14:15Z</time>
			</trkpt>
			<trkpt lat="35.317259" lon="139.373981">
				<speed>4.307459</speed>
				<ele>6.326278</ele>
				<time>2026-09-05T03:14:17Z</time>
			</trkpt>
			<trkpt lat="35.317344" lon="139.373960">
				<speed>4.042766</speed>
				<ele>6.616059</ele>
				<time>2026-09-05T03:14:19Z</time>
			</trkpt>
			<trkpt lat="35.317424" lon="139.373939">
				<speed>3.986134</speed>
				<ele>6.648218</ele>
				<time>2026-09-05T03:14:21Z</time>
			</trkpt>
			<trkpt lat="35.317499" lon="139.373916">
				<speed>4.209297</speed>
				<ele>6.667990</ele>
				<time>2026-09-05T03:14:23Z</time>
			</trkpt>
			<trkpt lat="35.317569" lon="139.373889">
				<speed>3.979846</speed>
				<ele>6.777175</ele>
				<time>2026-09-05T03:14:25Z</time>
			</trkpt>
			<trkpt lat="35.317637" lon="139.373858">
				<speed>4.009037</speed>
				<ele>6.873346</ele>
				<time>2026-09-05T03:14:27Z</time>
			</trkpt>
			<trkpt lat="35.317705" lon="139.373830">
				<speed>4.191363</speed>
				<ele>7.014594</ele>
				<time>2026-09-05T03:14:29Z</time>
			</trkpt>
			<trkpt lat="35.317775" lon="139.373805">
				<speed>4.367879</speed>
				<ele>7.065040</ele>
				<time>2026-09-05T03:14:31Z</time>
			</trkpt>
			<trkpt lat="35.317848" lon="139.373785">
				<speed>4.416917</speed>
				<ele>7.443128</ele>
				<time>2026-09-05T03:14:33Z</time>
			</trkpt>
			<trkpt lat="35.317924" lon="139.373768">
				<speed>4.509280</speed>
				<ele>7.266301</ele>
				<time>2026-09-05T03:14:35Z</time>
			</trkpt>
			<trkpt lat="35.318005" lon="139.373754">
				<speed>4.840360</speed>
				<ele>7.262629</ele>
				<time>2026-09-05T03:14:37Z</time>
			</trkpt>
			<trkpt lat="35.318090" lon="139.373745">
				<speed>4.957549</speed>
				<ele>7.165866</ele>
				<time>2026-09-05T03:14:39Z</time>
			</trkpt>
			<trkpt lat="35.318179" lon="139.373743">
				<speed>4.937896</speed>
				<ele>7.375300</ele>
				<time>2026-09-05T03:14:41Z</time>
			</trkpt>
			<trkpt lat="35.318270" lon="139.373745">
				<speed>5.093210</speed>
				<ele>7.135963</ele>
				<time>2026-09-05T03:14:43Z</time>
			</trkpt>
			<trkpt lat="35.318361" lon="139.373747">
				<speed>4.955118</speed>
				<ele>6.970209</ele>
				<time>2026-09-05T03:14:45Z</time>
			</trkpt>
			<trkpt lat="35.318450" lon="139.373742">
				<speed>4.731567</speed>
				<ele>6.952442</ele>
				<time>2026-09-05T03:14:47Z</time>
			</trkpt>
			<trkpt lat="35.318539" lon="139.373732">
				<speed>4.958264</speed>
				<ele>6.885903</ele>
				<time>2026-09-05T03:14:49Z</time>
			</trkpt>
			<trkpt lat="35.318627" lon="139.373717">
				<speed>4.744409</speed>
				<ele>6.925895</ele>
				<time>2026-09-05T03:14:51Z</time>
			</trkpt>
			<trkpt lat="35.318711" lon="139.373700">
				<speed>4.387070</speed>
				<ele>6.940611</ele>
				<time>2026-09-05T03:14:53Z</time>
			</trkpt>
			<trkpt lat="35.318791" lon="139.373686">
				<speed>4.009247</speed>
				<ele>6.961007</ele>
				<time>2026-09-05T03:14:55Z</time>
			</trkpt>
			<trkpt lat="35.318864" lon="139.373677">
				<speed>3.758311</speed>
				<ele>6.703513</ele>
				<time>2026-09-05T03:14:57Z</time>
			</trkpt>
			<trkpt lat="35.318936" lon="139.373672">
				<speed>4.379310</speed>
				<ele>6.068474</ele>
				<time>2026-09-05T03:14:59Z</time>
			</trkpt>
			<trkpt lat="35.319009" lon="139.373673">
				<speed>4.279239</speed>
				<ele>5.957223</ele>
				<time>2026-09-05T03:15:01Z</time>
			</trkpt>
			<trkpt lat="35.319083" lon="139.373681">
				<speed>3.908823</speed>
				<ele>5.983350</ele>
				<time>2026-09-05T03:15:03Z</time>
			</trkpt>
			<trkpt lat="35.319153" lon="139.373692">
				<speed>3.647832</speed>
				<ele>5.922318</ele>
				<time>2026-09-05T03:15:05Z</time>
			</trkpt>
			<trkpt lat="35.319220" lon="139.373699">
				<speed>3.730692</speed>
				<ele>5.548940</ele>
				<time>2026-09-05T03:15:07Z</time>
			</trkpt>
			<trkpt lat="35.319283" lon="139.373698">
				<speed>3.239167</speed>
				<ele>5.367473</ele>
				<time>2026-09-05T03:15:09Z</time>
			</trkpt>
			<trkpt lat="35.319336" lon="139.373689">
				<speed>2.190032</speed>
				<ele>5.289309</ele>
				<time>2026-09-05T03:15:11Z</time>
			</trkpt>
			<trkpt lat="35.319371" lon="139.373672">
				<speed>1.302672</speed>
				<ele>5.361927</ele>
				<time>2026-09-05T03:15:13Z</time>
			</trkpt>
			<trkpt lat="35.319407" lon="139.373644">
				<speed>1.335345</speed>
				<ele>5.255366</ele>
				<time>2026-09-05T03:15:16Z</time>
			</trkpt>
			<trkpt lat="35.319458" lon="139.373702">
				<speed>4.450000</speed>
				<ele>4.560224</ele>
				<time>2026-09-05T03:15:20Z</time>
			</trkpt>
			<trkpt lat="35.319493" lon="139.373776">
				<speed>4.634975</speed>
				<ele>5.069804</ele>
				<time>2026-09-05T03:15:22Z</time>
			</trkpt>
			<trkpt lat="35.319527" lon="139.373869">
				<speed>4.270167</speed>
				<ele>5.751893</ele>
				<time>2026-09-05T03:15:24Z</time>
			</trkpt>
			<trkpt lat="35.319558" lon="139.373970">
				<speed>4.398145</speed>
				<ele>5.986578</ele>
				<time>2026-09-05T03:15:26Z</time>
			</trkpt>
			<trkpt lat="35.319586" lon="139.374079">
				<speed>5.069754</speed>
				<ele>5.681715</ele>
				<time>2026-09-05T03:15:28Z</time>
			</trkpt>
			<trkpt lat="35.319616" lon="139.374199">
				<speed>5.884936</speed>
				<ele>5.769679</ele>
				<time>2026-09-05T03:15:30Z</time>
			</trkpt>
			<trkpt lat="35.319633" lon="139.374264">
				<speed>6.385346</speed>
				<ele>5.879439</ele>
				<time>2026-09-05T03:15:31Z</time>
			</trkpt>
			<trkpt lat="35.319650" lon="139.374332">
				<speed>6.334724</speed>
				<ele>5.987332</ele>
				<time>2026-09-05T03:15:32Z</time>
			</trkpt>
			<trkpt lat="35.319668" lon="139.374401">
				<speed>6.228891</speed>
				<ele>6.142506</ele>
				<time>2026-09-05T03:15:33Z</time>
			</trkpt>
			<trkpt lat="35.319687" lon="139.374470">
				<speed>6.057923</speed>
				<ele>6.316214</ele>
				<time>2026-09-05T03:15:34Z</time>
			</trkpt>
			<trkpt lat="35.319705" lon="139.374539">
				<speed>6.083609</speed>
				<ele>6.515968</ele>
				<time>2026-09-05T03:15:35Z</time>
			</trkpt>
			<trkpt lat="35.319724" lon="139.374608">
				<speed>6.032790</speed>
				<ele>6.727808</ele>
				<time>2026-09-05T03:15:36Z</time>
			</trkpt>
			<trkpt lat="35.319742" lon="139.374675">
				<speed>5.893539</speed>
				<ele>6.886550</ele>
				<time>2026-09-05T03:15:37Z</time>
			</trkpt>
			<trkpt lat="35.319760" lon="139.374742">
				<speed>5.712056</speed>
				<ele>7.166163</ele>
				<time>2026-09-05T03:15:38Z</time>
			</trkpt>
			<trkpt lat="35.319776" lon="139.374807">
				<speed>5.604663</speed>
				<ele>7.315727</ele>
				<time>2026-09-05T03:15:39Z</time>
			</trkpt>
			<trkpt lat="35.319790" lon="139.374871">
				<speed>5.437299</speed>
				<ele>7.471191</ele>
				<time>2026-09-05T03:15:40Z</time>
			</trkpt>
			<trkpt lat="35.319817" lon="139.374991">
				<speed>4.976711</speed>
				<ele>8.015875</ele>
				<time>2026-09-05T03:15:42Z</time>
			</trkpt>
			<trkpt lat="35.319848" lon="139.375097">
				<speed>4.424092</speed>
				<ele>8.256113</ele>
				<time>2026-09-05T03:15:44Z</time>
			</trkpt>
			<trkpt lat="35.319888" lon="139.375165">
				<speed>2.704137</speed>
				<ele>8.459441</ele>
				<time>2026-09-05T03:15:46Z</time>
			</trkpt>
			<trkpt lat="35.319899" lon="139.375090">
				<speed>4.448277</speed>
				<ele>8.923123</ele>
				<time>2026-09-05T03:15:51Z</time>
			</trkpt>
			<trkpt lat="35.319880" lon="139.374987">
				<speed>4.866259</speed>
				<ele>8.919502</ele>
				<time>2026-09-05T03:15:53Z</time>
			</trkpt>
			<trkpt lat="35.319845" lon="139.374861">
				<speed>5.380102</speed>
				<ele>9.147111</ele>
				<time>2026-09-05T03:15:55Z</time>
			</trkpt>
			<trkpt lat="35.319825" lon="139.374792">
				<speed>5.620264</speed>
				<ele>9.059866</ele>
				<time>2026-09-05T03:15:56Z</time>
			</trkpt>
			<trkpt lat="35.319803" lon="139.374720">
				<speed>5.996331</speed>
				<ele>9.345811</ele>
				<time>2026-09-05T03:15:57Z</time>
			</trkpt>
			<trkpt lat="35.319780" lon="139.374646">
				<speed>5.999291</speed>
				<ele>9.407809</ele>
				<time>2026-09-05T03:15:58Z</time>
			</trkpt>
			<trkpt lat="35.319756" lon="139.374570">
				<speed>6.400545</speed>
				<ele>9.482565</ele>
				<time>2026-09-05T03:15:59Z</time>
			</trkpt>
			<trkpt lat="35.319731" lon="139.374492">
				<speed>6.798593</speed>
				<ele>9.532624</ele>
				<time>2026-09-05T03:16:00Z</time>
			</trkpt>
			<trkpt lat="35.319706" lon="139.374413">
				<speed>6.647507</speed>
				<ele>9.641427</ele>
				<time>2026-09-05T03:16:01Z</time>
			</trkpt>
			<trkpt lat="35.319682" lon="139.374335">
				<speed>6.313189</speed>
				<ele>9.772462</ele>
				<time>2026-09-05T03:16:02Z</time>
			</trkpt>
			<trkpt lat="35.319659" lon="139.374258">
				<speed>6.209698</speed>
				<ele>9.795895</ele>
				<time>2026-09-05T03:16:03Z</time>
			</trkpt>
			<trkpt lat="35.319636" lon="139.374183">
				<speed>6.137802</speed>
				<ele>9.779512</ele>
				<time>2026-09-05T03:16:04Z</time>
			</trkpt>
			<trkpt lat="35.319615" lon="139.374111">
				<speed>5.871954</speed>
				<ele>9.887955</ele>
				<time>2026-09-05T03:16:05Z</time>
			</trkpt>
			<trkpt lat="35.319595" lon="139.374040">
				<speed>5.875073</speed>
				<ele>9.957411</ele>
				<time>2026-09-05T03:16:06Z</time>
			</trkpt>
			<trkpt lat="35.319575" lon="139.373972">
				<speed>5.799343</speed>
				<ele>9.869348</ele>
				<time>2026-09-05T03:16:07Z</time>
			</trkpt>
			<trkpt lat="35.319556" lon="139.373907">
				<speed>5.701577</speed>
				<ele>10.040135</ele>
				<time>2026-09-05T03:16:08Z</time>
			</trkpt>
			<trkpt lat="35.319537" lon="139.373843">
				<speed>5.530912</speed>
				<ele>10.087972</ele>
				<time>2026-09-05T03:16:09Z</time>
			</trkpt>
			<trkpt lat="35.319502" lon="139.373721">
				<speed>5.581626</speed>
				<ele>10.020664</ele>
				<time>2026-09-05T03:16:11Z</time>
			</trkpt>
			<trkpt lat="35.319469" lon="139.373604">
				<speed>5.506433</speed>
				<ele>10.151334</ele>
				<time>2026-09-05T03:16:13Z</time>
			</trkpt>
			<trkpt lat="35.319436" lon="139.373489">
				<speed>5.670365</speed>
				<ele>10.408161</ele>
				<time>2026-09-05T03:16:15Z</time>
			</trkpt>
			<trkpt lat="35.319401" lon="139.373376">
				<speed>5.808751</speed>
				<ele>9.951203</ele>
				<time>2026-09-05T03:16:17Z</time>
			</trkpt>
			<trkpt lat="35.319367" lon="139.373263">
				<speed>5.735206</speed>
				<ele>10.483498</ele>
				<time>2026-09-05T03:16:19Z</time>
			</trkpt>
			<trkpt lat="35.319334" lon="139.373148">
				<speed>5.675783</speed>
				<ele>10.597046</ele>
				<time>2026-09-05T03:16:21Z</time>
			</trkpt>
			<trkpt lat="35.319300" lon="139.373034">
				<speed>5.454282</speed>
				<ele>10.882116</ele>
				<time>2026-09-05T03:16:23Z</time>
			</trkpt>
			<trkpt lat="35.319267" lon="139.372923">
				<speed>5.377438</speed>
				<ele>11.062774</ele>
				<time>2026-09-05T03:16:25Z</time>
			</trkpt>
			<trkpt lat="35.319235" lon="139.372812">
				<speed>5.346593</speed>
				<ele>11.095979</ele>
				<time>2026-09-05T03:16:27Z</time>
			</trkpt>
			<trkpt lat="35.319202" lon="139.372701">
				<speed>5.383195</speed>
				<ele>11.136112</ele>
				<time>2026-09-05T03:16:29Z</time>
			</trkpt>
			<trkpt lat="35.319170" lon="139.372588">
				<speed>5.545806</speed>
				<ele>11.346079</ele>
				<time>2026-09-05T03:16:31Z</time>
			</trkpt>
			<trkpt lat="35.319138" lon="139.372474">
				<speed>5.473920</speed>
				<ele>11.429365</ele>
				<time>2026-09-05T03:16:33Z</time>
			</trkpt>
			<trkpt lat="35.319106" lon="139.372361">
				<speed>5.434870</speed>
				<ele>11.664002</ele>
				<time>2026-09-05T03:16:35Z</time>
			</trkpt>
			<trkpt lat="35.319073" lon="139.372247">
				<speed>5.529273</speed>
				<ele>11.838934</ele>
				<time>2026-09-05T03:16:37Z</time>
			</trkpt>
			<trkpt lat="35.319040" lon="139.372132">
				<speed>5.572290</speed>
				<ele>11.949420</ele>
				<time>2026-09-05T03:16:39Z</time>
			</trkpt>
			<trkpt lat="35.319006" lon="139.372016">
				<speed>5.635782</speed>
				<ele>11.998419</ele>
				<time>2026-09-05T03:16:41Z</time>
			</trkpt>
			<trkpt lat="35.318971" lon="139.371900">
				<speed>5.607758</speed>
				<ele>12.184666</ele>
				<time>2026-09-05T03:16:43Z</time>
			</trkpt>
			<trkpt lat="35.318936" lon="139.371782">
				<speed>5.694454</speed>
				<ele>11.884174</ele>
				<time>2026-09-05T03:16:45Z</time>
			</trkpt>
			<trkpt lat="35.318900" lon="139.371662">
				<speed>5.949872</speed>
				<ele>11.994551</ele>
				<time>2026-09-05T03:16:47Z</time>
			</trkpt>
			<trkpt lat="35.318865" lon="139.371540">
				<speed>5.889208</speed>
				<ele>11.932070</ele>
				<time>2026-09-05T03:16:49Z</time>
			</trkpt>
			<trkpt lat="35.318829" lon="139.371420">
				<speed>5.439554</speed>
				<ele>12.240038</ele>
				<time>2026-09-05T03:16:51Z</time>
			</trkpt>
			<trkpt lat="35.318800" lon="139.371300">
				<speed>5.577737</speed>
				<ele>12.488292</ele>
				<time>2026-09-05T03:16:53Z</time>
			</trkpt>
			<trkpt lat="35.318773" lon="139.371177">
				<speed>5.830953</speed>
				<ele>12.776233</ele>
				<time>2026-09-05T03:16:55Z</time>
			</trkpt>
			<trkpt lat="35.318744" lon="139.371054">
				<speed>5.837968</speed>
				<ele>13.177676</ele>
				<time>2026-09-05T03:16:57Z</time>
			</trkpt>
			<trkpt lat="35.318710" lon="139.370932">
				<speed>5.904536</speed>
				<ele>13.413503</ele>
				<time>2026-09-05T03:16:59Z</time>
			</trkpt>
			<trkpt lat="35.318675" lon="139.370810">
				<speed>5.885431</speed>
				<ele>13.766299</ele>
				<time>2026-09-05T03:17:01Z</time>
			</trkpt>
			<trkpt lat="35.318639" lon="139.370686">
				<speed>6.022517</speed>
				<ele>13.928986</ele>
				<time>2026-09-05T03:17:03Z</time>
			</trkpt>
			<trkpt lat="35.318620" lon="139.370624">
				<speed>6.093015</speed>
				<ele>14.161118</ele>
				<time>2026-09-05T03:17:04Z</time>
			</trkpt>
			<trkpt lat="35.318602" lon="139.370562">
				<speed>6.129496</speed>
				<ele>14.181415</ele>
				<time>2026-09-05T03:17:05Z</time>
			</trkpt>
			<trkpt lat="35.318584" lon="139.370498">
				<speed>6.110694</speed>
				<ele>14.259123</ele>
				<time>2026-09-05T03:17:06Z</time>
			</trkpt>
			<trkpt lat="35.318566" lon="139.370434">
				<speed>6.156989</speed>
				<ele>14.220956</ele>
				<time>2026-09-05T03:17:07Z</time>
			</trkpt>
			<trkpt lat="35.318549" lon="139.370370">
				<speed>6.286385</speed>
				<ele>14.377439</ele>
				<time>2026-09-05T03:17:08Z</time>
			</trkpt>
			<trkpt lat="35.318533" lon="139.370304">
				<speed>6.240749</speed>
				<ele>14.462818</ele>
				<time>2026-09-05T03:17:09Z</time>
			</trkpt>
			<trkpt lat="35.318515" lon="139.370239">
				<speed>6.300231</speed>
				<ele>14.506343</ele>
				<time>2026-09-05T03:17:10Z</time>
			</trkpt>
			<trkpt lat="35.318496" lon="139.370173">
				<speed>6.487853</speed>
				<ele>14.575997</ele>
				<time>2026-09-05T03:17:11Z</time>
			</trkpt>
			<trkpt lat="35.318476" lon="139.370107">
				<speed>6.502034</speed>
				<ele>14.493719</ele>
				<time>2026-09-05T03:17:12Z</time>
			</trkpt>
			<trkpt lat="35.318456" lon="139.370040">
				<speed>6.637709</speed>
				<ele>14.526059</ele>
				<time>2026-09-05T03:17:13Z</time>
			</trkpt>
			<trkpt lat="35.318435" lon="139.369972">
				<speed>6.763677</speed>
				<ele>14.572383</ele>
				<time>2026-09-05T03:17:14Z</time>
			</trkpt>
			<trkpt lat="35.318415" lon="139.369902">
				<speed>6.768227</speed>
				<ele>14.408162</ele>
				<time>2026-09-05T03:17:15Z</time>
			</trkpt>
			<trkpt lat="35.318394" lon="139.369831">
				<speed>6.892402</speed>
				<ele>14.498035</ele>
				<time>2026-09-05T03:17:16Z</time>
			</trkpt>
			<trkpt lat="35.318374" lon="139.369760">
				<speed>6.938163</speed>
				<ele>14.520920</ele>
				<time>2026-09-05T03:17:17Z</time>
			</trkpt>
			<trkpt lat="35.318353" lon="139.369687">
				<speed>6.997118</speed>
				<ele>14.534754</ele>
				<time>2026-09-05T03:17:18Z</time>
			</trkpt>
			<trkpt lat="35.318333" lon="139.369614">
				<speed>7.006777</speed>
				<ele>14.709670</ele>
				<time>2026-09-05T03:17:19Z</time>
			</trkpt>
			<trkpt lat="35.318313" lon="139.369540">
				<speed>6.883863</speed>
				<ele>14.690973</ele>
				<time>2026-09-05T03:17:20Z</time>
			</trkpt>
			<trkpt lat="35.318294" lon="139.369466">
				<speed>6.895406</speed>
				<ele>14.702696</ele>
				<time>2026-09-05T03:17:21Z</time>
			</trkpt>
			<trkpt lat="35.318274" lon="139.369393">
				<speed>6.769117</speed>
				<ele>14.825399</ele>
				<time>2026-09-05T03:17:22Z</time>
			</trkpt>
			<trkpt lat="35.318255" lon="139.369319">
				<speed>6.747798</speed>
				<ele>14.859602</ele>
				<time>2026-09-05T03:17:23Z</time>
			</trkpt>
			<trkpt lat="35.318236" lon="139.369247">
				<speed>6.689179</speed>
				<ele>14.894559</ele>
				<time>2026-09-05T03:17:24Z</time>
			</trkpt>
			<trkpt lat="35.318216" lon="139.369175">
				<speed>6.660815</speed>
				<ele>14.845940</ele>
				<time>2026-09-05T03:17:25Z</time>
			</trkpt>
			<trkpt lat="35.318198" lon="139.369105">
				<speed>6.401779</speed>
				<ele>14.705807</ele>
				<time>2026-09-05T03:17:26Z</time>
			</trkpt>
			<trkpt lat="35.318179" lon="139.369035">
				<speed>6.657011</speed>
				<ele>14.753886</ele>
				<time>2026-09-05T03:17:27Z</time>
			</trkpt>
			<trkpt lat="35.318160" lon="139.368965">
				<speed>6.561622</speed>
				<ele>14.838943</ele>
				<time>2026-09-05T03:17:28Z</time>
			</trkpt>
			<trkpt lat="35.318141" lon="139.368895">
				<speed>6.737369</speed>
				<ele>14.969036</ele>
				<time>2026-09-05T03:17:29Z</time>
			</trkpt>
			<trkpt lat="35.318122" lon="139.368825">
				<speed>6.730053</speed>
				<ele>14.841163</ele>
				<time>2026-09-05T03:17:30Z</time>
			</trkpt>
			<trkpt lat="35.318103" lon="139.368756">
				<speed>6.726610</speed>
				<ele>14.887325</ele>
				<time>2026-09-05T03:17:31Z</time>
			</trkpt>
			<trkpt lat="35.318084" lon="139.368686">
				<speed>6.805781</speed>
				<ele>14.703856</ele>
				<time>2026-09-05T03:17:32Z</time>
			</trkpt>
			<trkpt lat="35.318065" lon="139.368615">
				<speed>6.927985</speed>
				<ele>14.756595</ele>
				<time>2026-09-05T03:17:33Z</time>
			</trkpt>
			<trkpt lat="35.318046" lon="139.368544">
				<speed>7.002234</speed>
				<ele>14.675545</ele>
				<time>2026-09-05T03:17:34Z</time>
			</trkpt>
			<trkpt lat="35.318026" lon="139.368472">
				<speed>7.075691</speed>
				<ele>14.672267</ele>
				<time>2026-09-05T03:17:35Z</time>
			</trkpt>
			<trkpt lat="35.318006" lon="139.368400">
				<speed>7.099880</speed>
				<ele>14.680751</ele>
				<time>2026-09-05T03:17:36Z</time>
			</trkpt>
			<trkpt lat="35.317985" lon="139.368326">
				<speed>7.135288</speed>
				<ele>14.690862</ele>
				<time>2026-09-05T03:17:37Z</time>
			</trkpt>
			<trkpt lat="35.317965" lon="139.368252">
				<speed>7.203394</speed>
				<ele>14.487213</ele>
				<time>2026-09-05T03:17:38Z</time>
			</trkpt>
			<trkpt lat="35.317946" lon="139.368177">
				<speed>7.248788</speed>
				<ele>14.401395</ele>
				<time>2026-09-05T03:17:39Z</time>
			</trkpt>
			<trkpt lat="35.317925" lon="139.368102">
				<speed>7.285553</speed>
				<ele>14.310531</ele>
				<time>2026-09-05T03:17:40Z</time>
			</trkpt>
			<trkpt lat="35.317905" lon="139.368026">
				<speed>7.318541</speed>
				<ele>14.277306</ele>
				<time>2026-09-05T03:17:41Z</time>
			</trkpt>
			<trkpt lat="35.317884" lon="139.367949">
				<speed>7.385279</speed>
				<ele>14.248314</ele>
				<time>2026-09-05T03:17:42Z</time>
			</trkpt>
			<trkpt lat="35.317863" lon="139.367872">
				<speed>7.531889</speed>
				<ele>14.145449</ele>
				<time>2026-09-05T03:17:43Z</time>
			</trkpt>
			<trkpt lat="35.317843" lon="139.367794">
				<speed>7.415822</speed>
				<ele>14.132703</ele>
				<time>2026-09-05T03:17:44Z</time>
			</trkpt>
			<trkpt lat="35.317822" lon="139.367716">
				<speed>7.372976</speed>
				<ele>14.037410</ele>
				<time>2026-09-05T03:17:45Z</time>
			</trkpt>
			<trkpt lat="35.317801" lon="139.367637">
				<speed>7.300672</speed>
				<ele>13.883789</ele>
				<time>2026-09-05T03:17:46Z</time>
			</trkpt>
			<trkpt lat="35.317780" lon="139.367560">
				<speed>7.238132</speed>
				<ele>13.806667</ele>
				<time>2026-09-05T03:17:47Z</time>
			</trkpt>
			<trkpt lat="35.317760" lon="139.367482">
				<speed>7.198996</speed>
				<ele>13.905455</ele>
				<time>2026-09-05T03:17:48Z</time>
			</trkpt>
			<trkpt lat="35.317739" lon="139.367405">
				<speed>7.210914</speed>
				<ele>13.766496</ele>
				<time>2026-09-05T03:17:49Z</time>
			</trkpt>
			<trkpt lat="35.317718" lon="139.367329">
				<speed>7.149026</speed>
				<ele>13.840601</ele>
				<time>2026-09-05T03:17:50Z</time>
			</trkpt>
			<trkpt lat="35.317697" lon="139.367253">
				<speed>7.201761</speed>
				<ele>13.601941</ele>
				<time>2026-09-05T03:17:51Z</time>
			</trkpt>
			<trkpt lat="35.317677" lon="139.367178">
				<speed>7.089676</speed>
				<ele>13.484205</ele>
				<time>2026-09-05T03:17:52Z</time>
			</trkpt>
			<trkpt lat="35.317657" lon="139.367103">
				<speed>7.036699</speed>
				<ele>13.370621</ele>
				<time>2026-09-05T03:17:53Z</time>
			</trkpt>
			<trkpt lat="35.317637" lon="139.367030">
				<speed>6.921808</speed>
				<ele>13.308520</ele>
				<time>2026-09-05T03:17:54Z</time>
			</trkpt>
			<trkpt lat="35.317618" lon="139.366956">
				<speed>6.935340</speed>
				<ele>13.127859</ele>
				<time>2026-09-05T03:17:55Z</time>
			</trkpt>
			<trkpt lat="35.317598" lon="139.366884">
				<speed>6.877529</speed>
				<ele>13.118374</ele>
				<time>2026-09-05T03:17:56Z</time>
			</trkpt>
			<trkpt lat="35.317578" lon="139.366812">
				<speed>6.995086</speed>
				<ele>13.168219</ele>
				<time>2026-09-05T03:17:57Z</time>
			</trkpt>
			<trkpt lat="35.317558" lon="139.366740">
				<speed>6.840460</speed>
				<ele>13.119983</ele>
				<time>2026-09-05T03:17:58Z</time>
			</trkpt>
			<trkpt lat="35.317538" lon="139.366669">
				<speed>6.864117</speed>
				<ele>12.931663</ele>
				<time>2026-09-05T03:17:59Z</time>
			</trkpt>
			<trkpt lat="35.317519" lon="139.366598">
				<speed>6.834292</speed>
				<ele>12.851401</ele>
				<time>2026-09-05T03:18:00Z</time>
			</trkpt>
			<trkpt lat="35.317499" lon="139.366527">
				<speed>6.991642</speed>
				<ele>12.699765</ele>
				<time>2026-09-05T03:18:01Z</time>
			</trkpt>
			<trkpt lat="35.317480" lon="139.366457">
				<speed>6.707213</speed>
				<ele>12.715294</ele>
				<time>2026-09-05T03:18:02Z</time>
			</trkpt>
			<trkpt lat="35.317461" lon="139.366388">
				<speed>6.251848</speed>
				<ele>12.554579</ele>
				<time>2026-09-05T03:18:03Z</time>
			</trkpt>
			<trkpt lat="35.317444" lon="139.366320">
				<speed>6.297525</speed>
				<ele>12.428293</ele>
				<time>2026-09-05T03:18:04Z</time>
			</trkpt>
			<trkpt lat="35.317429" lon="139.366254">
				<speed>5.996578</speed>
				<ele>12.573297</ele>
				<time>2026-09-05T03:18:05Z</time>
			</trkpt>
			<trkpt lat="35.317415" lon="139.366189">
				<speed>6.023740</speed>
				<ele>12.512957</ele>
				<time>2026-09-05T03:18:06Z</time>
			</trkpt>
			<trkpt lat="35.317402" lon="139.366124">
				<speed>6.059973</speed>
				<ele>12.517847</ele>
				<time>2026-09-05T03:18:07Z</time>
			</trkpt>
			<trkpt lat="35.317390" lon="139.366059">
				<speed>6.059191</speed>
				<ele>12.354159</ele>
				<time>2026-09-05T03:18:08Z</time>
			</trkpt>
			<trkpt lat="35.317369" lon="139.365938">
				<speed>4.246840</speed>
				<ele>12.439670</ele>
				<time>2026-09-05T03:18:10Z</time>
			</trkpt>
			<trkpt lat="35.317359" lon="139.365843">
				<speed>1.344321</speed>
				<ele>12.574174</ele>
				<time>2026-09-05T03:18:21Z</time>
			</trkpt>
			<trkpt lat="35.317347" lon="139.365765">
				<speed>4.413814</speed>
				<ele>12.294961</ele>
				<time>2026-09-05T03:18:27Z</time>
			</trkpt>
			<trkpt lat="35.317333" lon="139.365682">
				<speed>4.913050</speed>
				<ele>12.411007</ele>
				<time>2026-09-05T03:18:29Z</time>
			</trkpt>
			<trkpt lat="35.317315" lon="139.365576">
				<speed>5.168144</speed>
				<ele>12.530664</ele>
				<time>2026-09-05T03:18:31Z</time>
			</trkpt>
			<trkpt lat="35.317287" lon="139.365460">
				<speed>5.025983</speed>
				<ele>12.726513</ele>
				<time>2026-09-05T03:18:33Z</time>
			</trkpt>
			<trkpt lat="35.317256" lon="139.365340">
				<speed>4.864472</speed>
				<ele>12.612723</ele>
				<time>2026-09-05T03:18:35Z</time>
			</trkpt>
			<trkpt lat="35.317230" lon="139.365221">
				<speed>4.853114</speed>
				<ele>12.767058</ele>
				<time>2026-09-05T03:18:37Z</time>
			</trkpt>
			<trkpt lat="35.317210" lon="139.365104">
				<speed>4.798794</speed>
				<ele>13.096588</ele>
				<time>2026-09-05T03:18:39Z</time>
			</trkpt>
			<trkpt lat="35.317194" lon="139.364991">
				<speed>4.560199</speed>
				<ele>13.408050</ele>
				<time>2026-09-05T03:18:41Z</time>
			</trkpt>
			<trkpt lat="35.317183" lon="139.364882">
				<speed>4.599295</speed>
				<ele>13.545608</ele>
				<time>2026-09-05T03:18:43Z</time>
			</trkpt>
			<trkpt lat="35.317174" lon="139.364776">
				<speed>4.368009</speed>
				<ele>13.805932</ele>
				<time>2026-09-05T03:18:45Z</time>
			</trkpt>
			<trkpt lat="35.317166" lon="139.364678">
				<speed>4.013012</speed>
				<ele>13.740270</ele>
				<time>2026-09-05T03:18:47Z</time>
			</trkpt>
			<trkpt lat="35.317158" lon="139.364586">
				<speed>4.400527</speed>
				<ele>13.598538</ele>
				<time>2026-09-05T03:18:49Z</time>
			</trkpt>
			<trkpt lat="35.317149" lon="139.364492">
				<speed>4.535651</speed>
				<ele>13.721340</ele>
				<time>2026-09-05T03:18:51Z</time>
			</trkpt>
			<trkpt lat="35.317139" lon="139.364395">
				<speed>4.861695</speed>
				<ele>13.714452</ele>
				<time>2026-09-05T03:18:53Z</time>
			</trkpt>
			<trkpt lat="35.317126" lon="139.364292">
				<speed>5.113089</speed>
				<ele>13.840008</ele>
				<time>2026-09-05T03:18:55Z</time>
			</trkpt>
			<trkpt lat="35.317111" lon="139.364183">
				<speed>5.209598</speed>
				<ele>13.998038</ele>
				<time>2026-09-05T03:18:57Z</time>
			</trkpt>
			<trkpt lat="35.317093" lon="139.364070">
				<speed>5.504899</speed>
				<ele>14.027347</ele>
				<time>2026-09-05T03:18:59Z</time>
			</trkpt>
			<trkpt lat="35.317073" lon="139.363952">
				<speed>5.701457</speed>
				<ele>14.157357</ele>
				<time>2026-09-05T03:19:01Z</time>
			</trkpt>
			<trkpt lat="35.317050" lon="139.363829">
				<speed>5.788111</speed>
				<ele>14.193417</ele>
				<time>2026-09-05T03:19:03Z</time>
			</trkpt>
			<trkpt lat="35.317026" lon="139.363705">
				<speed>6.037176</speed>
				<ele>14.070913</ele>
				<time>2026-09-05T03:19:05Z</time>
			</trkpt>
			<trkpt lat="35.317012" lon="139.363640">
				<speed>6.135838</speed>
				<ele>13.822474</ele>
				<time>2026-09-05T03:19:06Z</time>
			</trkpt>
			<trkpt lat="35.316998" lon="139.363573">
				<speed>6.267051</speed>
				<ele>13.828982</ele>
				<time>2026-09-05T03:19:07Z</time>
			</trkpt>
			<trkpt lat="35.316983" lon="139.363506">
				<speed>6.248842</speed>
				<ele>13.464913</ele>
				<time>2026-09-05T03:19:08Z</time>
			</trkpt>
			<trkpt lat="35.316967" lon="139.363438">
				<speed>6.328344</speed>
				<ele>13.378848</ele>
				<time>2026-09-05T03:19:09Z</time>
			</trkpt>
			<trkpt lat="35.316952" lon="139.363370">
				<speed>6.331918</speed>
				<ele>13.198889</ele>
				<time>2026-09-05T03:19:10Z</time>
			</trkpt>
			<trkpt lat="35.316935" lon="139.363301">
				<speed>6.457351</speed>
				<ele>13.344128</ele>
				<time>2026-09-05T03:19:11Z</time>
			</trkpt>
			<trkpt lat="35.316917" lon="139.363232">
				<speed>6.535377</speed>
				<ele>13.116521</ele>
				<time>2026-09-05T03:19:12Z</time>
			</trkpt>
			<trkpt lat="35.316899" lon="139.363163">
				<speed>6.494770</speed>
				<ele>12.989726</ele>
				<time>2026-09-05T03:19:13Z</time>
			</trkpt>
			<trkpt lat="35.316880" lon="139.363093">
				<speed>6.471839</speed>
				<ele>12.823402</ele>
				<time>2026-09-05T03:19:14Z</time>
			</trkpt>
			<trkpt lat="35.316861" lon="139.363023">
				<speed>6.521233</speed>
				<ele>12.599216</ele>
				<time>2026-09-05T03:19:15Z</time>
			</trkpt>
			<trkpt lat="35.316843" lon="139.362953">
				<speed>6.639914</speed>
				<ele>12.427907</ele>
				<time>2026-09-05T03:19:16Z</time>
			</trkpt>
			<trkpt lat="35.316824" lon="139.362884">
				<speed>6.586489</speed>
				<ele>12.326852</ele>
				<time>2026-09-05T03:19:17Z</time>
			</trkpt>
			<trkpt lat="35.316805" lon="139.362814">
				<speed>6.676538</speed>
				<ele>12.907680</ele>
				<time>2026-09-05T03:19:18Z</time>
			</trkpt>
			<trkpt lat="35.316786" lon="139.362745">
				<speed>6.369157</speed>
				<ele>13.088196</ele>
				<time>2026-09-05T03:19:19Z</time>
			</trkpt>
			<trkpt lat="35.316766" lon="139.362676">
				<speed>6.540065</speed>
				<ele>12.524015</ele>
				<time>2026-09-05T03:19:20Z</time>
			</trkpt>
			<trkpt lat="35.316747" lon="139.362607">
				<speed>6.585090</speed>
				<ele>12.410377</ele>
				<time>2026-09-05T03:19:21Z</time>
			</trkpt>
			<trkpt lat="35.316728" lon="139.362537">
				<speed>6.529590</speed>
				<ele>12.264657</ele>
				<time>2026-09-05T03:19:22Z</time>
			</trkpt>
			<trkpt lat="35.316710" lon="139.362471">
				<speed>5.469713</speed>
				<ele>12.208190</ele>
				<time>2026-09-05T03:19:23Z</time>
			</trkpt>
			<trkpt lat="35.316683" lon="139.362363">
				<speed>2.165068</speed>
				<ele>12.329792</ele>
				<time>2026-09-05T03:19:25Z</time>
			</trkpt>
			<trkpt lat="35.316670" lon="139.362295">
				<speed>2.134536</speed>
				<ele>12.098970</ele>
				<time>2026-09-05T03:19:27Z</time>
			</trkpt>
			<trkpt lat="35.316651" lon="139.362217">
				<speed>3.259843</speed>
				<ele>12.019477</ele>
				<time>2026-09-05T03:19:30Z</time>
			</trkpt>
			<trkpt lat="35.316625" lon="139.362136">
				<speed>3.591094</speed>
				<ele>11.862263</ele>
				<time>2026-09-05T03:19:33Z</time>
			</trkpt>
			<trkpt lat="35.316571" lon="139.362086">
				<speed>3.470882</speed>
				<ele>11.492959</ele>
				<time>2026-09-05T03:19:36Z</time>
			</trkpt>
			<trkpt lat="35.316516" lon="139.362081">
				<speed>3.910386</speed>
				<ele>10.685256</ele>
				<time>2026-09-05T03:19:38Z</time>
			</trkpt>
			<trkpt lat="35.316445" lon="139.362089">
				<speed>4.347405</speed>
				<ele>9.606977</ele>
				<time>2026-09-05T03:19:40Z</time>
			</trkpt>
			<trkpt lat="35.316362" lon="139.362104">
				<speed>4.712450</speed>
				<ele>8.418664</ele>
				<time>2026-09-05T03:19:42Z</time>
			</trkpt>
			<trkpt lat="35.316272" lon="139.362120">
				<speed>4.216630</speed>
				<ele>7.666684</ele>
				<time>2026-09-05T03:19:44Z</time>
			</trkpt>
			<trkpt lat="35.316184" lon="139.362135">
				<speed>4.395195</speed>
				<ele>6.818349</ele>
				<time>2026-09-05T03:19:46Z</time>
			</trkpt>
			<trkpt lat="35.316096" lon="139.362149">
				<speed>4.281839</speed>
				<ele>7.214981</ele>
				<time>2026-09-05T03:19:48Z</time>
			</trkpt>
			<trkpt lat="35.316020" lon="139.362162">
				<speed>2.515370</speed>
				<ele>7.183614</ele>
				<time>2026-09-05T03:19:50Z</time>
			</trkpt>
			<trkpt lat="35.315934" lon="139.362181">
				<speed>1.416580</speed>
				<ele>7.550449</ele>
				<time>2026-09-05T03:19:54Z</time>
			</trkpt>
			<trkpt lat="35.315898" lon="139.362198">
				<speed>1.627527</speed>
				<ele>8.134234</ele>
				<time>2026-09-05T03:20:00Z</time>
			</trkpt>
			<trkpt lat="35.315853" lon="139.362205">
				<speed>1.545197</speed>
				<ele>8.361997</ele>
				<time>2026-09-05T03:20:04Z</time>
			</trkpt>
			<trkpt lat="35.315809" lon="139.362195">
				<speed>1.199159</speed>
				<ele>8.856839</ele>
				<time>2026-09-05T03:20:08Z</time>
			</trkpt>
			<trkpt lat="35.315778" lon="139.362172">
				<speed>1.530784</speed>
				<ele>8.724221</ele>
				<time>2026-09-05T03:20:11Z</time>
			</trkpt>
			<trkpt lat="35.315735" lon="139.362165">
				<speed>1.665071</speed>
				<ele>8.539331</ele>
				<time>2026-09-05T03:20:14Z</time>
			</trkpt>
			<trkpt lat="35.315697" lon="139.362178">
				<speed>1.613347</speed>
				<ele>7.256700</ele>
				<time>2026-09-05T03:20:20Z</time>
			</trkpt>
			<trkpt lat="35.315657" lon="139.362189">
				<speed>1.373255</speed>
				<ele>7.150034</ele>
				<time>2026-09-05T03:20:22Z</time>
			</trkpt>
			<trkpt lat="35.315599" lon="139.362191">
				<speed>1.375056</speed>
				<ele>7.057610</ele>
				<time>2026-09-05T03:20:24Z</time>
			</trkpt>
			<trkpt lat="35.315530" lon="139.362153">
				<speed>0.889981</speed>
				<ele>6.511990</ele>
				<time>2026-09-05T03:20:30Z</time>
			</trkpt>
			<trkpt lat="35.315504" lon="139.362072">
				<speed>0.579678</speed>
				<ele>6.461415</ele>
				<time>2026-09-05T03:20:36Z</time>
			</trkpt>
			<trkpt lat="35.315498" lon="139.361964">
				<speed>4.751511</speed>
				<ele>7.360467</ele>
				<time>2026-09-05T03:20:43Z</time>
			</trkpt>
			<trkpt lat="35.315495" lon="139.361831">
				<speed>4.978395</speed>
				<ele>7.638140</ele>
				<time>2026-09-05T03:20:45Z</time>
			</trkpt>
			<trkpt lat="35.315494" lon="139.361752">
				<speed>4.730658</speed>
				<ele>7.851488</ele>
				<time>2026-09-05T03:20:46Z</time>
			</trkpt>
			<trkpt lat="35.315492" lon="139.361672">
				<speed>4.751690</speed>
				<ele>7.669474</ele>
				<time>2026-09-05T03:20:47Z</time>
			</trkpt>
			<trkpt lat="35.315492" lon="139.361593">
				<speed>5.110183</speed>
				<ele>8.001550</ele>
				<time>2026-09-05T03:20:48Z</time>
			</trkpt>
			<trkpt lat="35.315491" lon="139.361514">
				<speed>5.320791</speed>
				<ele>8.383058</ele>
				<time>2026-09-05T03:20:49Z</time>
			</trkpt>
			<trkpt lat="35.315490" lon="139.361437">
				<speed>5.517915</speed>
				<ele>8.919853</ele>
				<time>2026-09-05T03:20:50Z</time>
			</trkpt>
			<trkpt lat="35.315489" lon="139.361361">
				<speed>5.796645</speed>
				<ele>8.649009</ele>
				<time>2026-09-05T03:20:51Z</time>
			</trkpt>
			<trkpt lat="35.315489" lon="139.361287">
				<speed>5.684276</speed>
				<ele>8.530261</ele>
				<time>2026-09-05T03:20:52Z</time>
			</trkpt>
			<trkpt lat="35.315488" lon="139.361214">
				<speed>6.097269</speed>
				<ele>8.740218</ele>
				<time>2026-09-05T03:20:53Z</time>
			</trkpt>
			<trkpt lat="35.315486" lon="139.361142">
				<speed>5.872927</speed>
				<ele>9.094093</ele>
				<time>2026-09-05T03:20:54Z</time>
			</trkpt>
			<trkpt lat="35.315485" lon="139.361073">
				<speed>5.219226</speed>
				<ele>9.189575</ele>
				<time>2026-09-05T03:20:55Z</time>
			</trkpt>
			<trkpt lat="35.315483" lon="139.360946">
				<speed>5.068460</speed>
				<ele>9.261730</ele>
				<time>2026-09-05T03:20:57Z</time>
			</trkpt>
			<trkpt lat="35.315481" lon="139.360827">
				<speed>5.251672</speed>
				<ele>9.107552</ele>
				<time>2026-09-05T03:20:59Z</time>
			</trkpt>
			<trkpt lat="35.315480" lon="139.360712">
				<speed>5.521321</speed>
				<ele>9.174348</ele>
				<time>2026-09-05T03:21:01Z</time>
			</trkpt>
			<trkpt lat="35.315482" lon="139.360597">
				<speed>5.438424</speed>
				<ele>8.660868</ele>
				<time>2026-09-05T03:21:03Z</time>
			</trkpt>
			<trkpt lat="35.315484" lon="139.360481">
				<speed>5.799186</speed>
				<ele>8.423897</ele>
				<time>2026-09-05T03:21:05Z</time>
			</trkpt>
			<trkpt lat="35.315482" lon="139.360360">
				<speed>5.967192</speed>
				<ele>8.054122</ele>
				<time>2026-09-05T03:21:07Z</time>
			</trkpt>
			<trkpt lat="35.315480" lon="139.360233">
				<speed>6.108428</speed>
				<ele>8.027691</ele>
				<time>2026-09-05T03:21:09Z</time>
			</trkpt>
			<trkpt lat="35.315477" lon="139.360100">
				<speed>6.228756</speed>
				<ele>8.270742</ele>
				<time>2026-09-05T03:21:11Z</time>
			</trkpt>
			<trkpt lat="35.315476" lon="139.360033">
				<speed>6.204025</speed>
				<ele>8.194962</ele>
				<time>2026-09-05T03:21:12Z</time>
			</trkpt>
			<trkpt lat="35.315474" lon="139.359965">
				<speed>6.063923</speed>
				<ele>8.402633</ele>
				<time>2026-09-05T03:21:13Z</time>
			</trkpt>
			<trkpt lat="35.315472" lon="139.359896">
				<speed>6.205594</speed>
				<ele>8.435134</ele>
				<time>2026-09-05T03:21:14Z</time>
			</trkpt>
			<trkpt lat="35.315469" lon="139.359828">
				<speed>6.029008</speed>
				<ele>8.341137</ele>
				<time>2026-09-05T03:21:15Z</time>
			</trkpt>
			<trkpt lat="35.315466" lon="139.359759">
				<speed>6.254472</speed>
				<ele>8.567301</ele>
				<time>2026-09-05T03:21:16Z</time>
			</trkpt>
			<trkpt lat="35.315463" lon="139.359690">
				<speed>6.219130</speed>
				<ele>8.529971</ele>
				<time>2026-09-05T03:21:17Z</time>
			</trkpt>
			<trkpt lat="35.315460" lon="139.359620">
				<speed>6.288389</speed>
				<ele>8.652230</ele>
				<time>2026-09-05T03:21:18Z</time>
			</trkpt>
			<trkpt lat="35.315457" lon="139.359551">
				<speed>6.261182</speed>
				<ele>8.699656</ele>
				<time>2026-09-05T03:21:19Z</time>
			</trkpt>
			<trkpt lat="35.315455" lon="139.359480">
				<speed>6.506051</speed>
				<ele>8.633394</ele>
				<time>2026-09-05T03:21:20Z</time>
			</trkpt>
			<trkpt lat="35.315452" lon="139.359409">
				<speed>6.459394</speed>
				<ele>8.346773</ele>
				<time>2026-09-05T03:21:21Z</time>
			</trkpt>
			<trkpt lat="35.315451" lon="139.359339">
				<speed>6.088641</speed>
				<ele>8.525906</ele>
				<time>2026-09-05T03:21:22Z</time>
			</trkpt>
			<trkpt lat="35.315449" lon="139.359269">
				<speed>6.414228</speed>
				<ele>8.478579</ele>
				<time>2026-09-05T03:21:23Z</time>
			</trkpt>
			<trkpt lat="35.315448" lon="139.359199">
				<speed>6.073024</speed>
				<ele>8.446974</ele>
				<time>2026-09-05T03:21:24Z</time>
			</trkpt>
			<trkpt lat="35.315447" lon="139.359131">
				<speed>6.135102</speed>
				<ele>8.419927</ele>
				<time>2026-09-05T03:21:25Z</time>
			</trkpt>
			<trkpt lat="35.315446" lon="139.359063">
				<speed>6.054884</speed>
				<ele>8.610718</ele>
				<time>2026-09-05T03:21:26Z</time>
			</trkpt>
			<trkpt lat="35.315446" lon="139.358996">
				<speed>5.919013</speed>
				<ele>8.735954</ele>
				<time>2026-09-05T03:21:27Z</time>
			</trkpt>
			<trkpt lat="35.315446" lon="139.358866">
				<speed>5.872731</speed>
				<ele>8.905101</ele>
				<time>2026-09-05T03:21:29Z</time>
			</trkpt>
			<trkpt lat="35.315447" lon="139.358739">
				<speed>5.507682</speed>
				<ele>9.143086</ele>
				<time>2026-09-05T03:21:31Z</time>
			</trkpt>
			<trkpt lat="35.315448" lon="139.358619">
				<speed>5.065494</speed>
				<ele>9.225363</ele>
				<time>2026-09-05T03:21:33Z</time>
			</trkpt>
			<trkpt lat="35.315451" lon="139.358506">
				<speed>5.096238</speed>
				<ele>8.922713</ele>
				<time>2026-09-05T03:21:35Z</time>
			</trkpt>
			<trkpt lat="35.315453" lon="139.358397">
				<speed>4.957664</speed>
				<ele>8.795905</ele>
				<time>2026-09-05T03:21:37Z</time>
			</trkpt>
			<trkpt lat="35.315456" lon="139.358290">
				<speed>5.132294</speed>
				<ele>8.327703</ele>
				<time>2026-09-05T03:21:39Z</time>
			</trkpt>
			<trkpt lat="35.315458" lon="139.358186">
				<speed>4.417045</speed>
				<ele>7.950057</ele>
				<time>2026-09-05T03:21:41Z</time>
			</trkpt>
			<trkpt lat="35.315459" lon="139.358087">
				<speed>4.642010</speed>
				<ele>7.611903</ele>
				<time>2026-09-05T03:21:43Z</time>
			</trkpt>
			<trkpt lat="35.315455" lon="139.357984">
				<speed>5.362040</speed>
				<ele>7.552344</ele>
				<time>2026-09-05T03:21:45Z</time>
			</trkpt>
			<trkpt lat="35.315448" lon="139.357875">
				<speed>5.422903</speed>
				<ele>7.740836</ele>
				<time>2026-09-05T03:21:47Z</time>
			</trkpt>
			<trkpt lat="35.315442" lon="139.357760">
				<speed>5.421762</speed>
				<ele>7.699294</ele>
				<time>2026-09-05T03:21:49Z</time>
			</trkpt>
			<trkpt lat="35.315437" lon="139.357642">
				<speed>5.627486</speed>
				<ele>7.758945</ele>
				<time>2026-09-05T03:21:51Z</time>
			</trkpt>
			<trkpt lat="35.315434" lon="139.357521">
				<speed>5.476110</speed>
				<ele>7.834695</ele>
				<time>2026-09-05T03:21:53Z</time>
			</trkpt>
			<trkpt lat="35.315431" lon="139.357399">
				<speed>5.191199</speed>
				<ele>8.043170</ele>
				<time>2026-09-05T03:21:55Z</time>
			</trkpt>
			<trkpt lat="35.315429" lon="139.357282">
				<speed>4.856274</speed>
				<ele>8.134266</ele>
				<time>2026-09-05T03:21:57Z</time>
			</trkpt>
			<trkpt lat="35.315426" lon="139.357170">
				<speed>4.818725</speed>
				<ele>8.220364</ele>
				<time>2026-09-05T03:21:59Z</time>
			</trkpt>
			<trkpt lat="35.315421" lon="139.357062">
				<speed>4.899279</speed>
				<ele>8.037305</ele>
				<time>2026-09-05T03:22:01Z</time>
			</trkpt>
			<trkpt lat="35.315417" lon="139.356955">
				<speed>4.926944</speed>
				<ele>8.126495</ele>
				<time>2026-09-05T03:22:03Z</time>
			</trkpt>
			<trkpt lat="35.315418" lon="139.356849">
				<speed>5.009875</speed>
				<ele>7.988264</ele>
				<time>2026-09-05T03:22:05Z</time>
			</trkpt>
			<trkpt lat="35.315417" lon="139.356743">
				<speed>5.004652</speed>
				<ele>7.892904</ele>
				<time>2026-09-05T03:22:07Z</time>
			</trkpt>
			<trkpt lat="35.315417" lon="139.356635">
				<speed>5.100984</speed>
				<ele>7.895508</ele>
				<time>2026-09-05T03:22:09Z</time>
			</trkpt>
			<trkpt lat="35.315414" lon="139.356526">
				<speed>4.883047</speed>
				<ele>7.931595</ele>
				<time>2026-09-05T03:22:11Z</time>
			</trkpt>
			<trkpt lat="35.315409" lon="139.356418">
				<speed>4.952112</speed>
				<ele>7.673500</ele>
				<time>2026-09-05T03:22:13Z</time>
			</trkpt>
			<trkpt lat="35.315404" lon="139.356311">
				<speed>4.829644</speed>
				<ele>7.602156</ele>
				<time>2026-09-05T03:22:15Z</time>
			</trkpt>
			<trkpt lat="35.315400" lon="139.356208">
				<speed>4.448174</speed>
				<ele>7.561345</ele>
				<time>2026-09-05T03:22:17Z</time>
			</trkpt>
			<trkpt lat="35.315397" lon="139.356110">
				<speed>4.192718</speed>
				<ele>7.437502</ele>
				<time>2026-09-05T03:22:19Z</time>
			</trkpt>
			<trkpt lat="35.315396" lon="139.356019">
				<speed>3.857616</speed>
				<ele>7.528727</ele>
				<time>2026-09-05T03:22:21Z</time>
			</trkpt>
			<trkpt lat="35.315392" lon="139.355934">
				<speed>3.947763</speed>
				<ele>7.355838</ele>
				<time>2026-09-05T03:22:23Z</time>
			</trkpt>
			<trkpt lat="35.315382" lon="139.355852">
				<speed>3.919581</speed>
				<ele>7.283775</ele>
				<time>2026-09-05T03:22:25Z</time>
			</trkpt>
			<trkpt lat="35.315373" lon="139.355769">
				<speed>4.066847</speed>
				<ele>7.336086</ele>
				<time>2026-09-05T03:22:27Z</time>
			</trkpt>
			<trkpt lat="35.315366" lon="139.355681">
				<speed>4.686261</speed>
				<ele>7.508634</ele>
				<time>2026-09-05T03:22:29Z</time>
			</trkpt>
			<trkpt lat="35.315360" lon="139.355584">
				<speed>4.906949</speed>
				<ele>7.751002</ele>
				<time>2026-09-05T03:22:31Z</time>
			</trkpt>
			<trkpt lat="35.315358" lon="139.355479">
				<speed>5.072936</speed>
				<ele>7.719015</ele>
				<time>2026-09-05T03:22:33Z</time>
			</trkpt>
			<trkpt lat="35.315358" lon="139.355369">
				<speed>5.091772</speed>
				<ele>7.694108</ele>
				<time>2026-09-05T03:22:35Z</time>
			</trkpt>
			<trkpt lat="35.315355" lon="139.355255">
				<speed>5.168301</speed>
				<ele>7.748372</ele>
				<time>2026-09-05T03:22:37Z</time>
			</trkpt>
			<trkpt lat="35.315347" lon="139.355141">
				<speed>4.960686</speed>
				<ele>7.702276</ele>
				<time>2026-09-05T03:22:39Z</time>
			</trkpt>
			<trkpt lat="35.315340" lon="139.355037">
				<speed>3.289052</speed>
				<ele>7.551060</ele>
				<time>2026-09-05T03:22:41Z</time>
			</trkpt>
			<trkpt lat="35.315349" lon="139.354966">
				<speed>2.237341</speed>
				<ele>7.652964</ele>
				<time>2026-09-05T03:22:43Z</time>
			</trkpt>
			<trkpt lat="35.315374" lon="139.354894">
				<speed>3.332774</speed>
				<ele>7.436529</ele>
				<time>2026-09-05T03:22:46Z</time>
			</trkpt>
			<trkpt lat="35.315386" lon="139.354795">
				<speed>4.481139</speed>
				<ele>7.516976</ele>
				<time>2026-09-05T03:22:49Z</time>
			</trkpt>
			<trkpt lat="35.315384" lon="139.354708">
				<speed>4.869687</speed>
				<ele>7.577169</ele>
				<time>2026-09-05T03:22:51Z</time>
			</trkpt>
			<trkpt lat="35.315381" lon="139.354607">
				<speed>4.966941</speed>
				<ele>7.573274</ele>
				<time>2026-09-05T03:22:53Z</time>
			</trkpt>
			<trkpt lat="35.315375" lon="139.354498">
				<speed>4.931624</speed>
				<ele>7.633466</ele>
				<time>2026-09-05T03:22:55Z</time>
			</trkpt>
			<trkpt lat="35.315368" lon="139.354384">
				<speed>4.987672</speed>
				<ele>7.644829</ele>
				<time>2026-09-05T03:22:57Z</time>
			</trkpt>
			<trkpt lat="35.315359" lon="139.354269">
				<speed>4.962887</speed>
				<ele>7.641885</ele>
				<time>2026-09-05T03:22:59Z</time>
			</trkpt>
			<trkpt lat="35.315348" lon="139.354152">
				<speed>5.232299</speed>
				<ele>7.663969</ele>
				<time>2026-09-05T03:23:01Z</time>
			</trkpt>
			<trkpt lat="35.315336" lon="139.354035">
				<speed>5.122361</speed>
				<ele>7.663240</ele>
				<time>2026-09-05T03:23:03Z</time>
			</trkpt>
			<trkpt lat="35.315325" lon="139.353918">
				<speed>5.227155</speed>
				<ele>7.927243</ele>
				<time>2026-09-05T03:23:05Z</time>
			</trkpt>
			<trkpt lat="35.315315" lon="139.353797">
				<speed>5.655491</speed>
				<ele>8.154516</ele>
				<time>2026-09-05T03:23:07Z</time>
			</trkpt>
			<trkpt lat="35.315306" lon="139.353674">
				<speed>5.684898</speed>
				<ele>8.189090</ele>
				<time>2026-09-05T03:23:09Z</time>
			</trkpt>
			<trkpt lat="35.315299" lon="139.353549">
				<speed>5.585244</speed>
				<ele>8.190717</ele>
				<time>2026-09-05T03:23:11Z</time>
			</trkpt>
			<trkpt lat="35.315294" lon="139.353427">
				<speed>5.240007</speed>
				<ele>8.396404</ele>
				<time>2026-09-05T03:23:13Z</time>
			</trkpt>
			<trkpt lat="35.315286" lon="139.353306">
				<speed>5.578016</speed>
				<ele>8.250731</ele>
				<time>2026-09-05T03:23:15Z</time>
			</trkpt>
			<trkpt lat="35.315277" lon="139.353183">
				<speed>5.716636</speed>
				<ele>8.361306</ele>
				<time>2026-09-05T03:23:17Z</time>
			</trkpt>
			<trkpt lat="35.315266" lon="139.353057">
				<speed>5.718560</speed>
				<ele>8.554278</ele>
				<time>2026-09-05T03:23:19Z</time>
			</trkpt>
			<trkpt lat="35.315256" lon="139.352931">
				<speed>5.647999</speed>
				<ele>8.403698</ele>
				<time>2026-09-05T03:23:21Z</time>
			</trkpt>
			<trkpt lat="35.315246" lon="139.352806">
				<speed>5.666526</speed>
				<ele>8.252815</ele>
				<time>2026-09-05T03:23:23Z</time>
			</trkpt>
			<trkpt lat="35.315239" lon="139.352678">
				<speed>5.944757</speed>
				<ele>7.968982</ele>
				<time>2026-09-05T03:23:25Z</time>
			</trkpt>
			<trkpt lat="35.315235" lon="139.352548">
				<speed>6.076673</speed>
				<ele>7.631238</ele>
				<time>2026-09-05T03:23:27Z</time>
			</trkpt>
			<trkpt lat="35.315234" lon="139.352482">
				<speed>6.222580</speed>
				<ele>7.628575</ele>
				<time>2026-09-05T03:23:28Z</time>
			</trkpt>
			<trkpt lat="35.315231" lon="139.352414">
				<speed>6.342022</speed>
				<ele>7.613676</ele>
				<time>2026-09-05T03:23:29Z</time>
			</trkpt>
			<trkpt lat="35.315227" lon="139.352346">
				<speed>6.285353</speed>
				<ele>7.772398</ele>
				<time>2026-09-05T03:23:30Z</time>
			</trkpt>
			<trkpt lat="35.315222" lon="139.352277">
				<speed>6.477545</speed>
				<ele>7.942762</ele>
				<time>2026-09-05T03:23:31Z</time>
			</trkpt>
			<trkpt lat="35.315215" lon="139.352207">
				<speed>6.417345</speed>
				<ele>7.844165</ele>
				<time>2026-09-05T03:23:32Z</time>
			</trkpt>
			<trkpt lat="35.315207" lon="139.352137">
				<speed>6.367052</speed>
				<ele>8.036958</ele>
				<time>2026-09-05T03:23:33Z</time>
			</trkpt>
			<trkpt lat="35.315199" lon="139.352066">
				<speed>6.447392</speed>
				<ele>8.051318</ele>
				<time>2026-09-05T03:23:34Z</time>
			</trkpt>
			<trkpt lat="35.315190" lon="139.351996">
				<speed>6.366302</speed>
				<ele>8.117942</ele>
				<time>2026-09-05T03:23:35Z</time>
			</trkpt>
			<trkpt lat="35.315183" lon="139.351925">
				<speed>6.360311</speed>
				<ele>8.009924</ele>
				<time>2026-09-05T03:23:36Z</time>
			</trkpt>
			<trkpt lat="35.315175" lon="139.351855">
				<speed>6.227490</speed>
				<ele>8.166183</ele>
				<time>2026-09-05T03:23:37Z</time>
			</trkpt>
			<trkpt lat="35.315167" lon="139.351785">
				<speed>6.252117</speed>
				<ele>8.265557</ele>
				<time>2026-09-05T03:23:38Z</time>
			</trkpt>
			<trkpt lat="35.315160" lon="139.351716">
				<speed>6.276138</speed>
				<ele>8.232671</ele>
				<time>2026-09-05T03:23:39Z</time>
			</trkpt>
			<trkpt lat="35.315154" lon="139.351645">
				<speed>6.431182</speed>
				<ele>8.150923</ele>
				<time>2026-09-05T03:23:40Z</time>
			</trkpt>
			<trkpt lat="35.315149" lon="139.351575">
				<speed>6.349758</speed>
				<ele>8.176303</ele>
				<time>2026-09-05T03:23:41Z</time>
			</trkpt>
			<trkpt lat="35.315144" lon="139.351505">
				<speed>6.453660</speed>
				<ele>8.089347</ele>
				<time>2026-09-05T03:23:42Z</time>
			</trkpt>
			<trkpt lat="35.315138" lon="139.351434">
				<speed>6.513524</speed>
				<ele>8.059195</ele>
				<time>2026-09-05T03:23:43Z</time>
			</trkpt>
			<trkpt lat="35.315133" lon="139.351363">
				<speed>6.547587</speed>
				<ele>8.113199</ele>
				<time>2026-09-05T03:23:44Z</time>
			</trkpt>
			<trkpt lat="35.315128" lon="139.351291">
				<speed>6.765657</speed>
				<ele>7.923804</ele>
				<time>2026-09-05T03:23:45Z</time>
			</trkpt>
			<trkpt lat="35.315124" lon="139.351218">
				<speed>6.575114</speed>
				<ele>7.925875</ele>
				<time>2026-09-05T03:23:46Z</time>
			</trkpt>
			<trkpt lat="35.315120" lon="139.351146">
				<speed>6.712835</speed>
				<ele>7.895907</ele>
				<time>2026-09-05T03:23:47Z</time>
			</trkpt>
			<trkpt lat="35.315115" lon="139.351073">
				<speed>6.737696</speed>
				<ele>7.878003</ele>
				<time>2026-09-05T03:23:48Z</time>
			</trkpt>
			<trkpt lat="35.315110" lon="139.350999">
				<speed>6.796949</speed>
				<ele>7.897500</ele>
				<time>2026-09-05T03:23:49Z</time>
			</trkpt>
			<trkpt lat="35.315105" lon="139.350925">
				<speed>6.777134</speed>
				<ele>7.758236</ele>
				<time>2026-09-05T03:23:50Z</time>
			</trkpt>
			<trkpt lat="35.315101" lon="139.350851">
				<speed>6.829369</speed>
				<ele>7.808804</ele>
				<time>2026-09-05T03:23:51Z</time>
			</trkpt>
			<trkpt lat="35.315098" lon="139.350776">
				<speed>6.748422</speed>
				<ele>7.540956</ele>
				<time>2026-09-05T03:23:52Z</time>
			</trkpt>
			<trkpt lat="35.315094" lon="139.350701">
				<speed>6.751730</speed>
				<ele>7.703514</ele>
				<time>2026-09-05T03:23:53Z</time>
			</trkpt>
			<trkpt lat="35.315091" lon="139.350627">
				<speed>6.635158</speed>
				<ele>7.704611</ele>
				<time>2026-09-05T03:23:54Z</time>
			</trkpt>
			<trkpt lat="35.315086" lon="139.350553">
				<speed>6.408637</speed>
				<ele>7.698392</ele>
				<time>2026-09-05T03:23:55Z</time>
			</trkpt>
			<trkpt lat="35.315081" lon="139.350481">
				<speed>6.409619</speed>
				<ele>7.861943</ele>
				<time>2026-09-05T03:23:56Z</time>
			</trkpt>
			<trkpt lat="35.315076" lon="139.350409">
				<speed>6.467741</speed>
				<ele>7.777633</ele>
				<time>2026-09-05T03:23:57Z</time>
			</trkpt>
			<trkpt lat="35.315072" lon="139.350338">
				<speed>6.442925</speed>
				<ele>7.654385</ele>
				<time>2026-09-05T03:23:58Z</time>
			</trkpt>
			<trkpt lat="35.315069" lon="139.350267">
				<speed>6.448675</speed>
				<ele>8.040542</ele>
				<time>2026-09-05T03:23:59Z</time>
			</trkpt>
			<trkpt lat="35.315065" lon="139.350196">
				<speed>6.458530</speed>
				<ele>7.998762</ele>
				<time>2026-09-05T03:24:00Z</time>
			</trkpt>
			<trkpt lat="35.315061" lon="139.350126">
				<speed>6.318562</speed>
				<ele>7.951443</ele>
				<time>2026-09-05T03:24:01Z</time>
			</trkpt>
			<trkpt lat="35.315055" lon="139.350058">
				<speed>6.063375</speed>
				<ele>8.354166</ele>
				<time>2026-09-05T03:24:02Z</time>
			</trkpt>
			<trkpt lat="35.315048" lon="139.349991">
				<speed>5.912470</speed>
				<ele>8.214065</ele>
				<time>2026-09-05T03:24:03Z</time>
			</trkpt>
			<trkpt lat="35.315032" lon="139.349861">
				<speed>5.963872</speed>
				<ele>7.879178</ele>
				<time>2026-09-05T03:24:05Z</time>
			</trkpt>
			<trkpt lat="35.315017" lon="139.349732">
				<speed>5.962921</speed>
				<ele>7.777849</ele>
				<time>2026-09-05T03:24:07Z</time>
			</trkpt>
			<trkpt lat="35.315005" lon="139.349605">
				<speed>5.753922</speed>
				<ele>8.110613</ele>
				<time>2026-09-05T03:24:09Z</time>
			</trkpt>
			<trkpt lat="35.314996" lon="139.349481">
				<speed>5.399168</speed>
				<ele>7.947179</ele>
				<time>2026-09-05T03:24:11Z</time>
			</trkpt>
			<trkpt lat="35.314998" lon="139.349367">
				<speed>4.478430</speed>
				<ele>7.955417</ele>
				<time>2026-09-05T03:24:13Z</time>
			</trkpt>
			<trkpt lat="35.315025" lon="139.349286">
				<speed>3.910702</speed>
				<ele>8.049260</ele>
				<time>2026-09-05T03:24:15Z</time>
			</trkpt>
			<trkpt lat="35.315100" lon="139.349243">
				<speed>3.938387</speed>
				<ele>8.245099</ele>
				<time>2026-09-05T03:24:18Z</time>
			</trkpt>
			<trkpt lat="35.315174" lon="139.349238">
				<speed>4.516449</speed>
				<ele>8.004070</ele>
				<time>2026-09-05T03:24:20Z</time>
			</trkpt>
			<trkpt lat="35.315265" lon="139.349241">
				<speed>5.066338</speed>
				<ele>8.240658</ele>
				<time>2026-09-05T03:24:22Z</time>
			</trkpt>
			<trkpt lat="35.315364" lon="139.349246">
				<speed>5.055352</speed>
				<ele>8.487121</ele>
				<time>2026-09-05T03:24:24Z</time>
			</trkpt>
			<trkpt lat="35.315463" lon="139.349257">
				<speed>4.195570</speed>
				<ele>8.509949</ele>
				<time>2026-09-05T03:24:26Z</time>
			</trkpt>
			<trkpt lat="35.315549" lon="139.349264">
				<speed>2.471147</speed>
				<ele>8.890985</ele>
				<time>2026-09-05T03:24:28Z</time>
			</trkpt>
			<trkpt lat="35.315481" lon="139.349276">
				<speed>2.557307</speed>
				<ele>9.790693</ele>
				<time>2026-09-05T03:24:36Z</time>
			</trkpt>
			<trkpt lat="35.315442" lon="139.349250">
				<speed>2.698236</speed>
				<ele>10.877903</ele>
				<time>2026-09-05T03:24:38Z</time>
			</trkpt>
			<trkpt lat="35.315401" lon="139.349166">
				<speed>3.448958</speed>
				<ele>10.606846</ele>
				<time>2026-09-05T03:24:41Z</time>
			</trkpt>
			<trkpt lat="35.315383" lon="139.349084">
				<speed>4.076356</speed>
				<ele>10.394045</ele>
				<time>2026-09-05T03:24:43Z</time>
			</trkpt>
			<trkpt lat="35.315369" lon="139.348986">
				<speed>4.751961</speed>
				<ele>10.341832</ele>
				<time>2026-09-05T03:24:45Z</time>
			</trkpt>
			<trkpt lat="35.315356" lon="139.348871">
				<speed>5.048366</speed>
				<ele>10.733484</ele>
				<time>2026-09-05T03:24:47Z</time>
			</trkpt>
			<trkpt lat="35.315348" lon="139.348750">
				<speed>4.837027</speed>
				<ele>10.892548</ele>
				<time>2026-09-05T03:24:49Z</time>
			</trkpt>
			<trkpt lat="35.315342" lon="139.348627">
				<speed>4.867716</speed>
				<ele>10.364556</ele>
				<time>2026-09-05T03:24:51Z</time>
			</trkpt>
			<trkpt lat="35.315335" lon="139.348507">
				<speed>4.922160</speed>
				<ele>10.721142</ele>
				<time>2026-09-05T03:24:53Z</time>
			</trkpt>
			<trkpt lat="35.315329" lon="139.348387">
				<speed>5.106041</speed>
				<ele>10.669985</ele>
				<time>2026-09-05T03:24:55Z</time>
			</trkpt>
			<trkpt lat="35.315321" lon="139.348270">
				<speed>4.835544</speed>
				<ele>11.002923</ele>
				<time>2026-09-05T03:24:57Z</time>
			</trkpt>
			<trkpt lat="35.315310" lon="139.348168">
				<speed>2.611678</speed>
				<ele>10.991297</ele>
				<time>2026-09-05T03:24:59Z</time>
			</trkpt>
			<trkpt lat="35.315293" lon="139.348106">
				<speed>1.675717</speed>
				<ele>10.979848</ele>
				<time>2026-09-05T03:25:01Z</time>
			</trkpt>
			<trkpt lat="35.315269" lon="139.348070">
				<speed>2.536526</speed>
				<ele>10.842062</ele>
				<time>2026-09-05T03:25:03Z</time>
			</trkpt>
			<trkpt lat="35.315225" lon="139.348014">
				<speed>3.233121</speed>
				<ele>10.864237</ele>
				<time>2026-09-05T03:25:06Z</time>
			</trkpt>
			<trkpt lat="35.315206" lon="139.347936">
				<speed>3.672354</speed>
				<ele>10.487000</ele>
				<time>2026-09-05T03:25:09Z</time>
			</trkpt>
			<trkpt lat="35.315227" lon="139.347851">
				<speed>2.770015</speed>
				<ele>9.945577</ele>
				<time>2026-09-05T03:25:12Z</time>
			</trkpt>
			<trkpt lat="35.315242" lon="139.347797">
				<speed>2.649891</speed>
				<ele>10.183294</ele>
				<time>2026-09-05T03:25:14Z</time>
			</trkpt>
			<trkpt lat="35.315254" lon="139.347709">
				<speed>3.432916</speed>
				<ele>9.952532</ele>
				<time>2026-09-05T03:25:17Z</time>
			</trkpt>
			<trkpt lat="35.315253" lon="139.347641">
				<speed>3.191849</speed>
				<ele>10.152210</ele>
				<time>2026-09-05T03:25:19Z</time>
			</trkpt>
			<trkpt lat="35.315239" lon="139.347591">
				<speed>1.600307</speed>
				<ele>10.018963</ele>
				<time>2026-09-05T03:25:21Z</time>
			</trkpt>
			<trkpt lat="35.315295" lon="139.347566">
				<speed>2.815039</speed>
				<ele>9.858259</ele>
				<time>2026-09-05T03:25:32Z</time>
			</trkpt>
			<trkpt lat="35.315348" lon="139.347539">
				<speed>3.059960</speed>
				<ele>10.165040</ele>
				<time>2026-09-05T03:25:34Z</time>
			</trkpt>
			<trkpt lat="35.315391" lon="139.347496">
				<speed>3.544275</speed>
				<ele>10.276278</ele>
				<time>2026-09-05T03:25:36Z</time>
			</trkpt>
			<trkpt lat="35.315420" lon="139.347435">
				<speed>3.902684</speed>
				<ele>10.594770</ele>
				<time>2026-09-05T03:25:38Z</time>
			</trkpt>
			<trkpt lat="35.315428" lon="139.347354">
				<speed>4.661732</speed>
				<ele>10.707743</ele>
				<time>2026-09-05T03:25:40Z</time>
			</trkpt>
			<trkpt lat="35.315418" lon="139.347257">
				<speed>4.809180</speed>
				<ele>10.420634</ele>
				<time>2026-09-05T03:25:42Z</time>
			</trkpt>
			<trkpt lat="35.315396" lon="139.347148">
				<speed>4.904650</speed>
				<ele>10.532128</ele>
				<time>2026-09-05T03:25:44Z</time>
			</trkpt>
			<trkpt lat="35.315369" lon="139.347032">
				<speed>5.006120</speed>
				<ele>10.872848</ele>
				<time>2026-09-05T03:25:46Z</time>
			</trkpt>
			<trkpt lat="35.315339" lon="139.346915">
				<speed>5.079792</speed>
				<ele>10.779252</ele>
				<time>2026-09-05T03:25:48Z</time>
			</trkpt>
			<trkpt lat="35.315303" lon="139.346796">
				<speed>5.486909</speed>
				<ele>10.232768</ele>
				<time>2026-09-05T03:25:50Z</time>
			</trkpt>
			<trkpt lat="35.315259" lon="139.346677">
				<speed>5.775933</speed>
				<ele>10.325733</ele>
				<time>2026-09-05T03:25:52Z</time>
			</trkpt>
			<trkpt lat="35.315236" lon="139.346616">
				<speed>5.905269</speed>
				<ele>10.108234</ele>
				<time>2026-09-05T03:25:53Z</time>
			</trkpt>
			<trkpt lat="35.315216" lon="139.346553">
				<speed>5.846343</speed>
				<ele>10.274864</ele>
				<time>2026-09-05T03:25:54Z</time>
			</trkpt>
			<trkpt lat="35.315201" lon="139.346489">
				<speed>5.933195</speed>
				<ele>10.472675</ele>
				<time>2026-09-05T03:25:55Z</time>
			</trkpt>
			<trkpt lat="35.315186" lon="139.346363">
				<speed>5.380993</speed>
				<ele>10.830067</ele>
				<time>2026-09-05T03:25:57Z</time>
			</trkpt>
			<trkpt lat="35.315182" lon="139.346240">
				<speed>5.118103</speed>
				<ele>10.842177</ele>
				<time>2026-09-05T03:25:59Z</time>
			</trkpt>
			<trkpt lat="35.315174" lon="139.346125">
				<speed>4.609002</speed>
				<ele>11.002870</ele>
				<time>2026-09-05T03:26:01Z</time>
			</trkpt>
			<trkpt lat="35.315139" lon="139.346049">
				<speed>5.308843</speed>
				<ele>10.586563</ele>
				<time>2026-09-05T03:26:03Z</time>
			</trkpt>
			<trkpt lat="35.315081" lon="139.346004">
				<speed>4.656318</speed>
				<ele>10.942712</ele>
				<time>2026-09-05T03:26:05Z</time>
			</trkpt>
			<trkpt lat="35.315021" lon="139.345953">
				<speed>4.942391</speed>
				<ele>10.430175</ele>
				<time>2026-09-05T03:26:07Z</time>
			</trkpt>
			<trkpt lat="35.314978" lon="139.345891">
				<speed>4.353901</speed>
				<ele>10.147736</ele>
				<time>2026-09-05T03:26:09Z</time>
			</trkpt>
			<trkpt lat="35.314948" lon="139.345815">
				<speed>4.489740</speed>
				<ele>9.784486</ele>
				<time>2026-09-05T03:26:11Z</time>
			</trkpt>
			<trkpt lat="35.314931" lon="139.345728">
				<speed>4.501839</speed>
				<ele>9.523462</ele>
				<time>2026-09-05T03:26:13Z</time>
			</trkpt>
			<trkpt lat="35.314920" lon="139.345633">
				<speed>4.363266</speed>
				<ele>9.249392</ele>
				<time>2026-09-05T03:26:15Z</time>
			</trkpt>
			<trkpt lat="35.314914" lon="139.345520">
				<speed>4.085995</speed>
				<ele>9.276676</ele>
				<time>2026-09-05T03:26:17Z</time>
			</trkpt>
			<trkpt lat="35.314912" lon="139.345442">
				<speed>3.694209</speed>
				<ele>9.210414</ele>
				<time>2026-09-05T03:26:19Z</time>
			</trkpt>
			<trkpt lat="35.314912" lon="139.345356">
				<speed>3.471522</speed>
				<ele>9.170524</ele>
				<time>2026-09-05T03:26:21Z</time>
			</trkpt>
			<trkpt lat="35.314904" lon="139.345269">
				<speed>1.846611</speed>
				<ele>9.655432</ele>
				<time>2026-09-05T03:26:24Z</time>
			</trkpt>
			<trkpt lat="35.314912" lon="139.345336">
				<speed>2.462032</speed>
				<ele>8.899233</ele>
				<time>2026-09-05T03:26:28Z</time>
			</trkpt>
			<trkpt lat="35.314910" lon="139.345397">
				<speed>1.439539</speed>
				<ele>8.871181</ele>
				<time>2026-09-05T03:26:30Z</time>
			</trkpt>
			<trkpt lat="35.314847" lon="139.345364">
				<speed>2.139949</speed>
				<ele>6.980891</ele>
				<time>2026-09-05T03:26:38Z</time>
			</trkpt>
			<trkpt lat="35.314811" lon="139.345315">
				<speed>0.997538</speed>
				<ele>5.977584</ele>
				<time>2026-09-05T03:26:39Z</time>
			</trkpt>
			<trkpt lat="35.314783" lon="139.345280">
				<speed>1.908802</speed>
				<ele>5.206858</ele>
				<time>2026-09-05T03:26:45Z</time>
			</trkpt>
			<trkpt lat="35.314760" lon="139.345245">
				<speed>1.781926</speed>
				<ele>5.417915</ele>
				<time>2026-09-05T03:26:47Z</time>
			</trkpt>
			<trkpt lat="35.314738" lon="139.345204">
				<speed>1.768252</speed>
				<ele>5.499058</ele>
				<time>2026-09-05T03:26:49Z</time>
			</trkpt>
			<trkpt lat="35.314719" lon="139.345164">
				<speed>1.636063</speed>
				<ele>5.700565</ele>
				<time>2026-09-05T03:26:51Z</time>
			</trkpt>
			<trkpt lat="35.314703" lon="139.345123">
				<speed>1.925200</speed>
				<ele>5.329904</ele>
				<time>2026-09-05T03:26:53Z</time>
			</trkpt>
			<trkpt lat="35.314685" lon="139.345061">
				<speed>1.883207</speed>
				<ele>4.617387</ele>
				<time>2026-09-05T03:26:56Z</time>
			</trkpt>
			<trkpt lat="35.314668" lon="139.345003">
				<speed>1.642949</speed>
				<ele>4.832688</ele>
				<time>2026-09-05T03:26:59Z</time>
			</trkpt>
			<trkpt lat="35.314647" lon="139.344952">
				<speed>1.767202</speed>
				<ele>4.549205</ele>
				<time>2026-09-05T03:27:02Z</time>
			</trkpt>
			<trkpt lat="35.314621" lon="139.344900">
				<speed>2.154607</speed>
				<ele>4.336576</ele>
				<time>2026-09-05T03:27:05Z</time>
			</trkpt>
			<trkpt lat="35.314596" lon="139.344852">
				<speed>1.470806</speed>
				<ele>4.754407</ele>
				<time>2026-09-05T03:27:08Z</time>
			</trkpt>
			<trkpt lat="35.314580" lon="139.344805">
				<speed>0.660736</speed>
				<ele>4.709536</ele>
				<time>2026-09-05T03:27:17Z</time>
			</trkpt>
			<trkpt lat="35.314529" lon="139.344812">
				<speed>0.112813</speed>
				<ele>5.197442</ele>
				<time>2026-09-05T03:28:41Z</time>
			</trkpt>
			<trkpt lat="35.314572" lon="139.344828">
				<speed>0.475626</speed>
				<ele>5.117745</ele>
				<time>2026-09-05T03:28:49Z</time>
			</trkpt>
			<trkpt lat="35.314610" lon="139.344834">
				<speed>1.453900</speed>
				<ele>5.216718</ele>
				<time>2026-09-05T03:28:58Z</time>
			</trkpt>
			<trkpt lat="35.314646" lon="139.344845">
				<speed>1.391508</speed>
				<ele>5.678905</ele>
				<time>2026-09-05T03:29:01Z</time>
			</trkpt>
			<trkpt lat="35.314685" lon="139.344838">
				<speed>1.224197</speed>
				<ele>6.626686</ele>
				<time>2026-09-05T03:29:04Z</time>
			</trkpt>
			<trkpt lat="35.314702" lon="139.344803">
				<speed>1.465451</speed>
				<ele>6.266883</ele>
				<time>2026-09-05T03:29:07Z</time>
			</trkpt>
			<trkpt lat="35.314707" lon="139.344746">
				<speed>0.915559</speed>
				<ele>5.972826</ele>
				<time>2026-09-05T03:29:12Z</time>
			</trkpt>
			<trkpt lat="35.314700" lon="139.344690">
				<speed>1.549223</speed>
				<ele>6.423130</ele>
				<time>2026-09-05T03:29:16Z</time>
			</trkpt>
			<trkpt lat="35.314694" lon="139.344643">
				<speed>1.354457</speed>
				<ele>6.283856</ele>
				<time>2026-09-05T03:29:19Z</time>
			</trkpt>
			<trkpt lat="35.314689" lon="139.344595">
				<speed>1.462613</speed>
				<ele>6.952093</ele>
				<time>2026-09-05T03:29:22Z</time>
			</trkpt>
			<trkpt lat="35.314682" lon="139.344545">
				<speed>1.677357</speed>
				<ele>6.714692</ele>
				<time>2026-09-05T03:29:25Z</time>
			</trkpt>
			<trkpt lat="35.314675" lon="139.344492">
				<speed>1.547890</speed>
				<ele>6.593143</ele>
				<time>2026-09-05T03:29:28Z</time>
			</trkpt>
			<trkpt lat="35.314669" lon="139.344438">
				<speed>1.693943</speed>
				<ele>6.487402</ele>
				<time>2026-09-05T03:29:31Z</time>
			</trkpt>
			<trkpt lat="35.314666" lon="139.344381">
				<speed>1.792026</speed>
				<ele>5.855018</ele>
				<time>2026-09-05T03:29:34Z</time>
			</trkpt>
			<trkpt lat="35.314659" lon="139.344326">
				<speed>1.584852</speed>
				<ele>6.639474</ele>
				<time>2026-09-05T03:29:37Z</time>
			</trkpt>
			<trkpt lat="35.314652" lon="139.344277">
				<speed>1.079689</speed>
				<ele>6.881007</ele>
				<time>2026-09-05T03:29:40Z</time>
			</trkpt>
			<trkpt lat="35.314651" lon="139.344232">
				<speed>1.478809</speed>
				<ele>6.494778</ele>
				<time>2026-09-05T03:29:43Z</time>
			</trkpt>
			<trkpt lat="35.314650" lon="139.344186">
				<speed>1.590810</speed>
				<ele>6.764647</ele>
				<time>2026-09-05T03:29:46Z</time>
			</trkpt>
			<trkpt lat="35.314645" lon="139.344137">
				<speed>1.516357</speed>
				<ele>6.668808</ele>
				<time>2026-09-05T03:29:49Z</time>
			</trkpt>
			<trkpt lat="35.314640" lon="139.344093">
				<speed>1.426395</speed>
				<ele>7.114336</ele>
				<time>2026-09-05T03:29:52Z</time>
			</trkpt>
			<trkpt lat="35.314639" lon="139.344050">
				<speed>1.101121</speed>
				<ele>7.091000</ele>
				<time>2026-09-05T03:29:55Z</time>
			</trkpt>
			<trkpt lat="35.314625" lon="139.344005">
				<speed>0.566431</speed>
				<ele>7.658140</ele>
				<time>2026-09-05T03:30:44Z</time>
			</trkpt>
			<trkpt lat="35.314632" lon="139.343971">
				<speed>0.292440</speed>
				<ele>7.106948</ele>
				<time>2026-09-05T03:30:52Z</time>
			</trkpt>
			<trkpt lat="35.314640" lon="139.344005">
				<speed>0.114560</speed>
				<ele>6.777954</ele>
				<time>2026-09-05T03:31:01Z</time>
			</trkpt>
			<trkpt lat="35.314643" lon="139.344043">
				<speed>0.126195</speed>
				<ele>6.466883</ele>
				<time>2026-09-05T03:31:07Z</time>
			</trkpt>
			<trkpt lat="35.314640" lon="139.343995">
				<speed>0.618864</speed>
				<ele>6.582456</ele>
				<time>2026-09-05T03:31:36Z</time>
			</trkpt>
			<trkpt lat="35.314628" lon="139.344043">
				<speed>0.083786</speed>
				<ele>6.666315</ele>
				<time>2026-09-05T03:31:52Z</time>
			</trkpt>
			<trkpt lat="35.314633" lon="139.343978">
				<speed>0.578734</speed>
				<ele>6.745400</ele>
				<time>2026-09-05T03:32:12Z</time>
			</trkpt>
			<trkpt lat="35.314628" lon="139.344041">
				<speed>0.070405</speed>
				<ele>6.581818</ele>
				<time>2026-09-05T03:32:25Z</time>
			</trkpt>
			<trkpt lat="35.314630" lon="139.343977">
				<speed>0.440007</speed>
				<ele>6.720140</ele>
				<time>2026-09-05T03:32:45Z</time>
			</trkpt>
			<trkpt lat="35.314627" lon="139.344039">
				<speed>0.068989</speed>
				<ele>7.249700</ele>
				<time>2026-09-05T03:32:58Z</time>
			</trkpt>
			<trkpt lat="35.314630" lon="139.343973">
				<speed>0.456825</speed>
				<ele>6.872036</ele>
				<time>2026-09-05T03:33:19Z</time>
			</trkpt>
			<trkpt lat="35.314623" lon="139.344030">
				<speed>0.075029</speed>
				<ele>6.653561</ele>
				<time>2026-09-05T03:33:33Z</time>
			</trkpt>
			<trkpt lat="35.314636" lon="139.343988">
				<speed>0.719489</speed>
				<ele>6.246433</ele>
				<time>2026-09-05T03:33:54Z</time>
			</trkpt>
			<trkpt lat="35.314622" lon="139.344039">
				<speed>0.050305</speed>
				<ele>6.554297</ele>
				<time>2026-09-05T03:34:10Z</time>
			</trkpt>
			<trkpt lat="35.314633" lon="139.343996">
				<speed>0.217005</speed>
				<ele>6.934476</ele>
				<time>2026-09-05T03:34:31Z</time>
			</trkpt>
			<trkpt lat="35.314627" lon="139.344043">
				<speed>0.090546</speed>
				<ele>6.991544</ele>
				<time>2026-09-05T03:34:48Z</time>
			</trkpt>
			<trkpt lat="35.314633" lon="139.343989">
				<speed>0.363416</speed>
				<ele>6.773550</ele>
				<time>2026-09-05T03:35:09Z</time>
			</trkpt>
			<trkpt lat="35.314625" lon="139.344035">
				<speed>0.228420</speed>
				<ele>6.127234</ele>
				<time>2026-09-05T03:35:25Z</time>
			</trkpt>
			<trkpt lat="35.314637" lon="139.343991">
				<speed>0.220242</speed>
				<ele>6.534514</ele>
				<time>2026-09-05T03:35:43Z</time>
			</trkpt>
			<trkpt lat="35.314631" lon="139.344040">
				<speed>0.197345</speed>
				<ele>7.082444</ele>
				<time>2026-09-05T03:36:02Z</time>
			</trkpt>
			<trkpt lat="35.314637" lon="139.343987">
				<speed>0.349731</speed>
				<ele>7.378616</ele>
				<time>2026-09-05T03:36:18Z</time>
			</trkpt>
			<trkpt lat="35.314631" lon="139.344038">
				<speed>0.218883</speed>
				<ele>7.036225</ele>
				<time>2026-09-05T03:36:31Z</time>
			</trkpt>
			<trkpt lat="35.314649" lon="139.344053">
				<speed>0.067775</speed>
				<ele>6.837566</ele>
				<time>2026-09-05T03:36:55Z</time>
			</trkpt>
			<trkpt lat="35.314637" lon="139.344031">
				<speed>0.041922</speed>
				<ele>7.029968</ele>
				<time>2026-09-05T03:37:14Z</time>
			</trkpt>
			<trkpt lat="35.314648" lon="139.344062">
				<speed>0.209422</speed>
				<ele>7.077704</ele>
				<time>2026-09-05T03:37:24Z</time>
			</trkpt>
			<trkpt lat="35.314631" lon="139.344040">
				<speed>0.105049</speed>
				<ele>7.228680</ele>
				<time>2026-09-05T03:37:34Z</time>
			</trkpt>
			<trkpt lat="35.314644" lon="139.344064">
				<speed>0.279655</speed>
				<ele>7.200555</ele>
				<time>2026-09-05T03:37:44Z</time>
			</trkpt>
			<trkpt lat="35.314627" lon="139.343997">
				<speed>0.813438</speed>
				<ele>7.580219</ele>
				<time>2026-09-05T03:37:57Z</time>
			</trkpt>
			<trkpt lat="35.314641" lon="139.344041">
				<speed>0.124590</speed>
				<ele>7.156946</ele>
				<time>2026-09-05T03:38:14Z</time>
			</trkpt>
			<trkpt lat="35.314630" lon="139.343982">
				<speed>0.893997</speed>
				<ele>7.123114</ele>
				<time>2026-09-05T03:38:29Z</time>
			</trkpt>
			<trkpt lat="35.314641" lon="139.344035">
				<speed>0.084992</speed>
				<ele>6.672642</ele>
				<time>2026-09-05T03:38:42Z</time>
			</trkpt>
			<trkpt lat="35.314647" lon="139.344080">
				<speed>1.313396</speed>
				<ele>6.674870</ele>
				<time>2026-09-05T03:39:37Z</time>
			</trkpt>
			<trkpt lat="35.314645" lon="139.344138">
				<speed>1.508078</speed>
				<ele>6.725721</ele>
				<time>2026-09-05T03:39:41Z</time>
			</trkpt>
			<trkpt lat="35.314644" lon="139.344190">
				<speed>1.443092</speed>
				<ele>6.797044</ele>
				<time>2026-09-05T03:39:44Z</time>
			</trkpt>
			<trkpt lat="35.314647" lon="139.344243">
				<speed>1.723007</speed>
				<ele>5.789136</ele>
				<time>2026-09-05T03:39:47Z</time>
			</trkpt>
			<trkpt lat="35.314652" lon="139.344298">
				<speed>1.525025</speed>
				<ele>6.214814</ele>
				<time>2026-09-05T03:39:50Z</time>
			</trkpt>
			<trkpt lat="35.314657" lon="139.344351">
				<speed>1.446368</speed>
				<ele>6.217971</ele>
				<time>2026-09-05T03:39:53Z</time>
			</trkpt>
			<trkpt lat="35.314664" lon="139.344403">
				<speed>1.617482</speed>
				<ele>6.570065</ele>
				<time>2026-09-05T03:39:56Z</time>
			</trkpt>
			<trkpt lat="35.314667" lon="139.344454">
				<speed>1.664080</speed>
				<ele>6.723919</ele>
				<time>2026-09-05T03:39:59Z</time>
			</trkpt>
			<trkpt lat="35.314668" lon="139.344504">
				<speed>1.478241</speed>
				<ele>6.826586</ele>
				<time>2026-09-05T03:40:02Z</time>
			</trkpt>
			<trkpt lat="35.314671" lon="139.344554">
				<speed>1.361687</speed>
				<ele>7.128614</ele>
				<time>2026-09-05T03:40:05Z</time>
			</trkpt>
			<trkpt lat="35.314679" lon="139.344603">
				<speed>1.437794</speed>
				<ele>6.868563</ele>
				<time>2026-09-05T03:40:08Z</time>
			</trkpt>
			<trkpt lat="35.314688" lon="139.344653">
				<speed>1.503164</speed>
				<ele>7.277209</ele>
				<time>2026-09-05T03:40:11Z</time>
			</trkpt>
			<trkpt lat="35.314692" lon="139.344705">
				<speed>1.671307</speed>
				<ele>6.902701</ele>
				<time>2026-09-05T03:40:14Z</time>
			</trkpt>
			<trkpt lat="35.314695" lon="139.344759">
				<speed>1.574823</speed>
				<ele>7.137098</ele>
				<time>2026-09-05T03:40:17Z</time>
			</trkpt>
			<trkpt lat="35.314695" lon="139.344812">
				<speed>1.464686</speed>
				<ele>6.816188</ele>
				<time>2026-09-05T03:40:20Z</time>
			</trkpt>
			<trkpt lat="35.314700" lon="139.344868">
				<speed>1.675534</speed>
				<ele>5.242946</ele>
				<time>2026-09-05T03:40:23Z</time>
			</trkpt>
			<trkpt lat="35.314708" lon="139.344923">
				<speed>1.716496</speed>
				<ele>5.683223</ele>
				<time>2026-09-05T03:40:26Z</time>
			</trkpt>
			<trkpt lat="35.314722" lon="139.344974">
				<speed>1.688825</speed>
				<ele>6.527751</ele>
				<time>2026-09-05T03:40:29Z</time>
			</trkpt>
			<trkpt lat="35.314747" lon="139.345014">
				<speed>1.536844</speed>
				<ele>7.380586</ele>
				<time>2026-09-05T03:40:32Z</time>
			</trkpt>
			<trkpt lat="35.314784" lon="139.345037">
				<speed>1.561165</speed>
				<ele>6.994718</ele>
				<time>2026-09-05T03:40:35Z</time>
			</trkpt>
			<trkpt lat="35.314829" lon="139.345040">
				<speed>1.621323</speed>
				<ele>8.097402</ele>
				<time>2026-09-05T03:40:38Z</time>
			</trkpt>
			<trkpt lat="35.314876" lon="139.345033">
				<speed>1.971006</speed>
				<ele>8.411733</ele>
				<time>2026-09-05T03:40:41Z</time>
			</trkpt>
			<trkpt lat="35.314914" lon="139.345024">
				<speed>2.345233</speed>
				<ele>8.641872</ele>
				<time>2026-09-05T03:40:43Z</time>
			</trkpt>
			<trkpt lat="35.314984" lon="139.345007">
				<speed>3.080066</speed>
				<ele>8.778144</ele>
				<time>2026-09-05T03:40:46Z</time>
			</trkpt>
			<trkpt lat="35.315039" lon="139.344993">
				<speed>3.350078</speed>
				<ele>9.007014</ele>
				<time>2026-09-05T03:40:48Z</time>
			</trkpt>
			<trkpt lat="35.315101" lon="139.344979">
				<speed>3.318534</speed>
				<ele>9.180526</ele>
				<time>2026-09-05T03:40:50Z</time>
			</trkpt>
			<trkpt lat="35.315165" lon="139.344971">
				<speed>3.176785</speed>
				<ele>9.398623</ele>
				<time>2026-09-05T03:40:52Z</time>
			</trkpt>
			<trkpt lat="35.315217" lon="139.344987">
				<speed>3.050924</speed>
				<ele>9.546510</ele>
				<time>2026-09-05T03:40:54Z</time>
			</trkpt>
			<trkpt lat="35.315257" lon="139.345019">
				<speed>2.741878</speed>
				<ele>9.301620</ele>
				<time>2026-09-05T03:40:56Z</time>
			</trkpt>
			<trkpt lat="35.315301" lon="139.345041">
				<speed>3.482443</speed>
				<ele>11.064078</ele>
				<time>2026-09-05T03:40:58Z</time>
			</trkpt>
			<trkpt lat="35.315338" lon="139.345038">
				<speed>2.493781</speed>
				<ele>10.418228</ele>
				<time>2026-09-05T03:41:00Z</time>
			</trkpt>
			<trkpt lat="35.315346" lon="139.344964">
				<speed>1.923094</speed>
				<ele>10.922629</ele>
				<time>2026-09-05T03:41:04Z</time>
			</trkpt>
			<trkpt lat="35.315306" lon="139.344916">
				<speed>2.948942</speed>
				<ele>10.249186</ele>
				<time>2026-09-05T03:41:07Z</time>
			</trkpt>
			<trkpt lat="35.315256" lon="139.344882">
				<speed>2.712359</speed>
				<ele>10.361306</ele>
				<time>2026-09-05T03:41:09Z</time>
			</trkpt>
			<trkpt lat="35.315206" lon="139.344844">
				<speed>2.525207</speed>
				<ele>10.571503</ele>
				<time>2026-09-05T03:41:11Z</time>
			</trkpt>
			<trkpt lat="35.315158" lon="139.344803">
				<speed>2.492176</speed>
				<ele>10.368965</ele>
				<time>2026-09-05T03:41:13Z</time>
			</trkpt>
			<trkpt lat="35.315116" lon="139.344768">
				<speed>1.067498</speed>
				<ele>10.056076</ele>
				<time>2026-09-05T03:41:15Z</time>
			</trkpt>
			<trkpt lat="35.315149" lon="139.344817">
				<speed>0.380600</speed>
				<ele>11.361698</ele>
				<time>2026-09-05T03:41:24Z</time>
			</trkpt>
			<trkpt lat="35.315180" lon="139.344858">
				<speed>0.317800</speed>
				<ele>11.641677</ele>
				<time>2026-09-05T03:41:25Z</time>
			</trkpt>
			<trkpt lat="35.315234" lon="139.344885">
				<speed>1.744864</speed>
				<ele>11.265460</ele>
				<time>2026-09-05T03:41:33Z</time>
			</trkpt>
			<trkpt lat="35.315272" lon="139.344880">
				<speed>1.631199</speed>
				<ele>11.659241</ele>
				<time>2026-09-05T03:41:35Z</time>
			</trkpt>
			<trkpt lat="35.315302" lon="139.344838">
				<speed>2.361830</speed>
				<ele>11.708498</ele>
				<time>2026-09-05T03:41:38Z</time>
			</trkpt>
			<trkpt lat="35.315309" lon="139.344789">
				<speed>2.602660</speed>
				<ele>11.807400</ele>
				<time>2026-09-05T03:41:40Z</time>
			</trkpt>
			<trkpt lat="35.315316" lon="139.344685">
				<speed>1.038350</speed>
				<ele>11.591758</ele>
				<time>2026-09-05T03:41:49Z</time>
			</trkpt>
			<trkpt lat="35.315308" lon="139.344630">
				<speed>2.442804</speed>
				<ele>11.656526</ele>
				<time>2026-09-05T03:41:52Z</time>
			</trkpt>
			<trkpt lat="35.315291" lon="139.344540">
				<speed>3.754793</speed>
				<ele>11.685431</ele>
				<time>2026-09-05T03:41:55Z</time>
			</trkpt>
			<trkpt lat="35.315277" lon="139.344455">
				<speed>4.342381</speed>
				<ele>11.623915</ele>
				<time>2026-09-05T03:41:57Z</time>
			</trkpt>
			<trkpt lat="35.315262" lon="139.344355">
				<speed>4.774788</speed>
				<ele>11.702961</ele>
				<time>2026-09-05T03:41:59Z</time>
			</trkpt>
			<trkpt lat="35.315248" lon="139.344243">
				<speed>5.068439</speed>
				<ele>11.740121</ele>
				<time>2026-09-05T03:42:01Z</time>
			</trkpt>
			<trkpt lat="35.315235" lon="139.344120">
				<speed>6.565040</speed>
				<ele>11.958909</ele>
				<time>2026-09-05T03:42:03Z</time>
			</trkpt>
			<trkpt lat="35.315223" lon="139.343991">
				<speed>5.755882</speed>
				<ele>11.875120</ele>
				<time>2026-09-05T03:42:05Z</time>
			</trkpt>
			<trkpt lat="35.315218" lon="139.343924">
				<speed>5.873820</speed>
				<ele>11.973264</ele>
				<time>2026-09-05T03:42:06Z</time>
			</trkpt>
			<trkpt lat="35.315207" lon="139.343793">
				<speed>5.968896</speed>
				<ele>11.884051</ele>
				<time>2026-09-05T03:42:08Z</time>
			</trkpt>
			<trkpt lat="35.315199" lon="139.343724">
				<speed>6.187756</speed>
				<ele>12.810300</ele>
				<time>2026-09-05T03:42:09Z</time>
			</trkpt>
			<trkpt lat="35.315190" lon="139.343654">
				<speed>6.056028</speed>
				<ele>12.787080</ele>
				<time>2026-09-05T03:42:10Z</time>
			</trkpt>
			<trkpt lat="35.315180" lon="139.343583">
				<speed>6.193288</speed>
				<ele>12.838919</ele>
				<time>2026-09-05T03:42:11Z</time>
			</trkpt>
			<trkpt lat="35.315169" lon="139.343512">
				<speed>6.250835</speed>
				<ele>12.777486</ele>
				<time>2026-09-05T03:42:12Z</time>
			</trkpt>
			<trkpt lat="35.315158" lon="139.343441">
				<speed>6.264529</speed>
				<ele>12.108848</ele>
				<time>2026-09-05T03:42:13Z</time>
			</trkpt>
			<trkpt lat="35.315148" lon="139.343369">
				<speed>6.394991</speed>
				<ele>12.312414</ele>
				<time>2026-09-05T03:42:14Z</time>
			</trkpt>
			<trkpt lat="35.315137" lon="139.343297">
				<speed>6.455260</speed>
				<ele>11.733506</ele>
				<time>2026-09-05T03:42:15Z</time>
			</trkpt>
			<trkpt lat="35.315127" lon="139.343225">
				<speed>6.517499</speed>
				<ele>12.057778</ele>
				<time>2026-09-05T03:42:16Z</time>
			</trkpt>
			<trkpt lat="35.315118" lon="139.343153">
				<speed>6.554207</speed>
				<ele>12.123036</ele>
				<time>2026-09-05T03:42:17Z</time>
			</trkpt>
			<trkpt lat="35.315108" lon="139.343080">
				<speed>6.522740</speed>
				<ele>12.203287</ele>
				<time>2026-09-05T03:42:18Z</time>
			</trkpt>
			<trkpt lat="35.315098" lon="139.343007">
				<speed>6.535172</speed>
				<ele>12.177596</ele>
				<time>2026-09-05T03:42:19Z</time>
			</trkpt>
			<trkpt lat="35.315089" lon="139.342934">
				<speed>6.658452</speed>
				<ele>12.201773</ele>
				<time>2026-09-05T03:42:20Z</time>
			</trkpt>
			<trkpt lat="35.315081" lon="139.342861">
				<speed>6.514426</speed>
				<ele>12.278598</ele>
				<time>2026-09-05T03:42:21Z</time>
			</trkpt>
			<trkpt lat="35.315073" lon="139.342789">
				<speed>6.484773</speed>
				<ele>12.165096</ele>
				<time>2026-09-05T03:42:22Z</time>
			</trkpt>
			<trkpt lat="35.315066" lon="139.342715">
				<speed>6.724268</speed>
				<ele>12.279803</ele>
				<time>2026-09-05T03:42:23Z</time>
			</trkpt>
			<trkpt lat="35.315057" lon="139.342642">
				<speed>6.755033</speed>
				<ele>12.270216</ele>
				<time>2026-09-05T03:42:24Z</time>
			</trkpt>
			<trkpt lat="35.315049" lon="139.342568">
				<speed>6.724655</speed>
				<ele>12.079923</ele>
				<time>2026-09-05T03:42:25Z</time>
			</trkpt>
			<trkpt lat="35.315041" lon="139.342493">
				<speed>6.792645</speed>
				<ele>12.289310</ele>
				<time>2026-09-05T03:42:26Z</time>
			</trkpt>
			<trkpt lat="35.315033" lon="139.342419">
				<speed>6.772142</speed>
				<ele>12.235240</ele>
				<time>2026-09-05T03:42:27Z</time>
			</trkpt>
			<trkpt lat="35.315025" lon="139.342345">
				<speed>6.597182</speed>
				<ele>11.139313</ele>
				<time>2026-09-05T03:42:28Z</time>
			</trkpt>
			<trkpt lat="35.315016" lon="139.342270">
				<speed>6.871620</speed>
				<ele>11.858921</ele>
				<time>2026-09-05T03:42:29Z</time>
			</trkpt>
			<trkpt lat="35.315008" lon="139.342196">
				<speed>6.758467</speed>
				<ele>11.739318</ele>
				<time>2026-09-05T03:42:30Z</time>
			</trkpt>
			<trkpt lat="35.314999" lon="139.342122">
				<speed>6.731112</speed>
				<ele>11.211273</ele>
				<time>2026-09-05T03:42:31Z</time>
			</trkpt>
			<trkpt lat="35.314990" lon="139.342048">
				<speed>6.654318</speed>
				<ele>10.523148</ele>
				<time>2026-09-05T03:42:32Z</time>
			</trkpt>
			<trkpt lat="35.314982" lon="139.341975">
				<speed>6.586666</speed>
				<ele>10.612511</ele>
				<time>2026-09-05T03:42:33Z</time>
			</trkpt>
			<trkpt lat="35.314974" lon="139.341903">
				<speed>6.504509</speed>
				<ele>11.041687</ele>
				<time>2026-09-05T03:42:34Z</time>
			</trkpt>
			<trkpt lat="35.314966" lon="139.341830">
				<speed>6.576004</speed>
				<ele>10.965583</ele>
				<time>2026-09-05T03:42:35Z</time>
			</trkpt>
			<trkpt lat="35.314958" lon="139.341756">
				<speed>7.348203</speed>
				<ele>12.462475</ele>
				<time>2026-09-05T03:42:36Z</time>
			</trkpt>
			<trkpt lat="35.314950" lon="139.341683">
				<speed>6.612679</speed>
				<ele>11.783949</ele>
				<time>2026-09-05T03:42:37Z</time>
			</trkpt>
			<trkpt lat="35.314942" lon="139.341611">
				<speed>6.465715</speed>
				<ele>11.751017</ele>
				<time>2026-09-05T03:42:38Z</time>
			</trkpt>
			<trkpt lat="35.314935" lon="139.341540">
				<speed>6.491638</speed>
				<ele>11.745645</ele>
				<time>2026-09-05T03:42:39Z</time>
			</trkpt>
			<trkpt lat="35.314926" lon="139.341469">
				<speed>6.521741</speed>
				<ele>11.751253</ele>
				<time>2026-09-05T03:42:40Z</time>
			</trkpt>
			<trkpt lat="35.314918" lon="139.341399">
				<speed>6.295764</speed>
				<ele>11.576005</ele>
				<time>2026-09-05T03:42:41Z</time>
			</trkpt>
			<trkpt lat="35.314910" lon="139.341329">
				<speed>6.440404</speed>
				<ele>11.678275</ele>
				<time>2026-09-05T03:42:42Z</time>
			</trkpt>
			<trkpt lat="35.314901" lon="139.341259">
				<speed>6.536150</speed>
				<ele>11.651572</ele>
				<time>2026-09-05T03:42:43Z</time>
			</trkpt>
			<trkpt lat="35.314891" lon="139.341190">
				<speed>6.411851</speed>
				<ele>11.556526</ele>
				<time>2026-09-05T03:42:44Z</time>
			</trkpt>
			<trkpt lat="35.314881" lon="139.341120">
				<speed>6.499931</speed>
				<ele>11.342121</ele>
				<time>2026-09-05T03:42:45Z</time>
			</trkpt>
			<trkpt lat="35.314871" lon="139.341050">
				<speed>6.522718</speed>
				<ele>11.419343</ele>
				<time>2026-09-05T03:42:46Z</time>
			</trkpt>
			<trkpt lat="35.314861" lon="139.340982">
				<speed>6.025439</speed>
				<ele>11.736878</ele>
				<time>2026-09-05T03:42:47Z</time>
			</trkpt>
			<trkpt lat="35.314850" lon="139.340913">
				<speed>6.554453</speed>
				<ele>11.494142</ele>
				<time>2026-09-05T03:42:48Z</time>
			</trkpt>
			<trkpt lat="35.314840" lon="139.340843">
				<speed>6.545434</speed>
				<ele>11.483066</ele>
				<time>2026-09-05T03:42:49Z</time>
			</trkpt>
			<trkpt lat="35.314829" lon="139.340773">
				<speed>6.469686</speed>
				<ele>11.422773</ele>
				<time>2026-09-05T03:42:50Z</time>
			</trkpt>
			<trkpt lat="35.314818" lon="139.340703">
				<speed>6.469109</speed>
				<ele>11.391069</ele>
				<time>2026-09-05T03:42:51Z</time>
			</trkpt>
			<trkpt lat="35.314807" lon="139.340632">
				<speed>6.496920</speed>
				<ele>11.335570</ele>
				<time>2026-09-05T03:42:52Z</time>
			</trkpt>
			<trkpt lat="35.314797" lon="139.340562">
				<speed>6.437562</speed>
				<ele>11.236565</ele>
				<time>2026-09-05T03:42:53Z</time>
			</trkpt>
			<trkpt lat="35.314787" lon="139.340492">
				<speed>6.271484</speed>
				<ele>11.307215</ele>
				<time>2026-09-05T03:42:54Z</time>
			</trkpt>
			<trkpt lat="35.314777" lon="139.340424">
				<speed>6.086822</speed>
				<ele>11.399012</ele>
				<time>2026-09-05T03:42:55Z</time>
			</trkpt>
			<trkpt lat="35.314768" lon="139.340356">
				<speed>5.805869</speed>
				<ele>11.459695</ele>
				<time>2026-09-05T03:42:56Z</time>
			</trkpt>
			<trkpt lat="35.314759" lon="139.340291">
				<speed>5.756577</speed>
				<ele>11.461451</ele>
				<time>2026-09-05T03:42:57Z</time>
			</trkpt>
			<trkpt lat="35.314744" lon="139.340166">
				<speed>5.255863</speed>
				<ele>11.525867</ele>
				<time>2026-09-05T03:42:59Z</time>
			</trkpt>
			<trkpt lat="35.314730" lon="139.340055">
				<speed>3.807337</speed>
				<ele>11.643719</ele>
				<time>2026-09-05T03:43:01Z</time>
			</trkpt>
			<trkpt lat="35.314723" lon="139.340012">
				<speed>2.418426</speed>
				<ele>11.375719</ele>
				<time>2026-09-05T03:43:02Z</time>
			</trkpt>
			<trkpt lat="35.314709" lon="139.339953">
				<speed>1.823798</speed>
				<ele>12.306073</ele>
				<time>2026-09-05T03:43:04Z</time>
			</trkpt>
			<trkpt lat="35.314701" lon="139.339884">
				<speed>3.470098</speed>
				<ele>12.285839</ele>
				<time>2026-09-05T03:43:07Z</time>
			</trkpt>
			<trkpt lat="35.314697" lon="139.339783">
				<speed>4.924035</speed>
				<ele>11.887379</ele>
				<time>2026-09-05T03:43:10Z</time>
			</trkpt>
			<trkpt lat="35.314696" lon="139.339690">
				<speed>5.464817</speed>
				<ele>11.752590</ele>
				<time>2026-09-05T03:43:12Z</time>
			</trkpt>
			<trkpt lat="35.314694" lon="139.339579">
				<speed>5.914759</speed>
				<ele>11.760429</ele>
				<time>2026-09-05T03:43:14Z</time>
			</trkpt>
			<trkpt lat="35.314690" lon="139.339451">
				<speed>5.975358</speed>
				<ele>11.615308</ele>
				<time>2026-09-05T03:43:16Z</time>
			</trkpt>
			<trkpt lat="35.314688" lon="139.339381">
				<speed>6.855779</speed>
				<ele>12.326588</ele>
				<time>2026-09-05T03:43:17Z</time>
			</trkpt>
			<trkpt lat="35.314686" lon="139.339309">
				<speed>6.241195</speed>
				<ele>11.718691</ele>
				<time>2026-09-05T03:43:18Z</time>
			</trkpt>
			<trkpt lat="35.314685" lon="139.339237">
				<speed>6.236816</speed>
				<ele>11.650175</ele>
				<time>2026-09-05T03:43:19Z</time>
			</trkpt>
			<trkpt lat="35.314684" lon="139.339164">
				<speed>6.100221</speed>
				<ele>9.953917</ele>
				<time>2026-09-05T03:43:20Z</time>
			</trkpt>
			<trkpt lat="35.314684" lon="139.339090">
				<speed>6.355468</speed>
				<ele>10.823316</ele>
				<time>2026-09-05T03:43:21Z</time>
			</trkpt>
			<trkpt lat="35.314684" lon="139.339016">
				<speed>6.324660</speed>
				<ele>10.812113</ele>
				<time>2026-09-05T03:43:22Z</time>
			</trkpt>
			<trkpt lat="35.314683" lon="139.338941">
				<speed>6.541335</speed>
				<ele>11.123518</ele>
				<time>2026-09-05T03:43:23Z</time>
			</trkpt>
			<trkpt lat="35.314683" lon="139.338866">
				<speed>6.662346</speed>
				<ele>11.127686</ele>
				<time>2026-09-05T03:43:24Z</time>
			</trkpt>
			<trkpt lat="35.314682" lon="139.338789">
				<speed>6.718337</speed>
				<ele>11.118078</ele>
				<time>2026-09-05T03:43:25Z</time>
			</trkpt>
			<trkpt lat="35.314682" lon="139.338713">
				<speed>6.760003</speed>
				<ele>11.032352</ele>
				<time>2026-09-05T03:43:26Z</time>
			</trkpt>
			<trkpt lat="35.314682" lon="139.338636">
				<speed>6.837450</speed>
				<ele>11.171353</ele>
				<time>2026-09-05T03:43:27Z</time>
			</trkpt>
			<trkpt lat="35.314682" lon="139.338558">
				<speed>6.862279</speed>
				<ele>11.338772</ele>
				<time>2026-09-05T03:43:28Z</time>
			</trkpt>
			<trkpt lat="35.314684" lon="139.338481">
				<speed>6.911063</speed>
				<ele>10.689599</ele>
				<time>2026-09-05T03:43:29Z</time>
			</trkpt>
			<trkpt lat="35.314686" lon="139.338407">
				<speed>5.663807</speed>
				<ele>10.545829</ele>
				<time>2026-09-05T03:43:30Z</time>
			</trkpt>
			<trkpt lat="35.314689" lon="139.338333">
				<speed>6.623113</speed>
				<ele>11.339760</ele>
				<time>2026-09-05T03:43:31Z</time>
			</trkpt>
			<trkpt lat="35.314693" lon="139.338256">
				<speed>7.442241</speed>
				<ele>10.808796</ele>
				<time>2026-09-05T03:43:32Z</time>
			</trkpt>
			<trkpt lat="35.314697" lon="139.338179">
				<speed>7.058977</speed>
				<ele>11.538097</ele>
				<time>2026-09-05T03:43:33Z</time>
			</trkpt>
			<trkpt lat="35.314700" lon="139.338101">
				<speed>7.012764</speed>
				<ele>11.462647</ele>
				<time>2026-09-05T03:43:34Z</time>
			</trkpt>
			<trkpt lat="35.314704" lon="139.338023">
				<speed>6.950946</speed>
				<ele>11.466478</ele>
				<time>2026-09-05T03:43:35Z</time>
			</trkpt>
			<trkpt lat="35.314707" lon="139.337945">
				<speed>6.886410</speed>
				<ele>11.499691</ele>
				<time>2026-09-05T03:43:36Z</time>
			</trkpt>
			<trkpt lat="35.314711" lon="139.337867">
				<speed>7.077132</speed>
				<ele>11.403987</ele>
				<time>2026-09-05T03:43:37Z</time>
			</trkpt>
			<trkpt lat="35.314715" lon="139.337788">
				<speed>7.125347</speed>
				<ele>11.425724</ele>
				<time>2026-09-05T03:43:38Z</time>
			</trkpt>
			<trkpt lat="35.314719" lon="139.337709">
				<speed>7.055780</speed>
				<ele>11.112071</ele>
				<time>2026-09-05T03:43:39Z</time>
			</trkpt>
			<trkpt lat="35.314724" lon="139.337631">
				<speed>6.997795</speed>
				<ele>10.865104</ele>
				<time>2026-09-05T03:43:40Z</time>
			</trkpt>
			<trkpt lat="35.314729" lon="139.337552">
				<speed>7.318402</speed>
				<ele>11.184657</ele>
				<time>2026-09-05T03:43:41Z</time>
			</trkpt>
			<trkpt lat="35.314735" lon="139.337472">
				<speed>7.316768</speed>
				<ele>11.376329</ele>
				<time>2026-09-05T03:43:42Z</time>
			</trkpt>
			<trkpt lat="35.314741" lon="139.337391">
				<speed>7.368369</speed>
				<ele>11.358541</ele>
				<time>2026-09-05T03:43:43Z</time>
			</trkpt>
			<trkpt lat="35.314747" lon="139.337310">
				<speed>7.404072</speed>
				<ele>11.294059</ele>
				<time>2026-09-05T03:43:44Z</time>
			</trkpt>
			<trkpt lat="35.314754" lon="139.337228">
				<speed>7.385387</speed>
				<ele>11.458595</ele>
				<time>2026-09-05T03:43:45Z</time>
			</trkpt>
			<trkpt lat="35.314761" lon="139.337146">
				<speed>7.420911</speed>
				<ele>11.602459</ele>
				<time>2026-09-05T03:43:46Z</time>
			</trkpt>
			<trkpt lat="35.314768" lon="139.337067">
				<speed>6.732249</speed>
				<ele>11.415773</ele>
				<time>2026-09-05T03:43:47Z</time>
			</trkpt>
			<trkpt lat="35.314776" lon="139.336988">
				<speed>6.972223</speed>
				<ele>11.939069</ele>
				<time>2026-09-05T03:43:48Z</time>
			</trkpt>
			<trkpt lat="35.314783" lon="139.336907">
				<speed>7.616884</speed>
				<ele>11.636271</ele>
				<time>2026-09-05T03:43:49Z</time>
			</trkpt>
			<trkpt lat="35.314791" lon="139.336825">
				<speed>7.621995</speed>
				<ele>11.358304</ele>
				<time>2026-09-05T03:43:50Z</time>
			</trkpt>
			<trkpt lat="35.314799" lon="139.336743">
				<speed>7.512929</speed>
				<ele>11.226315</ele>
				<time>2026-09-05T03:43:51Z</time>
			</trkpt>
			<trkpt lat="35.314807" lon="139.336660">
				<speed>7.483105</speed>
				<ele>11.288938</ele>
				<time>2026-09-05T03:43:52Z</time>
			</trkpt>
			<trkpt lat="35.314814" lon="139.336576">
				<speed>7.526795</speed>
				<ele>11.153330</ele>
				<time>2026-09-05T03:43:53Z</time>
			</trkpt>
			<trkpt lat="35.314821" lon="139.336492">
				<speed>7.564854</speed>
				<ele>11.061465</ele>
				<time>2026-09-05T03:43:54Z</time>
			</trkpt>
			<trkpt lat="35.314828" lon="139.336408">
				<speed>7.486960</speed>
				<ele>10.811050</ele>
				<time>2026-09-05T03:43:55Z</time>
			</trkpt>
			<trkpt lat="35.314834" lon="139.336324">
				<speed>7.424515</speed>
				<ele>10.828292</ele>
				<time>2026-09-05T03:43:56Z</time>
			</trkpt>
			<trkpt lat="35.314840" lon="139.336241">
				<speed>7.534928</speed>
				<ele>10.761229</ele>
				<time>2026-09-05T03:43:57Z</time>
			</trkpt>
			<trkpt lat="35.314845" lon="139.336157">
				<speed>7.299983</speed>
				<ele>10.064137</ele>
				<time>2026-09-05T03:43:58Z</time>
			</trkpt>
			<trkpt lat="35.314851" lon="139.336074">
				<speed>7.573838</speed>
				<ele>10.109787</ele>
				<time>2026-09-05T03:43:59Z</time>
			</trkpt>
			<trkpt lat="35.314856" lon="139.335990">
				<speed>7.560569</speed>
				<ele>10.014652</ele>
				<time>2026-09-05T03:44:00Z</time>
			</trkpt>
			<trkpt lat="35.314861" lon="139.335906">
				<speed>7.467045</speed>
				<ele>10.029730</ele>
				<time>2026-09-05T03:44:01Z</time>
			</trkpt>
			<trkpt lat="35.314866" lon="139.335823">
				<speed>7.343614</speed>
				<ele>9.681305</ele>
				<time>2026-09-05T03:44:02Z</time>
			</trkpt>
			<trkpt lat="35.314869" lon="139.335741">
				<speed>7.381972</speed>
				<ele>10.641694</ele>
				<time>2026-09-05T03:44:03Z</time>
			</trkpt>
			<trkpt lat="35.314872" lon="139.335659">
				<speed>7.462251</speed>
				<ele>11.356914</ele>
				<time>2026-09-05T03:44:04Z</time>
			</trkpt>
			<trkpt lat="35.314872" lon="139.335577">
				<speed>7.396256</speed>
				<ele>10.607966</ele>
				<time>2026-09-05T03:44:05Z</time>
			</trkpt>
			<trkpt lat="35.314871" lon="139.335495">
				<speed>7.480438</speed>
				<ele>10.366333</ele>
				<time>2026-09-05T03:44:06Z</time>
			</trkpt>
			<trkpt lat="35.314867" lon="139.335413">
				<speed>7.559961</speed>
				<ele>10.329098</ele>
				<time>2026-09-05T03:44:07Z</time>
			</trkpt>
			<trkpt lat="35.314862" lon="139.335330">
				<speed>7.607237</speed>
				<ele>9.862269</ele>
				<time>2026-09-05T03:44:08Z</time>
			</trkpt>
			<trkpt lat="35.314855" lon="139.335246">
				<speed>7.763183</speed>
				<ele>10.052503</ele>
				<time>2026-09-05T03:44:09Z</time>
			</trkpt>
			<trkpt lat="35.314845" lon="139.335162">
				<speed>7.859327</speed>
				<ele>9.799578</ele>
				<time>2026-09-05T03:44:10Z</time>
			</trkpt>
			<trkpt lat="35.314833" lon="139.335078">
				<speed>7.830809</speed>
				<ele>9.698038</ele>
				<time>2026-09-05T03:44:11Z</time>
			</trkpt>
			<trkpt lat="35.314818" lon="139.334994">
				<speed>7.729297</speed>
				<ele>9.612274</ele>
				<time>2026-09-05T03:44:12Z</time>
			</trkpt>
			<trkpt lat="35.314802" lon="139.334910">
				<speed>7.668238</speed>
				<ele>9.549146</ele>
				<time>2026-09-05T03:44:13Z</time>
			</trkpt>
			<trkpt lat="35.314784" lon="139.334829">
				<speed>6.991321</speed>
				<ele>8.851195</ele>
				<time>2026-09-05T03:44:14Z</time>
			</trkpt>
			<trkpt lat="35.314765" lon="139.334750">
				<speed>7.101856</speed>
				<ele>9.467773</ele>
				<time>2026-09-05T03:44:15Z</time>
			</trkpt>
			<trkpt lat="35.314744" lon="139.334672">
				<speed>6.959277</speed>
				<ele>9.388864</ele>
				<time>2026-09-05T03:44:16Z</time>
			</trkpt>
			<trkpt lat="35.314722" lon="139.334597">
				<speed>6.737810</speed>
				<ele>9.447704</ele>
				<time>2026-09-05T03:44:17Z</time>
			</trkpt>
			<trkpt lat="35.314699" lon="139.334526">
				<speed>6.585342</speed>
				<ele>9.297899</ele>
				<time>2026-09-05T03:44:18Z</time>
			</trkpt>
			<trkpt lat="35.314672" lon="139.334458">
				<speed>6.500641</speed>
				<ele>8.978571</ele>
				<time>2026-09-05T03:44:19Z</time>
			</trkpt>
			<trkpt lat="35.314645" lon="139.334395">
				<speed>5.929736</speed>
				<ele>9.288772</ele>
				<time>2026-09-05T03:44:20Z</time>
			</trkpt>
			<trkpt lat="35.314618" lon="139.334334">
				<speed>5.806422</speed>
				<ele>9.606557</ele>
				<time>2026-09-05T03:44:21Z</time>
			</trkpt>
			<trkpt lat="35.314592" lon="139.334274">
				<speed>5.837590</speed>
				<ele>8.953570</ele>
				<time>2026-09-05T03:44:22Z</time>
			</trkpt>
			<trkpt lat="35.314544" lon="139.334158">
				<speed>5.996050</speed>
				<ele>9.018010</ele>
				<time>2026-09-05T03:44:24Z</time>
			</trkpt>
			<trkpt lat="35.314499" lon="139.334041">
				<speed>6.192389</speed>
				<ele>9.006160</ele>
				<time>2026-09-05T03:44:26Z</time>
			</trkpt>
			<trkpt lat="35.314456" lon="139.333920">
				<speed>6.292286</speed>
				<ele>8.682049</ele>
				<time>2026-09-05T03:44:28Z</time>
			</trkpt>
			<trkpt lat="35.314435" lon="139.333858">
				<speed>6.352684</speed>
				<ele>8.647193</ele>
				<time>2026-09-05T03:44:29Z</time>
			</trkpt>
			<trkpt lat="35.314415" lon="139.333796">
				<speed>6.288636</speed>
				<ele>8.390002</ele>
				<time>2026-09-05T03:44:30Z</time>
			</trkpt>
			<trkpt lat="35.314395" lon="139.333733">
				<speed>6.350339</speed>
				<ele>8.393901</ele>
				<time>2026-09-05T03:44:31Z</time>
			</trkpt>
			<trkpt lat="35.314375" lon="139.333669">
				<speed>6.270508</speed>
				<ele>8.106911</ele>
				<time>2026-09-05T03:44:32Z</time>
			</trkpt>
			<trkpt lat="35.314354" lon="139.333606">
				<speed>6.293948</speed>
				<ele>7.978621</ele>
				<time>2026-09-05T03:44:33Z</time>
			</trkpt>
			<trkpt lat="35.314334" lon="139.333542">
				<speed>6.388771</speed>
				<ele>7.809066</ele>
				<time>2026-09-05T03:44:34Z</time>
			</trkpt>
			<trkpt lat="35.314313" lon="139.333478">
				<speed>6.306507</speed>
				<ele>7.763788</ele>
				<time>2026-09-05T03:44:35Z</time>
			</trkpt>
			<trkpt lat="35.314293" lon="139.333413">
				<speed>6.367245</speed>
				<ele>7.652070</ele>
				<time>2026-09-05T03:44:36Z</time>
			</trkpt>
			<trkpt lat="35.314272" lon="139.333347">
				<speed>6.454340</speed>
				<ele>7.461372</ele>
				<time>2026-09-05T03:44:37Z</time>
			</trkpt>
			<trkpt lat="35.314252" lon="139.333281">
				<speed>6.440820</speed>
				<ele>7.544076</ele>
				<time>2026-09-05T03:44:38Z</time>
			</trkpt>
			<trkpt lat="35.314233" lon="139.333215">
				<speed>6.261279</speed>
				<ele>7.361724</ele>
				<time>2026-09-05T03:44:39Z</time>
			</trkpt>
			<trkpt lat="35.314214" lon="139.333150">
				<speed>6.203082</speed>
				<ele>6.873631</ele>
				<time>2026-09-05T03:44:40Z</time>
			</trkpt>
			<trkpt lat="35.314195" lon="139.333085">
				<speed>5.874141</speed>
				<ele>7.072101</ele>
				<time>2026-09-05T03:44:41Z</time>
			</trkpt>
			<trkpt lat="35.314158" lon="139.332966">
				<speed>4.821125</speed>
				<ele>6.881968</ele>
				<time>2026-09-05T03:44:43Z</time>
			</trkpt>
			<trkpt lat="35.314123" lon="139.332883">
				<speed>1.356147</speed>
				<ele>6.488258</ele>
				<time>2026-09-05T03:44:45Z</time>
			</trkpt>
			<trkpt lat="35.314067" lon="139.332881">
				<speed>3.080993</speed>
				<ele>7.123339</ele>
				<time>2026-09-05T03:44:49Z</time>
			</trkpt>
			<trkpt lat="35.314017" lon="139.332911">
				<speed>3.848728</speed>
				<ele>7.145320</ele>
				<time>2026-09-05T03:44:51Z</time>
			</trkpt>
			<trkpt lat="35.313956" lon="139.332931">
				<speed>4.207372</speed>
				<ele>7.055664</ele>
				<time>2026-09-05T03:44:53Z</time>
			</trkpt>
			<trkpt lat="35.313887" lon="139.332936">
				<speed>4.352285</speed>
				<ele>6.980162</ele>
				<time>2026-09-05T03:44:55Z</time>
			</trkpt>
			<trkpt lat="35.313814" lon="139.332921">
				<speed>4.183401</speed>
				<ele>7.158719</ele>
				<time>2026-09-05T03:44:57Z</time>
			</trkpt>
			<trkpt lat="35.313751" lon="139.332877">
				<speed>4.475600</speed>
				<ele>7.019370</ele>
				<time>2026-09-05T03:44:59Z</time>
			</trkpt>
			<trkpt lat="35.313700" lon="139.332806">
				<speed>4.786760</speed>
				<ele>7.030559</ele>
				<time>2026-09-05T03:45:01Z</time>
			</trkpt>
			<trkpt lat="35.313659" lon="139.332715">
				<speed>4.418837</speed>
				<ele>7.366632</ele>
				<time>2026-09-05T03:45:03Z</time>
			</trkpt>
			<trkpt lat="35.313625" lon="139.332609">
				<speed>4.742530</speed>
				<ele>7.735431</ele>
				<time>2026-09-05T03:45:05Z</time>
			</trkpt>
			<trkpt lat="35.313597" lon="139.332502">
				<speed>4.021317</speed>
				<ele>8.037856</ele>
				<time>2026-09-05T03:45:07Z</time>
			</trkpt>
			<trkpt lat="35.313577" lon="139.332403">
				<speed>3.060906</speed>
				<ele>8.325132</ele>
				<time>2026-09-05T03:45:09Z</time>
			</trkpt>
			<trkpt lat="35.313570" lon="139.332359">
				<speed>2.974730</speed>
				<ele>8.292752</ele>
				<time>2026-09-05T03:45:10Z</time>
			</trkpt>
			<trkpt lat="35.313558" lon="139.332281">
				<speed>2.814528</speed>
				<ele>8.239537</ele>
				<time>2026-09-05T03:45:12Z</time>
			</trkpt>
			<trkpt lat="35.313547" lon="139.332210">
				<speed>3.351157</speed>
				<ele>7.652262</ele>
				<time>2026-09-05T03:45:14Z</time>
			</trkpt>
			<trkpt lat="35.313534" lon="139.332136">
				<speed>4.013576</speed>
				<ele>7.016757</ele>
				<time>2026-09-05T03:45:16Z</time>
			</trkpt>
			<trkpt lat="35.313519" lon="139.332059">
				<speed>3.877312</speed>
				<ele>7.251168</ele>
				<time>2026-09-05T03:45:18Z</time>
			</trkpt>
			<trkpt lat="35.313503" lon="139.331980">
				<speed>3.779568</speed>
				<ele>6.958388</ele>
				<time>2026-09-05T03:45:20Z</time>
			</trkpt>
			<trkpt lat="35.313487" lon="139.331904">
				<speed>3.214592</speed>
				<ele>6.968573</ele>
				<time>2026-09-05T03:45:22Z</time>
			</trkpt>
			<trkpt lat="35.313472" lon="139.331834">
				<speed>3.250615</speed>
				<ele>7.290047</ele>
				<time>2026-09-05T03:45:24Z</time>
			</trkpt>
			<trkpt lat="35.313454" lon="139.331763">
				<speed>3.993932</speed>
				<ele>7.137305</ele>
				<time>2026-09-05T03:45:26Z</time>
			</trkpt>
			<trkpt lat="35.313433" lon="139.331682">
				<speed>4.312300</speed>
				<ele>6.433126</ele>
				<time>2026-09-05T03:45:28Z</time>
			</trkpt>
			<trkpt lat="35.313408" lon="139.331589">
				<speed>5.013663</speed>
				<ele>6.609026</ele>
				<time>2026-09-05T03:45:30Z</time>
			</trkpt>
			<trkpt lat="35.313378" lon="139.331487">
				<speed>5.116503</speed>
				<ele>6.487514</ele>
				<time>2026-09-05T03:45:32Z</time>
			</trkpt>
			<trkpt lat="35.313347" lon="139.331377">
				<speed>5.292637</speed>
				<ele>6.563877</ele>
				<time>2026-09-05T03:45:34Z</time>
			</trkpt>
			<trkpt lat="35.313316" lon="139.331264">
				<speed>5.174572</speed>
				<ele>6.865302</ele>
				<time>2026-09-05T03:45:36Z</time>
			</trkpt>
			<trkpt lat="35.313288" lon="139.331147">
				<speed>5.369869</speed>
				<ele>6.914485</ele>
				<time>2026-09-05T03:45:38Z</time>
			</trkpt>
			<trkpt lat="35.313260" lon="139.331030">
				<speed>5.384997</speed>
				<ele>7.052785</ele>
				<time>2026-09-05T03:45:40Z</time>
			</trkpt>
			<trkpt lat="35.313231" lon="139.330911">
				<speed>5.493173</speed>
				<ele>6.124387</ele>
				<time>2026-09-05T03:45:42Z</time>
			</trkpt>
			<trkpt lat="35.313201" lon="139.330792">
				<speed>5.568854</speed>
				<ele>6.912106</ele>
				<time>2026-09-05T03:45:44Z</time>
			</trkpt>
			<trkpt lat="35.313172" lon="139.330673">
				<speed>5.484803</speed>
				<ele>7.024308</ele>
				<time>2026-09-05T03:45:46Z</time>
			</trkpt>
			<trkpt lat="35.313142" lon="139.330554">
				<speed>5.558788</speed>
				<ele>7.069497</ele>
				<time>2026-09-05T03:45:48Z</time>
			</trkpt>
			<trkpt lat="35.313111" lon="139.330436">
				<speed>5.626761</speed>
				<ele>7.079972</ele>
				<time>2026-09-05T03:45:50Z</time>
			</trkpt>
			<trkpt lat="35.313082" lon="139.330318">
				<speed>5.478578</speed>
				<ele>7.185715</ele>
				<time>2026-09-05T03:45:52Z</time>
			</trkpt>
			<trkpt lat="35.313053" lon="139.330200">
				<speed>5.725764</speed>
				<ele>6.722710</ele>
				<time>2026-09-05T03:45:54Z</time>
			</trkpt>
			<trkpt lat="35.313023" lon="139.330083">
				<speed>5.480997</speed>
				<ele>6.821600</ele>
				<time>2026-09-05T03:45:56Z</time>
			</trkpt>
			<trkpt lat="35.312990" lon="139.329966">
				<speed>6.023413</speed>
				<ele>6.659103</ele>
				<time>2026-09-05T03:45:58Z</time>
			</trkpt>
			<trkpt lat="35.312956" lon="139.329846">
				<speed>5.721251</speed>
				<ele>7.009600</ele>
				<time>2026-09-05T03:46:00Z</time>
			</trkpt>
			<trkpt lat="35.312926" lon="139.329727">
				<speed>5.689624</speed>
				<ele>7.068195</ele>
				<time>2026-09-05T03:46:02Z</time>
			</trkpt>
			<trkpt lat="35.312897" lon="139.329608">
				<speed>5.582068</speed>
				<ele>7.169460</ele>
				<time>2026-09-05T03:46:04Z</time>
			</trkpt>
			<trkpt lat="35.312868" lon="139.329488">
				<speed>5.737585</speed>
				<ele>7.332122</ele>
				<time>2026-09-05T03:46:06Z</time>
			</trkpt>
			<trkpt lat="35.312840" lon="139.329367">
				<speed>5.778178</speed>
				<ele>7.377220</ele>
				<time>2026-09-05T03:46:08Z</time>
			</trkpt>
			<trkpt lat="35.312811" lon="139.329244">
				<speed>5.935484</speed>
				<ele>7.281230</ele>
				<time>2026-09-05T03:46:10Z</time>
			</trkpt>
			<trkpt lat="35.312780" lon="139.329120">
				<speed>5.942860</speed>
				<ele>7.309844</ele>
				<time>2026-09-05T03:46:12Z</time>
			</trkpt>
			<trkpt lat="35.312749" lon="139.328996">
				<speed>5.600040</speed>
				<ele>7.856464</ele>
				<time>2026-09-05T03:46:14Z</time>
			</trkpt>
			<trkpt lat="35.312718" lon="139.328873">
				<speed>5.572083</speed>
				<ele>7.843281</ele>
				<time>2026-09-05T03:46:16Z</time>
			</trkpt>
			<trkpt lat="35.312690" lon="139.328754">
				<speed>5.638312</speed>
				<ele>8.155269</ele>
				<time>2026-09-05T03:46:18Z</time>
			</trkpt>
			<trkpt lat="35.312663" lon="139.328635">
				<speed>5.401749</speed>
				<ele>8.219327</ele>
				<time>2026-09-05T03:46:20Z</time>
			</trkpt>
			<trkpt lat="35.312635" lon="139.328519">
				<speed>5.284385</speed>
				<ele>8.430099</ele>
				<time>2026-09-05T03:46:22Z</time>
			</trkpt>
			<trkpt lat="35.312609" lon="139.328408">
				<speed>5.032523</speed>
				<ele>8.418088</ele>
				<time>2026-09-05T03:46:24Z</time>
			</trkpt>
			<trkpt lat="35.312583" lon="139.328299">
				<speed>5.212604</speed>
				<ele>8.344788</ele>
				<time>2026-09-05T03:46:26Z</time>
			</trkpt>
			<trkpt lat="35.312558" lon="139.328189">
				<speed>5.174293</speed>
				<ele>8.272399</ele>
				<time>2026-09-05T03:46:28Z</time>
			</trkpt>
			<trkpt lat="35.312531" lon="139.328083">
				<speed>5.105566</speed>
				<ele>8.211006</ele>
				<time>2026-09-05T03:46:30Z</time>
			</trkpt>
			<trkpt lat="35.312500" lon="139.327978">
				<speed>5.161620</speed>
				<ele>8.296105</ele>
				<time>2026-09-05T03:46:32Z</time>
			</trkpt>
			<trkpt lat="35.312471" lon="139.327875">
				<speed>4.948458</speed>
				<ele>8.426381</ele>
				<time>2026-09-05T03:46:34Z</time>
			</trkpt>
			<trkpt lat="35.312445" lon="139.327772">
				<speed>5.003547</speed>
				<ele>8.172252</ele>
				<time>2026-09-05T03:46:36Z</time>
			</trkpt>
			<trkpt lat="35.312420" lon="139.327668">
				<speed>5.062867</speed>
				<ele>8.009254</ele>
				<time>2026-09-05T03:46:38Z</time>
			</trkpt>
			<trkpt lat="35.312395" lon="139.327563">
				<speed>5.160784</speed>
				<ele>7.820556</ele>
				<time>2026-09-05T03:46:40Z</time>
			</trkpt>
			<trkpt lat="35.312370" lon="139.327457">
				<speed>5.231484</speed>
				<ele>8.075758</ele>
				<time>2026-09-05T03:46:42Z</time>
			</trkpt>
			<trkpt lat="35.312345" lon="139.327347">
				<speed>5.305535</speed>
				<ele>7.836600</ele>
				<time>2026-09-05T03:46:44Z</time>
			</trkpt>
			<trkpt lat="35.312320" lon="139.327234">
				<speed>5.573009</speed>
				<ele>7.433067</ele>
				<time>2026-09-05T03:46:46Z</time>
			</trkpt>
			<trkpt lat="35.312295" lon="139.327117">
				<speed>5.546553</speed>
				<ele>7.509596</ele>
				<time>2026-09-05T03:46:48Z</time>
			</trkpt>
			<trkpt lat="35.312268" lon="139.326995">
				<speed>5.756423</speed>
				<ele>7.568345</ele>
				<time>2026-09-05T03:46:50Z</time>
			</trkpt>
			<trkpt lat="35.312238" lon="139.326872">
				<speed>5.951963</speed>
				<ele>7.320082</ele>
				<time>2026-09-05T03:46:52Z</time>
			</trkpt>
			<trkpt lat="35.312208" lon="139.326748">
				<speed>5.747094</speed>
				<ele>7.446459</ele>
				<time>2026-09-05T03:46:54Z</time>
			</trkpt>
			<trkpt lat="35.312178" lon="139.326624">
				<speed>5.902619</speed>
				<ele>7.482304</ele>
				<time>2026-09-05T03:46:56Z</time>
			</trkpt>
			<trkpt lat="35.312149" lon="139.326498">
				<speed>5.727781</speed>
				<ele>7.598287</ele>
				<time>2026-09-05T03:46:58Z</time>
			</trkpt>
			<trkpt lat="35.312123" lon="139.326373">
				<speed>5.751413</speed>
				<ele>7.429303</ele>
				<time>2026-09-05T03:47:00Z</time>
			</trkpt>
			<trkpt lat="35.312094" lon="139.326250">
				<speed>5.710630</speed>
				<ele>7.475207</ele>
				<time>2026-09-05T03:47:02Z</time>
			</trkpt>
			<trkpt lat="35.312065" lon="139.326128">
				<speed>5.621573</speed>
				<ele>7.356034</ele>
				<time>2026-09-05T03:47:04Z</time>
			</trkpt>
			<trkpt lat="35.312038" lon="139.326008">
				<speed>5.437902</speed>
				<ele>7.627842</ele>
				<time>2026-09-05T03:47:06Z</time>
			</trkpt>
			<trkpt lat="35.312011" lon="139.325890">
				<speed>5.485081</speed>
				<ele>7.675903</ele>
				<time>2026-09-05T03:47:08Z</time>
			</trkpt>
			<trkpt lat="35.311983" lon="139.325774">
				<speed>5.525403</speed>
				<ele>7.781457</ele>
				<time>2026-09-05T03:47:10Z</time>
			</trkpt>
			<trkpt lat="35.311954" lon="139.325660">
				<speed>5.361659</speed>
				<ele>7.775928</ele>
				<time>2026-09-05T03:47:12Z</time>
			</trkpt>
			<trkpt lat="35.311924" lon="139.325548">
				<speed>5.364742</speed>
				<ele>7.784576</ele>
				<time>2026-09-05T03:47:14Z</time>
			</trkpt>
			<trkpt lat="35.311894" lon="139.325435">
				<speed>5.225412</speed>
				<ele>7.461846</ele>
				<time>2026-09-05T03:47:16Z</time>
			</trkpt>
			<trkpt lat="35.311866" lon="139.325324">
				<speed>5.371954</speed>
				<ele>7.197305</ele>
				<time>2026-09-05T03:47:18Z</time>
			</trkpt>
			<trkpt lat="35.311840" lon="139.325213">
				<speed>5.316121</speed>
				<ele>7.222891</ele>
				<time>2026-09-05T03:47:20Z</time>
			</trkpt>
			<trkpt lat="35.311814" lon="139.325102">
				<speed>5.326182</speed>
				<ele>7.291020</ele>
				<time>2026-09-05T03:47:22Z</time>
			</trkpt>
			<trkpt lat="35.311787" lon="139.324991">
				<speed>5.385007</speed>
				<ele>7.309601</ele>
				<time>2026-09-05T03:47:24Z</time>
			</trkpt>
			<trkpt lat="35.311759" lon="139.324877">
				<speed>5.659224</speed>
				<ele>7.084617</ele>
				<time>2026-09-05T03:47:26Z</time>
			</trkpt>
			<trkpt lat="35.311728" lon="139.324766">
				<speed>5.385989</speed>
				<ele>7.477614</ele>
				<time>2026-09-05T03:47:28Z</time>
			</trkpt>
			<trkpt lat="35.311695" lon="139.324654">
				<speed>5.460679</speed>
				<ele>7.696421</ele>
				<time>2026-09-05T03:47:30Z</time>
			</trkpt>
			<trkpt lat="35.311658" lon="139.324543">
				<speed>5.503476</speed>
				<ele>7.542443</ele>
				<time>2026-09-05T03:47:32Z</time>
			</trkpt>
			<trkpt lat="35.311619" lon="139.324431">
				<speed>5.531825</speed>
				<ele>7.723649</ele>
				<time>2026-09-05T03:47:34Z</time>
			</trkpt>
			<trkpt lat="35.311578" lon="139.324319">
				<speed>5.516389</speed>
				<ele>7.725100</ele>
				<time>2026-09-05T03:47:36Z</time>
			</trkpt>
			<trkpt lat="35.311536" lon="139.324207">
				<speed>5.543330</speed>
				<ele>7.637181</ele>
				<time>2026-09-05T03:47:38Z</time>
			</trkpt>
			<trkpt lat="35.311494" lon="139.324097">
				<speed>5.414860</speed>
				<ele>7.604107</ele>
				<time>2026-09-05T03:47:40Z</time>
			</trkpt>
			<trkpt lat="35.311453" lon="139.323986">
				<speed>5.421031</speed>
				<ele>7.606453</ele>
				<time>2026-09-05T03:47:42Z</time>
			</trkpt>
			<trkpt lat="35.311414" lon="139.323875">
				<speed>5.490362</speed>
				<ele>7.647976</ele>
				<time>2026-09-05T03:47:44Z</time>
			</trkpt>
			<trkpt lat="35.311375" lon="139.323765">
				<speed>5.397506</speed>
				<ele>7.629114</ele>
				<time>2026-09-05T03:47:46Z</time>
			</trkpt>
			<trkpt lat="35.311337" lon="139.323655">
				<speed>5.305107</speed>
				<ele>7.611963</ele>
				<time>2026-09-05T03:47:48Z</time>
			</trkpt>
			<trkpt lat="35.311300" lon="139.323547">
				<speed>5.259314</speed>
				<ele>7.432932</ele>
				<time>2026-09-05T03:47:50Z</time>
			</trkpt>
			<trkpt lat="35.311262" lon="139.323441">
				<speed>5.146302</speed>
				<ele>7.548418</ele>
				<time>2026-09-05T03:47:52Z</time>
			</trkpt>
			<trkpt lat="35.311226" lon="139.323336">
				<speed>5.173249</speed>
				<ele>7.720605</ele>
				<time>2026-09-05T03:47:54Z</time>
			</trkpt>
			<trkpt lat="35.311191" lon="139.323232">
				<speed>5.153734</speed>
				<ele>7.844796</ele>
				<time>2026-09-05T03:47:56Z</time>
			</trkpt>
			<trkpt lat="35.311158" lon="139.323126">
				<speed>5.200797</speed>
				<ele>7.630690</ele>
				<time>2026-09-05T03:47:58Z</time>
			</trkpt>
			<trkpt lat="35.311126" lon="139.323020">
				<speed>5.157003</speed>
				<ele>7.892420</ele>
				<time>2026-09-05T03:48:00Z</time>
			</trkpt>
			<trkpt lat="35.311091" lon="139.322916">
				<speed>5.252671</speed>
				<ele>7.745260</ele>
				<time>2026-09-05T03:48:02Z</time>
			</trkpt>
			<trkpt lat="35.311055" lon="139.322811">
				<speed>5.189083</speed>
				<ele>7.642688</ele>
				<time>2026-09-05T03:48:04Z</time>
			</trkpt>
			<trkpt lat="35.311017" lon="139.322706">
				<speed>5.357803</speed>
				<ele>7.620878</ele>
				<time>2026-09-05T03:48:06Z</time>
			</trkpt>
			<trkpt lat="35.310978" lon="139.322598">
				<speed>5.464783</speed>
				<ele>7.686409</ele>
				<time>2026-09-05T03:48:08Z</time>
			</trkpt>
			<trkpt lat="35.310939" lon="139.322489">
				<speed>5.547734</speed>
				<ele>7.732273</ele>
				<time>2026-09-05T03:48:10Z</time>
			</trkpt>
			<trkpt lat="35.310899" lon="139.322379">
				<speed>5.368920</speed>
				<ele>7.734193</ele>
				<time>2026-09-05T03:48:12Z</time>
			</trkpt>
			<trkpt lat="35.310859" lon="139.322270">
				<speed>5.456554</speed>
				<ele>7.574616</ele>
				<time>2026-09-05T03:48:14Z</time>
			</trkpt>
			<trkpt lat="35.310818" lon="139.322161">
				<speed>5.275892</speed>
				<ele>6.875805</ele>
				<time>2026-09-05T03:48:16Z</time>
			</trkpt>
			<trkpt lat="35.310780" lon="139.322052">
				<speed>5.263559</speed>
				<ele>7.630068</ele>
				<time>2026-09-05T03:48:18Z</time>
			</trkpt>
			<trkpt lat="35.310744" lon="139.321947">
				<speed>4.758891</speed>
				<ele>7.714075</ele>
				<time>2026-09-05T03:48:20Z</time>
			</trkpt>
			<trkpt lat="35.310709" lon="139.321849">
				<speed>4.535153</speed>
				<ele>7.739665</ele>
				<time>2026-09-05T03:48:22Z</time>
			</trkpt>
			<trkpt lat="35.310677" lon="139.321756">
				<speed>4.399561</speed>
				<ele>7.609102</ele>
				<time>2026-09-05T03:48:24Z</time>
			</trkpt>
			<trkpt lat="35.310649" lon="139.321666">
				<speed>4.403031</speed>
				<ele>7.855098</ele>
				<time>2026-09-05T03:48:26Z</time>
			</trkpt>
			<trkpt lat="35.310620" lon="139.321576">
				<speed>4.507663</speed>
				<ele>7.947022</ele>
				<time>2026-09-05T03:48:28Z</time>
			</trkpt>
			<trkpt lat="35.310595" lon="139.321486">
				<speed>4.354379</speed>
				<ele>7.855340</ele>
				<time>2026-09-05T03:48:30Z</time>
			</trkpt>
			<trkpt lat="35.310575" lon="139.321395">
				<speed>4.408777</speed>
				<ele>7.510628</ele>
				<time>2026-09-05T03:48:32Z</time>
			</trkpt>
			<trkpt lat="35.310561" lon="139.321300">
				<speed>4.560268</speed>
				<ele>7.675579</ele>
				<time>2026-09-05T03:48:34Z</time>
			</trkpt>
			<trkpt lat="35.310555" lon="139.321204">
				<speed>4.244416</speed>
				<ele>7.773020</ele>
				<time>2026-09-05T03:48:36Z</time>
			</trkpt>
			<trkpt lat="35.310558" lon="139.321109">
				<speed>4.135782</speed>
				<ele>7.539295</ele>
				<time>2026-09-05T03:48:38Z</time>
			</trkpt>
			<trkpt lat="35.310560" lon="139.321019">
				<speed>3.722301</speed>
				<ele>7.420100</ele>
				<time>2026-09-05T03:48:40Z</time>
			</trkpt>
			<trkpt lat="35.310562" lon="139.320929">
				<speed>5.010487</speed>
				<ele>5.987009</ele>
				<time>2026-09-05T03:48:42Z</time>
			</trkpt>
			<trkpt lat="35.310566" lon="139.320826">
				<speed>5.073324</speed>
				<ele>7.131565</ele>
				<time>2026-09-05T03:48:44Z</time>
			</trkpt>
			<trkpt lat="35.310574" lon="139.320737">
				<speed>2.506521</speed>
				<ele>7.628316</ele>
				<time>2026-09-05T03:48:46Z</time>
			</trkpt>
			<trkpt lat="35.310611" lon="139.320711">
				<speed>0.645062</speed>
				<ele>9.834665</ele>
				<time>2026-09-05T03:48:51Z</time>
			</trkpt>
			<trkpt lat="35.310649" lon="139.320680">
				<speed>1.727326</speed>
				<ele>10.265062</ele>
				<time>2026-09-05T03:48:55Z</time>
			</trkpt>
			<trkpt lat="35.310666" lon="139.320631">
				<speed>1.673480</speed>
				<ele>11.458774</ele>
				<time>2026-09-05T03:48:58Z</time>
			</trkpt>
			<trkpt lat="35.310644" lon="139.320574">
				<speed>2.518477</speed>
				<ele>11.427102</ele>
				<time>2026-09-05T03:49:01Z</time>
			</trkpt>
			<trkpt lat="35.310605" lon="139.320493">
				<speed>3.492718</speed>
				<ele>11.608776</ele>
				<time>2026-09-05T03:49:04Z</time>
			</trkpt>
			<trkpt lat="35.310572" lon="139.320420">
				<speed>4.190794</speed>
				<ele>11.297953</ele>
				<time>2026-09-05T03:49:06Z</time>
			</trkpt>
			<trkpt lat="35.310533" lon="139.320335">
				<speed>4.504111</speed>
				<ele>11.238080</ele>
				<time>2026-09-05T03:49:08Z</time>
			</trkpt>
			<trkpt lat="35.310490" lon="139.320241">
				<speed>4.562764</speed>
				<ele>10.950943</ele>
				<time>2026-09-05T03:49:10Z</time>
			</trkpt>
			<trkpt lat="35.310446" lon="139.320140">
				<speed>5.010011</speed>
				<ele>11.411382</ele>
				<time>2026-09-05T03:49:12Z</time>
			</trkpt>
			<trkpt lat="35.310404" lon="139.320034">
				<speed>4.865182</speed>
				<ele>11.279277</ele>
				<time>2026-09-05T03:49:14Z</time>
			</trkpt>
			<trkpt lat="35.310362" lon="139.319924">
				<speed>5.122471</speed>
				<ele>11.311702</ele>
				<time>2026-09-05T03:49:16Z</time>
			</trkpt>
			<trkpt lat="35.310319" lon="139.319814">
				<speed>5.290837</speed>
				<ele>11.293206</ele>
				<time>2026-09-05T03:49:18Z</time>
			</trkpt>
			<trkpt lat="35.310276" lon="139.319705">
				<speed>4.573016</speed>
				<ele>11.275201</ele>
				<time>2026-09-05T03:49:20Z</time>
			</trkpt>
			<trkpt lat="35.310234" lon="139.319597">
				<speed>5.080187</speed>
				<ele>10.947036</ele>
				<time>2026-09-05T03:49:22Z</time>
			</trkpt>
			<trkpt lat="35.310196" lon="139.319491">
				<speed>4.754299</speed>
				<ele>10.812742</ele>
				<time>2026-09-05T03:49:24Z</time>
			</trkpt>
			<trkpt lat="35.310164" lon="139.319387">
				<speed>4.927656</speed>
				<ele>10.943443</ele>
				<time>2026-09-05T03:49:26Z</time>
			</trkpt>
			<trkpt lat="35.310138" lon="139.319282">
				<speed>4.749046</speed>
				<ele>10.575065</ele>
				<time>2026-09-05T03:49:28Z</time>
			</trkpt>
			<trkpt lat="35.310121" lon="139.319191">
				<speed>2.801286</speed>
				<ele>10.345863</ele>
				<time>2026-09-05T03:49:30Z</time>
			</trkpt>
			<trkpt lat="35.310111" lon="139.319120">
				<speed>2.543750</speed>
				<ele>10.170642</ele>
				<time>2026-09-05T03:49:32Z</time>
			</trkpt>
			<trkpt lat="35.310109" lon="139.319061">
				<speed>2.642564</speed>
				<ele>10.159664</ele>
				<time>2026-09-05T03:49:34Z</time>
			</trkpt>
			<trkpt lat="35.310113" lon="139.319007">
				<speed>2.604356</speed>
				<ele>9.716814</ele>
				<time>2026-09-05T03:49:36Z</time>
			</trkpt>
			<trkpt lat="35.310094" lon="139.318943">
				<speed>3.879812</speed>
				<ele>9.969053</ele>
				<time>2026-09-05T03:49:39Z</time>
			</trkpt>
			<trkpt lat="35.310036" lon="139.318866">
				<speed>4.450804</speed>
				<ele>9.617486</ele>
				<time>2026-09-05T03:49:42Z</time>
			</trkpt>
			<trkpt lat="35.309988" lon="139.318800">
				<speed>4.609955</speed>
				<ele>9.535439</ele>
				<time>2026-09-05T03:49:44Z</time>
			</trkpt>
			<trkpt lat="35.309933" lon="139.318726">
				<speed>5.065896</speed>
				<ele>9.130683</ele>
				<time>2026-09-05T03:49:46Z</time>
			</trkpt>
			<trkpt lat="35.309872" lon="139.318638">
				<speed>5.942300</speed>
				<ele>10.120938</ele>
				<time>2026-09-05T03:49:48Z</time>
			</trkpt>
			<trkpt lat="35.309806" lon="139.318542">
				<speed>5.673654</speed>
				<ele>9.577441</ele>
				<time>2026-09-05T03:49:50Z</time>
			</trkpt>
			<trkpt lat="35.309736" lon="139.318441">
				<speed>5.809735</speed>
				<ele>8.562796</ele>
				<time>2026-09-05T03:49:52Z</time>
			</trkpt>
			<trkpt lat="35.309700" lon="139.318390">
				<speed>5.890963</speed>
				<ele>8.727556</ele>
				<time>2026-09-05T03:49:53Z</time>
			</trkpt>
			<trkpt lat="35.309662" lon="139.318338">
				<speed>6.176348</speed>
				<ele>8.740554</ele>
				<time>2026-09-05T03:49:54Z</time>
			</trkpt>
			<trkpt lat="35.309623" lon="139.318285">
				<speed>6.458784</speed>
				<ele>8.532649</ele>
				<time>2026-09-05T03:49:55Z</time>
			</trkpt>
			<trkpt lat="35.309583" lon="139.318232">
				<speed>6.429864</speed>
				<ele>8.597462</ele>
				<time>2026-09-05T03:49:56Z</time>
			</trkpt>
			<trkpt lat="35.309541" lon="139.318179">
				<speed>6.406670</speed>
				<ele>8.629213</ele>
				<time>2026-09-05T03:49:57Z</time>
			</trkpt>
			<trkpt lat="35.309499" lon="139.318126">
				<speed>6.557889</speed>
				<ele>8.669027</ele>
				<time>2026-09-05T03:49:58Z</time>
			</trkpt>
			<trkpt lat="35.309455" lon="139.318073">
				<speed>6.597456</speed>
				<ele>8.364991</ele>
				<time>2026-09-05T03:49:59Z</time>
			</trkpt>
			<trkpt lat="35.309411" lon="139.318021">
				<speed>6.657270</speed>
				<ele>8.458311</ele>
				<time>2026-09-05T03:50:00Z</time>
			</trkpt>
			<trkpt lat="35.309366" lon="139.317968">
				<speed>6.756851</speed>
				<ele>8.619664</ele>
				<time>2026-09-05T03:50:01Z</time>
			</trkpt>
			<trkpt lat="35.309320" lon="139.317915">
				<speed>6.862395</speed>
				<ele>8.797778</ele>
				<time>2026-09-05T03:50:02Z</time>
			</trkpt>
			<trkpt lat="35.309274" lon="139.317863">
				<speed>6.994104</speed>
				<ele>8.804339</ele>
				<time>2026-09-05T03:50:03Z</time>
			</trkpt>
			<trkpt lat="35.309226" lon="139.317811">
				<speed>6.905946</speed>
				<ele>8.636366</ele>
				<time>2026-09-05T03:50:04Z</time>
			</trkpt>
			<trkpt lat="35.309178" lon="139.317758">
				<speed>7.149284</speed>
				<ele>8.994442</ele>
				<time>2026-09-05T03:50:05Z</time>
			</trkpt>
			<trkpt lat="35.309128" lon="139.317707">
				<speed>7.096061</speed>
				<ele>9.095076</ele>
				<time>2026-09-05T03:50:06Z</time>
			</trkpt>
			<trkpt lat="35.309078" lon="139.317656">
				<speed>7.111685</speed>
				<ele>9.230144</ele>
				<time>2026-09-05T03:50:07Z</time>
			</trkpt>
			<trkpt lat="35.309026" lon="139.317607">
				<speed>7.257981</speed>
				<ele>9.263149</ele>
				<time>2026-09-05T03:50:08Z</time>
			</trkpt>
			<trkpt lat="35.308973" lon="139.317557">
				<speed>7.265366</speed>
				<ele>9.355014</ele>
				<time>2026-09-05T03:50:09Z</time>
			</trkpt>
			<trkpt lat="35.308919" lon="139.317509">
				<speed>7.313772</speed>
				<ele>9.481815</ele>
				<time>2026-09-05T03:50:10Z</time>
			</trkpt>
			<trkpt lat="35.308864" lon="139.317461">
				<speed>7.441714</speed>
				<ele>9.510981</ele>
				<time>2026-09-05T03:50:11Z</time>
			</trkpt>
			<trkpt lat="35.308807" lon="139.317415">
				<speed>7.268079</speed>
				<ele>9.543350</ele>
				<time>2026-09-05T03:50:12Z</time>
			</trkpt>
			<trkpt lat="35.308750" lon="139.317370">
				<speed>7.243315</speed>
				<ele>9.328041</ele>
				<time>2026-09-05T03:50:13Z</time>
			</trkpt>
			<trkpt lat="35.308692" lon="139.317327">
				<speed>7.306804</speed>
				<ele>10.008741</ele>
				<time>2026-09-05T03:50:14Z</time>
			</trkpt>
			<trkpt lat="35.308633" lon="139.317285">
				<speed>7.248075</speed>
				<ele>9.647935</ele>
				<time>2026-09-05T03:50:15Z</time>
			</trkpt>
			<trkpt lat="35.308574" lon="139.317245">
				<speed>7.160577</speed>
				<ele>8.363164</ele>
				<time>2026-09-05T03:50:16Z</time>
			</trkpt>
			<trkpt lat="35.308516" lon="139.317206">
				<speed>6.938972</speed>
				<ele>8.604885</ele>
				<time>2026-09-05T03:50:17Z</time>
			</trkpt>
			<trkpt lat="35.308457" lon="139.317169">
				<speed>6.884698</speed>
				<ele>8.896759</ele>
				<time>2026-09-05T03:50:18Z</time>
			</trkpt>
			<trkpt lat="35.308400" lon="139.317134">
				<speed>6.641617</speed>
				<ele>9.031770</ele>
				<time>2026-09-05T03:50:19Z</time>
			</trkpt>
			<trkpt lat="35.308344" lon="139.317101">
				<speed>6.432273</speed>
				<ele>9.114885</ele>
				<time>2026-09-05T03:50:20Z</time>
			</trkpt>
			<trkpt lat="35.308289" lon="139.317069">
				<speed>6.452944</speed>
				<ele>9.144379</ele>
				<time>2026-09-05T03:50:21Z</time>
			</trkpt>
			<trkpt lat="35.308234" lon="139.317039">
				<speed>6.564722</speed>
				<ele>9.102569</ele>
				<time>2026-09-05T03:50:22Z</time>
			</trkpt>
			<trkpt lat="35.308179" lon="139.317009">
				<speed>6.601887</speed>
				<ele>9.222823</ele>
				<time>2026-09-05T03:50:23Z</time>
			</trkpt>
			<trkpt lat="35.308124" lon="139.316980">
				<speed>6.501119</speed>
				<ele>9.218151</ele>
				<time>2026-09-05T03:50:24Z</time>
			</trkpt>
			<trkpt lat="35.308070" lon="139.316952">
				<speed>6.344858</speed>
				<ele>9.249392</ele>
				<time>2026-09-05T03:50:25Z</time>
			</trkpt>
			<trkpt lat="35.308019" lon="139.316926">
				<speed>5.735962</speed>
				<ele>9.115632</ele>
				<time>2026-09-05T03:50:26Z</time>
			</trkpt>
			<trkpt lat="35.307924" lon="139.316889">
				<speed>4.450364</speed>
				<ele>8.810956</ele>
				<time>2026-09-05T03:50:28Z</time>
			</trkpt>
			<trkpt lat="35.307845" lon="139.316892">
				<speed>4.490946</speed>
				<ele>9.070829</ele>
				<time>2026-09-05T03:50:30Z</time>
			</trkpt>
			<trkpt lat="35.307777" lon="139.316932">
				<speed>5.554588</speed>
				<ele>7.258996</ele>
				<time>2026-09-05T03:50:32Z</time>
			</trkpt>
			<trkpt lat="35.307700" lon="139.316994">
				<speed>5.188594</speed>
				<ele>7.337746</ele>
				<time>2026-09-05T03:50:34Z</time>
			</trkpt>
			<trkpt lat="35.307613" lon="139.317031">
				<speed>6.270654</speed>
				<ele>7.014003</ele>
				<time>2026-09-05T03:50:36Z</time>
			</trkpt>
			<trkpt lat="35.307520" lon="139.317032">
				<speed>6.410065</speed>
				<ele>6.583727</ele>
				<time>2026-09-05T03:50:38Z</time>
			</trkpt>
			<trkpt lat="35.307418" lon="139.317003">
				<speed>6.370344</speed>
				<ele>6.498537</ele>
				<time>2026-09-05T03:50:40Z</time>
			</trkpt>
			<trkpt lat="35.307365" lon="139.316981">
				<speed>6.457413</speed>
				<ele>6.503371</ele>
				<time>2026-09-05T03:50:41Z</time>
			</trkpt>
			<trkpt lat="35.307311" lon="139.316954">
				<speed>6.479157</speed>
				<ele>6.359360</ele>
				<time>2026-09-05T03:50:42Z</time>
			</trkpt>
			<trkpt lat="35.307257" lon="139.316921">
				<speed>6.512919</speed>
				<ele>6.461510</ele>
				<time>2026-09-05T03:50:43Z</time>
			</trkpt>
			<trkpt lat="35.307205" lon="139.316884">
				<speed>6.558060</speed>
				<ele>6.471733</ele>
				<time>2026-09-05T03:50:44Z</time>
			</trkpt>
			<trkpt lat="35.307153" lon="139.316841">
				<speed>6.811226</speed>
				<ele>6.391114</ele>
				<time>2026-09-05T03:50:45Z</time>
			</trkpt>
			<trkpt lat="35.307103" lon="139.316795">
				<speed>6.635766</speed>
				<ele>6.430596</ele>
				<time>2026-09-05T03:50:46Z</time>
			</trkpt>
			<trkpt lat="35.307055" lon="139.316746">
				<speed>6.575753</speed>
				<ele>6.360329</ele>
				<time>2026-09-05T03:50:47Z</time>
			</trkpt>
			<trkpt lat="35.307007" lon="139.316694">
				<speed>6.549581</speed>
				<ele>6.272657</ele>
				<time>2026-09-05T03:50:48Z</time>
			</trkpt>
			<trkpt lat="35.306961" lon="139.316641">
				<speed>6.324970</speed>
				<ele>6.346488</ele>
				<time>2026-09-05T03:50:49Z</time>
			</trkpt>
			<trkpt lat="35.306916" lon="139.316588">
				<speed>6.346295</speed>
				<ele>6.372823</ele>
				<time>2026-09-05T03:50:50Z</time>
			</trkpt>
			<trkpt lat="35.306872" lon="139.316534">
				<speed>6.288601</speed>
				<ele>6.291882</ele>
				<time>2026-09-05T03:50:51Z</time>
			</trkpt>
			<trkpt lat="35.306830" lon="139.316481">
				<speed>6.085092</speed>
				<ele>6.268831</ele>
				<time>2026-09-05T03:50:52Z</time>
			</trkpt>
			<trkpt lat="35.306789" lon="139.316429">
				<speed>6.018417</speed>
				<ele>6.183341</ele>
				<time>2026-09-05T03:50:53Z</time>
			</trkpt>
			<trkpt lat="35.306749" lon="139.316377">
				<speed>5.896291</speed>
				<ele>6.002121</ele>
				<time>2026-09-05T03:50:54Z</time>
			</trkpt>
			<trkpt lat="35.306711" lon="139.316326">
				<speed>5.757644</speed>
				<ele>5.902088</ele>
				<time>2026-09-05T03:50:55Z</time>
			</trkpt>
			<trkpt lat="35.306675" lon="139.316277">
				<speed>5.620207</speed>
				<ele>5.839787</ele>
				<time>2026-09-05T03:50:56Z</time>
			</trkpt>
			<trkpt lat="35.306605" lon="139.316181">
				<speed>5.456960</speed>
				<ele>5.716941</ele>
				<time>2026-09-05T03:50:58Z</time>
			</trkpt>
			<trkpt lat="35.306573" lon="139.316136">
				<speed>4.824252</speed>
				<ele>5.688066</ele>
				<time>2026-09-05T03:50:59Z</time>
			</trkpt>
			<trkpt lat="35.306541" lon="139.316059">
				<speed>3.387617</speed>
				<ele>5.749886</ele>
				<time>2026-09-05T03:51:22Z</time>
			</trkpt>
			<trkpt lat="35.306507" lon="139.316003">
				<speed>3.236068</speed>
				<ele>5.675796</ele>
				<time>2026-09-05T03:51:24Z</time>
			</trkpt>
			<trkpt lat="35.306459" lon="139.315935">
				<speed>3.616849</speed>
				<ele>5.762624</ele>
				<time>2026-09-05T03:51:27Z</time>
			</trkpt>
			<trkpt lat="35.306397" lon="139.315841">
				<speed>3.931805</speed>
				<ele>5.838101</ele>
				<time>2026-09-05T03:51:29Z</time>
			</trkpt>
			<trkpt lat="35.306350" lon="139.315750">
				<speed>4.083072</speed>
				<ele>5.826787</ele>
				<time>2026-09-05T03:51:31Z</time>
			</trkpt>
			<trkpt lat="35.306312" lon="139.315656">
				<speed>4.470108</speed>
				<ele>5.971403</ele>
				<time>2026-09-05T03:51:33Z</time>
			</trkpt>
			<trkpt lat="35.306272" lon="139.315561">
				<speed>4.652448</speed>
				<ele>5.148753</ele>
				<time>2026-09-05T03:51:35Z</time>
			</trkpt>
			<trkpt lat="35.306233" lon="139.315461">
				<speed>5.040752</speed>
				<ele>5.408217</ele>
				<time>2026-09-05T03:51:37Z</time>
			</trkpt>
			<trkpt lat="35.306194" lon="139.315356">
				<speed>5.105833</speed>
				<ele>5.661778</ele>
				<time>2026-09-05T03:51:39Z</time>
			</trkpt>
			<trkpt lat="35.306157" lon="139.315248">
				<speed>5.154309</speed>
				<ele>5.691308</ele>
				<time>2026-09-05T03:51:41Z</time>
			</trkpt>
			<trkpt lat="35.306123" lon="139.315137">
				<speed>5.138223</speed>
				<ele>5.648233</ele>
				<time>2026-09-05T03:51:43Z</time>
			</trkpt>
			<trkpt lat="35.306093" lon="139.315025">
				<speed>5.199610</speed>
				<ele>5.903037</ele>
				<time>2026-09-05T03:51:45Z</time>
			</trkpt>
			<trkpt lat="35.306066" lon="139.314914">
				<speed>4.767022</speed>
				<ele>6.059159</ele>
				<time>2026-09-05T03:51:47Z</time>
			</trkpt>
			<trkpt lat="35.306044" lon="139.314814">
				<speed>3.506907</speed>
				<ele>5.846324</ele>
				<time>2026-09-05T03:51:49Z</time>
			</trkpt>
			<trkpt lat="35.306028" lon="139.314728">
				<speed>3.408098</speed>
				<ele>6.101450</ele>
				<time>2026-09-05T03:51:51Z</time>
			</trkpt>
			<trkpt lat="35.306016" lon="139.314649">
				<speed>3.773155</speed>
				<ele>5.981972</ele>
				<time>2026-09-05T03:51:53Z</time>
			</trkpt>
			<trkpt lat="35.306006" lon="139.314573">
				<speed>3.435879</speed>
				<ele>6.362289</ele>
				<time>2026-09-05T03:51:55Z</time>
			</trkpt>
			<trkpt lat="35.305998" lon="139.314502">
				<speed>3.166248</speed>
				<ele>5.673722</ele>
				<time>2026-09-05T03:51:57Z</time>
			</trkpt>
			<trkpt lat="35.305993" lon="139.314434">
				<speed>3.462050</speed>
				<ele>6.237246</ele>
				<time>2026-09-05T03:51:59Z</time>
			</trkpt>
			<trkpt lat="35.305990" lon="139.314364">
				<speed>3.631354</speed>
				<ele>6.821929</ele>
				<time>2026-09-05T03:52:01Z</time>
			</trkpt>
			<trkpt lat="35.305989" lon="139.314290">
				<speed>3.439490</speed>
				<ele>6.888169</ele>
				<time>2026-09-05T03:52:03Z</time>
			</trkpt>
			<trkpt lat="35.305998" lon="139.314227">
				<speed>2.175996</speed>
				<ele>6.984898</ele>
				<time>2026-09-05T03:52:05Z</time>
			</trkpt>
			<trkpt lat="35.306035" lon="139.314258">
				<speed>0.487883</speed>
				<ele>6.187508</ele>
				<time>2026-09-05T03:52:16Z</time>
			</trkpt>
			<trkpt lat="35.306066" lon="139.314340">
				<speed>0.429446</speed>
				<ele>6.012956</ele>
				<time>2026-09-05T03:52:19Z</time>
			</trkpt>
			<trkpt lat="35.306074" lon="139.314514">
				<speed>0.380015</speed>
				<ele>6.494979</ele>
				<time>2026-09-05T03:52:25Z</time>
			</trkpt>
			<trkpt lat="35.306081" lon="139.314592">
				<speed>3.544789</speed>
				<ele>7.126802</ele>
				<time>2026-09-05T03:52:31Z</time>
			</trkpt>
			<trkpt lat="35.306094" lon="139.314688">
				<speed>3.626785</speed>
				<ele>7.321252</ele>
				<time>2026-09-05T03:52:33Z</time>
			</trkpt>
			<trkpt lat="35.306114" lon="139.314816">
				<speed>3.851286</speed>
				<ele>7.343790</ele>
				<time>2026-09-05T03:52:35Z</time>
			</trkpt>
			<trkpt lat="35.306125" lon="139.314882">
				<speed>3.874714</speed>
				<ele>7.319314</ele>
				<time>2026-09-05T03:52:36Z</time>
			</trkpt>
			<trkpt lat="35.306137" lon="139.314946">
				<speed>3.950804</speed>
				<ele>7.360019</ele>
				<time>2026-09-05T03:52:37Z</time>
			</trkpt>
			<trkpt lat="35.306160" lon="139.315066">
				<speed>3.948264</speed>
				<ele>7.504545</ele>
				<time>2026-09-05T03:52:39Z</time>
			</trkpt>
			<trkpt lat="35.306185" lon="139.315174">
				<speed>4.094885</speed>
				<ele>7.451762</ele>
				<time>2026-09-05T03:52:41Z</time>
			</trkpt>
			<trkpt lat="35.306211" lon="139.315271">
				<speed>4.172849</speed>
				<ele>7.309957</ele>
				<time>2026-09-05T03:52:43Z</time>
			</trkpt>
			<trkpt lat="35.306240" lon="139.315362">
				<speed>4.342336</speed>
				<ele>7.116875</ele>
				<time>2026-09-05T03:52:45Z</time>
			</trkpt>
			<trkpt lat="35.306272" lon="139.315450">
				<speed>4.448541</speed>
				<ele>7.047604</ele>
				<time>2026-09-05T03:52:47Z</time>
			</trkpt>
			<trkpt lat="35.306309" lon="139.315533">
				<speed>4.258659</speed>
				<ele>6.018222</ele>
				<time>2026-09-05T03:52:49Z</time>
			</trkpt>
			<trkpt lat="35.306350" lon="139.315601">
				<speed>3.412879</speed>
				<ele>5.534381</ele>
				<time>2026-09-05T03:52:51Z</time>
			</trkpt>
			<trkpt lat="35.306391" lon="139.315655">
				<speed>3.266722</speed>
				<ele>6.011463</ele>
				<time>2026-09-05T03:52:53Z</time>
			</trkpt>
			<trkpt lat="35.306426" lon="139.315713">
				<speed>3.951141</speed>
				<ele>5.688917</ele>
				<time>2026-09-05T03:52:55Z</time>
			</trkpt>
			<trkpt lat="35.306443" lon="139.315784">
				<speed>4.552466</speed>
				<ele>5.450044</ele>
				<time>2026-09-05T03:52:57Z</time>
			</trkpt>
			<trkpt lat="35.306432" lon="139.315861">
				<speed>4.751476</speed>
				<ele>5.433490</ele>
				<time>2026-09-05T03:52:59Z</time>
			</trkpt>
			<trkpt lat="35.306395" lon="139.315943">
				<speed>4.981960</speed>
				<ele>5.412796</ele>
				<time>2026-09-05T03:53:01Z</time>
			</trkpt>
			<trkpt lat="35.306342" lon="139.316030">
				<speed>4.913369</speed>
				<ele>5.251697</ele>
				<time>2026-09-05T03:53:03Z</time>
			</trkpt>
			<trkpt lat="35.306283" lon="139.316121">
				<speed>4.896574</speed>
				<ele>5.169605</ele>
				<time>2026-09-05T03:53:05Z</time>
			</trkpt>
			<trkpt lat="35.306223" lon="139.316214">
				<speed>4.783269</speed>
				<ele>5.037262</ele>
				<time>2026-09-05T03:53:07Z</time>
			</trkpt>
			<trkpt lat="35.306166" lon="139.316305">
				<speed>4.675894</speed>
				<ele>4.983963</ele>
				<time>2026-09-05T03:53:09Z</time>
			</trkpt>
			<trkpt lat="35.306112" lon="139.316395">
				<speed>4.548119</speed>
				<ele>4.885758</ele>
				<time>2026-09-05T03:53:11Z</time>
			</trkpt>
			<trkpt lat="35.306062" lon="139.316482">
				<speed>4.216343</speed>
				<ele>4.634214</ele>
				<time>2026-09-05T03:53:13Z</time>
			</trkpt>
			<trkpt lat="35.306021" lon="139.316563">
				<speed>3.366272</speed>
				<ele>4.343693</ele>
				<time>2026-09-05T03:53:15Z</time>
			</trkpt>
			<trkpt lat="35.305992" lon="139.316631">
				<speed>2.617270</speed>
				<ele>4.438326</ele>
				<time>2026-09-05T03:53:17Z</time>
			</trkpt>
			<trkpt lat="35.306007" lon="139.316585">
				<speed>0.337356</speed>
				<ele>4.778096</ele>
				<time>2026-09-05T03:53:29Z</time>
			</trkpt>
			<trkpt lat="35.306027" lon="139.316497">
				<speed>0.350984</speed>
				<ele>4.790962</ele>
				<time>2026-09-05T03:53:32Z</time>
			</trkpt>
			<trkpt lat="35.306049" lon="139.316430">
				<speed>4.158945</speed>
				<ele>4.230204</ele>
				<time>2026-09-05T03:53:38Z</time>
			</trkpt>
			<trkpt lat="35.306089" lon="139.316334">
				<speed>4.114140</speed>
				<ele>4.220292</ele>
				<time>2026-09-05T03:53:40Z</time>
			</trkpt>
			<trkpt lat="35.306117" lon="139.316272">
				<speed>4.056590</speed>
				<ele>4.261425</ele>
				<time>2026-09-05T03:53:41Z</time>
			</trkpt>
			<trkpt lat="35.306146" lon="139.316208">
				<speed>3.984544</speed>
				<ele>4.060255</ele>
				<time>2026-09-05T03:53:42Z</time>
			</trkpt>
			<trkpt lat="35.306177" lon="139.316144">
				<speed>3.963532</speed>
				<ele>3.827116</ele>
				<time>2026-09-05T03:53:43Z</time>
			</trkpt>
			<trkpt lat="35.306206" lon="139.316083">
				<speed>4.018505</speed>
				<ele>3.948874</ele>
				<time>2026-09-05T03:53:44Z</time>
			</trkpt>
			<trkpt lat="35.306235" lon="139.316026">
				<speed>4.065123</speed>
				<ele>3.992558</ele>
				<time>2026-09-05T03:53:45Z</time>
			</trkpt>
			<trkpt lat="35.306289" lon="139.315925">
				<speed>3.927735</speed>
				<ele>4.043531</ele>
				<time>2026-09-05T03:53:47Z</time>
			</trkpt>
			<trkpt lat="35.306340" lon="139.315842">
				<speed>3.464043</speed>
				<ele>4.057194</ele>
				<time>2026-09-05T03:53:49Z</time>
			</trkpt>
			<trkpt lat="35.306382" lon="139.315770">
				<speed>3.481082</speed>
				<ele>4.382702</ele>
				<time>2026-09-05T03:53:51Z</time>
			</trkpt>
			<trkpt lat="35.306412" lon="139.315696">
				<speed>4.242494</speed>
				<ele>4.958991</ele>
				<time>2026-09-05T03:53:53Z</time>
			</trkpt>
			<trkpt lat="35.306432" lon="139.315614">
				<speed>4.072708</speed>
				<ele>4.986630</ele>
				<time>2026-09-05T03:53:55Z</time>
			</trkpt>
			<trkpt lat="35.306432" lon="139.315544">
				<speed>2.102762</speed>
				<ele>5.221021</ele>
				<time>2026-09-05T03:53:57Z</time>
			</trkpt>
			<trkpt lat="35.306382" lon="139.315531">
				<speed>0.409786</speed>
				<ele>5.571638</ele>
				<time>2026-09-05T03:54:01Z</time>
			</trkpt>
			<trkpt lat="35.306340" lon="139.315492">
				<speed>2.546392</speed>
				<ele>5.291817</ele>
				<time>2026-09-05T03:54:08Z</time>
			</trkpt>
			<trkpt lat="35.306306" lon="139.315437">
				<speed>3.279655</speed>
				<ele>5.846773</ele>
				<time>2026-09-05T03:54:10Z</time>
			</trkpt>
			<trkpt lat="35.306269" lon="139.315365">
				<speed>4.167645</speed>
				<ele>5.732030</ele>
				<time>2026-09-05T03:54:12Z</time>
			</trkpt>
			<trkpt lat="35.306233" lon="139.315278">
				<speed>4.385485</speed>
				<ele>5.774000</ele>
				<time>2026-09-05T03:54:14Z</time>
			</trkpt>
			<trkpt lat="35.306198" lon="139.315182">
				<speed>4.688341</speed>
				<ele>5.906505</ele>
				<time>2026-09-05T03:54:16Z</time>
			</trkpt>
			<trkpt lat="35.306167" lon="139.315076">
				<speed>4.671651</speed>
				<ele>5.962236</ele>
				<time>2026-09-05T03:54:18Z</time>
			</trkpt>
			<trkpt lat="35.306148" lon="139.314965">
				<speed>4.665711</speed>
				<ele>6.135620</ele>
				<time>2026-09-05T03:54:20Z</time>
			</trkpt>
			<trkpt lat="35.306144" lon="139.314855">
				<speed>4.006085</speed>
				<ele>6.600842</ele>
				<time>2026-09-05T03:54:22Z</time>
			</trkpt>
			<trkpt lat="35.306151" lon="139.314763">
				<speed>3.180731</speed>
				<ele>6.487406</ele>
				<time>2026-09-05T03:54:24Z</time>
			</trkpt>
			<trkpt lat="35.306169" lon="139.314672">
				<speed>3.999541</speed>
				<ele>6.904299</ele>
				<time>2026-09-05T03:54:26Z</time>
			</trkpt>
			<trkpt lat="35.306194" lon="139.314588">
				<speed>3.225962</speed>
				<ele>7.968428</ele>
				<time>2026-09-05T03:54:28Z</time>
			</trkpt>
			<trkpt lat="35.306217" lon="139.314513">
				<speed>3.093401</speed>
				<ele>9.158642</ele>
				<time>2026-09-05T03:54:30Z</time>
			</trkpt>
			<trkpt lat="35.306235" lon="139.314437">
				<speed>3.855936</speed>
				<ele>9.443701</ele>
				<time>2026-09-05T03:54:32Z</time>
			</trkpt>
			<trkpt lat="35.306247" lon="139.314358">
				<speed>3.616877</speed>
				<ele>10.258588</ele>
				<time>2026-09-05T03:54:34Z</time>
			</trkpt>
			<trkpt lat="35.306254" lon="139.314278">
				<speed>3.471572</speed>
				<ele>11.352477</ele>
				<time>2026-09-05T03:54:36Z</time>
			</trkpt>
			<trkpt lat="35.306257" lon="139.314200">
				<speed>3.102773</speed>
				<ele>11.919813</ele>
				<time>2026-09-05T03:54:38Z</time>
			</trkpt>
			<trkpt lat="35.306257" lon="139.314125">
				<speed>3.298306</speed>
				<ele>12.172224</ele>
				<time>2026-09-05T03:54:40Z</time>
			</trkpt>
			<trkpt lat="35.306254" lon="139.314052">
				<speed>3.086849</speed>
				<ele>11.876929</ele>
				<time>2026-09-05T03:54:42Z</time>
			</trkpt>
			<trkpt lat="35.306251" lon="139.313983">
				<speed>2.989615</speed>
				<ele>12.003101</ele>
				<time>2026-09-05T03:54:44Z</time>
			</trkpt>
			<trkpt lat="35.306248" lon="139.313920">
				<speed>2.602857</speed>
				<ele>12.585442</ele>
				<time>2026-09-05T03:54:46Z</time>
			</trkpt>
			<trkpt lat="35.306245" lon="139.313863">
				<speed>2.271191</speed>
				<ele>12.625827</ele>
				<time>2026-09-05T03:54:48Z</time>
			</trkpt>
			<trkpt lat="35.306243" lon="139.313812">
				<speed>2.200274</speed>
				<ele>12.455531</ele>
				<time>2026-09-05T03:54:50Z</time>
			</trkpt>
			<trkpt lat="35.306247" lon="139.313723">
				<speed>4.314942</speed>
				<ele>10.782296</ele>
				<time>2026-09-05T03:54:53Z</time>
			</trkpt>
			<trkpt lat="35.306254" lon="139.313644">
				<speed>4.300453</speed>
				<ele>9.820722</ele>
				<time>2026-09-05T03:54:55Z</time>
			</trkpt>
			<trkpt lat="35.306263" lon="139.313551">
				<speed>4.953640</speed>
				<ele>8.997794</ele>
				<time>2026-09-05T03:54:57Z</time>
			</trkpt>
			<trkpt lat="35.306273" lon="139.313443">
				<speed>5.571477</speed>
				<ele>8.290874</ele>
				<time>2026-09-05T03:54:59Z</time>
			</trkpt>
			<trkpt lat="35.306283" lon="139.313320">
				<speed>5.730714</speed>
				<ele>8.419592</ele>
				<time>2026-09-05T03:55:01Z</time>
			</trkpt>
			<trkpt lat="35.306294" lon="139.313191">
				<speed>5.158873</speed>
				<ele>8.276257</ele>
				<time>2026-09-05T03:55:03Z</time>
			</trkpt>
			<trkpt lat="35.306307" lon="139.313064">
				<speed>5.298800</speed>
				<ele>8.174317</ele>
				<time>2026-09-05T03:55:05Z</time>
			</trkpt>
			<trkpt lat="35.306322" lon="139.312948">
				<speed>4.285450</speed>
				<ele>8.195960</ele>
				<time>2026-09-05T03:55:07Z</time>
			</trkpt>
			<trkpt lat="35.306339" lon="139.312843">
				<speed>3.873889</speed>
				<ele>8.682468</ele>
				<time>2026-09-05T03:55:09Z</time>
			</trkpt>
			<trkpt lat="35.306359" lon="139.312758">
				<speed>3.260373</speed>
				<ele>10.008459</ele>
				<time>2026-09-05T03:55:11Z</time>
			</trkpt>
			<trkpt lat="35.306383" lon="139.312693">
				<speed>2.847903</speed>
				<ele>11.790506</ele>
				<time>2026-09-05T03:55:13Z</time>
			</trkpt>
			<trkpt lat="35.306408" lon="139.312639">
				<speed>2.820210</speed>
				<ele>12.046002</ele>
				<time>2026-09-05T03:55:15Z</time>
			</trkpt>
			<trkpt lat="35.306432" lon="139.312587">
				<speed>2.710157</speed>
				<ele>12.761122</ele>
				<time>2026-09-05T03:55:17Z</time>
			</trkpt>
			<trkpt lat="35.306454" lon="139.312537">
				<speed>2.861424</speed>
				<ele>13.429637</ele>
				<time>2026-09-05T03:55:19Z</time>
			</trkpt>
			<trkpt lat="35.306479" lon="139.312455">
				<speed>3.574603</speed>
				<ele>13.180543</ele>
				<time>2026-09-05T03:55:22Z</time>
			</trkpt>
			<trkpt lat="35.306491" lon="139.312388">
				<speed>3.877103</speed>
				<ele>12.840809</ele>
				<time>2026-09-05T03:55:24Z</time>
			</trkpt>
			<trkpt lat="35.306500" lon="139.312310">
				<speed>4.119810</speed>
				<ele>12.886183</ele>
				<time>2026-09-05T03:55:26Z</time>
			</trkpt>
			<trkpt lat="35.306508" lon="139.312220">
				<speed>4.529079</speed>
				<ele>13.134659</ele>
				<time>2026-09-05T03:55:28Z</time>
			</trkpt>
			<trkpt lat="35.306514" lon="139.312120">
				<speed>4.753812</speed>
				<ele>13.322202</ele>
				<time>2026-09-05T03:55:30Z</time>
			</trkpt>
			<trkpt lat="35.306522" lon="139.312012">
				<speed>5.138121</speed>
				<ele>13.690883</ele>
				<time>2026-09-05T03:55:32Z</time>
			</trkpt>
			<trkpt lat="35.306530" lon="139.311894">
				<speed>5.483247</speed>
				<ele>14.334472</ele>
				<time>2026-09-05T03:55:34Z</time>
			</trkpt>
			<trkpt lat="35.306537" lon="139.311776">
				<speed>4.775298</speed>
				<ele>14.440171</ele>
				<time>2026-09-05T03:55:36Z</time>
			</trkpt>
			<trkpt lat="35.306541" lon="139.311663">
				<speed>4.311816</speed>
				<ele>14.665374</ele>
				<time>2026-09-05T03:55:38Z</time>
			</trkpt>
			<trkpt lat="35.306542" lon="139.311560">
				<speed>4.218846</speed>
				<ele>15.125470</ele>
				<time>2026-09-05T03:55:40Z</time>
			</trkpt>
			<trkpt lat="35.306541" lon="139.311462">
				<speed>4.175774</speed>
				<ele>15.559798</ele>
				<time>2026-09-05T03:55:42Z</time>
			</trkpt>
			<trkpt lat="35.306540" lon="139.311368">
				<speed>4.300929</speed>
				<ele>15.550261</ele>
				<time>2026-09-05T03:55:44Z</time>
			</trkpt>
			<trkpt lat="35.306539" lon="139.311272">
				<speed>4.786196</speed>
				<ele>15.448595</ele>
				<time>2026-09-05T03:55:46Z</time>
			</trkpt>
			<trkpt lat="35.306537" lon="139.311170">
				<speed>5.020855</speed>
				<ele>14.999948</ele>
				<time>2026-09-05T03:55:48Z</time>
			</trkpt>
			<trkpt lat="35.306533" lon="139.311066">
				<speed>4.700770</speed>
				<ele>15.606160</ele>
				<time>2026-09-05T03:55:50Z</time>
			</trkpt>
			<trkpt lat="35.306529" lon="139.310960">
				<speed>4.750551</speed>
				<ele>15.859182</ele>
				<time>2026-09-05T03:55:52Z</time>
			</trkpt>
			<trkpt lat="35.306525" lon="139.310857">
				<speed>4.291122</speed>
				<ele>16.367252</ele>
				<time>2026-09-05T03:55:54Z</time>
			</trkpt>
			<trkpt lat="35.306520" lon="139.310761">
				<speed>3.847363</speed>
				<ele>16.772611</ele>
				<time>2026-09-05T03:55:56Z</time>
			</trkpt>
			<trkpt lat="35.306516" lon="139.310675">
				<speed>3.405212</speed>
				<ele>16.565737</ele>
				<time>2026-09-05T03:55:58Z</time>
			</trkpt>
			<trkpt lat="35.306513" lon="139.310593">
				<speed>3.820619</speed>
				<ele>17.183867</ele>
				<time>2026-09-05T03:56:00Z</time>
			</trkpt>
			<trkpt lat="35.306510" lon="139.310511">
				<speed>4.012764</speed>
				<ele>17.137507</ele>
				<time>2026-09-05T03:56:02Z</time>
			</trkpt>
			<trkpt lat="35.306507" lon="139.310426">
				<speed>4.265202</speed>
				<ele>17.100622</ele>
				<time>2026-09-05T03:56:04Z</time>
			</trkpt>
			<trkpt lat="35.306501" lon="139.310333">
				<speed>4.848142</speed>
				<ele>17.876006</ele>
				<time>2026-09-05T03:56:06Z</time>
			</trkpt>
			<trkpt lat="35.306493" lon="139.310231">
				<speed>5.011614</speed>
				<ele>18.494336</ele>
				<time>2026-09-05T03:56:08Z</time>
			</trkpt>
			<trkpt lat="35.306484" lon="139.310127">
				<speed>4.411294</speed>
				<ele>18.604488</ele>
				<time>2026-09-05T03:56:10Z</time>
			</trkpt>
			<trkpt lat="35.306474" lon="139.310026">
				<speed>4.084079</speed>
				<ele>18.164886</ele>
				<time>2026-09-05T03:56:12Z</time>
			</trkpt>
			<trkpt lat="35.306465" lon="139.309926">
				<speed>4.530734</speed>
				<ele>18.423123</ele>
				<time>2026-09-05T03:56:14Z</time>
			</trkpt>
			<trkpt lat="35.306455" lon="139.309825">
				<speed>4.635536</speed>
				<ele>18.555393</ele>
				<time>2026-09-05T03:56:16Z</time>
			</trkpt>
			<trkpt lat="35.306444" lon="139.309722">
				<speed>5.001104</speed>
				<ele>18.463888</ele>
				<time>2026-09-05T03:56:18Z</time>
			</trkpt>
			<trkpt lat="35.306430" lon="139.309614">
				<speed>5.396130</speed>
				<ele>18.359907</ele>
				<time>2026-09-05T03:56:20Z</time>
			</trkpt>
			<trkpt lat="35.306413" lon="139.309498">
				<speed>5.495784</speed>
				<ele>18.663362</ele>
				<time>2026-09-05T03:56:22Z</time>
			</trkpt>
			<trkpt lat="35.306393" lon="139.309380">
				<speed>5.074044</speed>
				<ele>19.173293</ele>
				<time>2026-09-05T03:56:24Z</time>
			</trkpt>
			<trkpt lat="35.306374" lon="139.309268">
				<speed>4.676235</speed>
				<ele>19.414104</ele>
				<time>2026-09-05T03:56:26Z</time>
			</trkpt>
			<trkpt lat="35.306354" lon="139.309160">
				<speed>4.932659</speed>
				<ele>19.215668</ele>
				<time>2026-09-05T03:56:28Z</time>
			</trkpt>
			<trkpt lat="35.306332" lon="139.309051">
				<speed>5.153602</speed>
				<ele>19.179424</ele>
				<time>2026-09-05T03:56:30Z</time>
			</trkpt>
			<trkpt lat="35.306311" lon="139.308941">
				<speed>5.199962</speed>
				<ele>19.215068</ele>
				<time>2026-09-05T03:56:32Z</time>
			</trkpt>
			<trkpt lat="35.306290" lon="139.308832">
				<speed>4.740440</speed>
				<ele>19.244527</ele>
				<time>2026-09-05T03:56:34Z</time>
			</trkpt>
			<trkpt lat="35.306271" lon="139.308727">
				<speed>4.701908</speed>
				<ele>18.882626</ele>
				<time>2026-09-05T03:56:36Z</time>
			</trkpt>
			<trkpt lat="35.306251" lon="139.308623">
				<speed>5.160778</speed>
				<ele>18.265972</ele>
				<time>2026-09-05T03:56:38Z</time>
			</trkpt>
			<trkpt lat="35.306230" lon="139.308513">
				<speed>5.575593</speed>
				<ele>17.613980</ele>
				<time>2026-09-05T03:56:40Z</time>
			</trkpt>
			<trkpt lat="35.306206" lon="139.308397">
				<speed>5.931147</speed>
				<ele>17.048953</ele>
				<time>2026-09-05T03:56:42Z</time>
			</trkpt>
			<trkpt lat="35.306179" lon="139.308272">
				<speed>6.439055</speed>
				<ele>16.651800</ele>
				<time>2026-09-05T03:56:44Z</time>
			</trkpt>
			<trkpt lat="35.306165" lon="139.308205">
				<speed>6.543127</speed>
				<ele>16.502423</ele>
				<time>2026-09-05T03:56:45Z</time>
			</trkpt>
			<trkpt lat="35.306151" lon="139.308137">
				<speed>6.543688</speed>
				<ele>16.596139</ele>
				<time>2026-09-05T03:56:46Z</time>
			</trkpt>
			<trkpt lat="35.306136" lon="139.308067">
				<speed>6.552056</speed>
				<ele>16.798291</ele>
				<time>2026-09-05T03:56:47Z</time>
			</trkpt>
			<trkpt lat="35.306120" lon="139.307996">
				<speed>6.518923</speed>
				<ele>16.772413</ele>
				<time>2026-09-05T03:56:48Z</time>
			</trkpt>
			<trkpt lat="35.306104" lon="139.307926">
				<speed>6.434153</speed>
				<ele>16.984247</ele>
				<time>2026-09-05T03:56:49Z</time>
			</trkpt>
			<trkpt lat="35.306087" lon="139.307856">
				<speed>6.332273</speed>
				<ele>17.072620</ele>
				<time>2026-09-05T03:56:50Z</time>
			</trkpt>
			<trkpt lat="35.306069" lon="139.307786">
				<speed>6.199367</speed>
				<ele>17.022288</ele>
				<time>2026-09-05T03:56:51Z</time>
			</trkpt>
			<trkpt lat="35.306051" lon="139.307718">
				<speed>6.136232</speed>
				<ele>17.096836</ele>
				<time>2026-09-05T03:56:52Z</time>
			</trkpt>
			<trkpt lat="35.306032" lon="139.307650">
				<speed>6.034794</speed>
				<ele>17.095564</ele>
				<time>2026-09-05T03:56:53Z</time>
			</trkpt>
			<trkpt lat="35.306014" lon="139.307584">
				<speed>5.964188</speed>
				<ele>17.166891</ele>
				<time>2026-09-05T03:56:54Z</time>
			</trkpt>
			<trkpt lat="35.305997" lon="139.307518">
				<speed>6.023337</speed>
				<ele>17.206456</ele>
				<time>2026-09-05T03:56:55Z</time>
			</trkpt>
			<trkpt lat="35.305981" lon="139.307452">
				<speed>6.020295</speed>
				<ele>17.283702</ele>
				<time>2026-09-05T03:56:56Z</time>
			</trkpt>
			<trkpt lat="35.305966" lon="139.307387">
				<speed>5.918480</speed>
				<ele>17.235620</ele>
				<time>2026-09-05T03:56:57Z</time>
			</trkpt>
			<trkpt lat="35.305951" lon="139.307322">
				<speed>6.008026</speed>
				<ele>17.210167</ele>
				<time>2026-09-05T03:56:58Z</time>
			</trkpt>
			<trkpt lat="35.305936" lon="139.307258">
				<speed>5.893900</speed>
				<ele>17.416624</ele>
				<time>2026-09-05T03:56:59Z</time>
			</trkpt>
			<trkpt lat="35.305921" lon="139.307195">
				<speed>5.993336</speed>
				<ele>17.013684</ele>
				<time>2026-09-05T03:57:00Z</time>
			</trkpt>
			<trkpt lat="35.305892" lon="139.307068">
				<speed>6.042066</speed>
				<ele>17.151379</ele>
				<time>2026-09-05T03:57:02Z</time>
			</trkpt>
			<trkpt lat="35.305866" lon="139.306943">
				<speed>5.747879</speed>
				<ele>17.676474</ele>
				<time>2026-09-05T03:57:04Z</time>
			</trkpt>
			<trkpt lat="35.305841" lon="139.306819">
				<speed>5.700738</speed>
				<ele>17.706110</ele>
				<time>2026-09-05T03:57:06Z</time>
			</trkpt>
			<trkpt lat="35.305818" lon="139.306698">
				<speed>5.436143</speed>
				<ele>17.975494</ele>
				<time>2026-09-05T03:57:08Z</time>
			</trkpt>
			<trkpt lat="35.305798" lon="139.306581">
				<speed>5.269635</speed>
				<ele>17.867142</ele>
				<time>2026-09-05T03:57:10Z</time>
			</trkpt>
			<trkpt lat="35.305777" lon="139.306470">
				<speed>5.033074</speed>
				<ele>17.777302</ele>
				<time>2026-09-05T03:57:12Z</time>
			</trkpt>
			<trkpt lat="35.305757" lon="139.306360">
				<speed>5.341560</speed>
				<ele>17.643064</ele>
				<time>2026-09-05T03:57:14Z</time>
			</trkpt>
			<trkpt lat="35.305737" lon="139.306248">
				<speed>5.734254</speed>
				<ele>17.098322</ele>
				<time>2026-09-05T03:57:16Z</time>
			</trkpt>
			<trkpt lat="35.305716" lon="139.306128">
				<speed>6.033228</speed>
				<ele>16.537611</ele>
				<time>2026-09-05T03:57:18Z</time>
			</trkpt>
			<trkpt lat="35.305692" lon="139.306001">
				<speed>6.417873</speed>
				<ele>15.860852</ele>
				<time>2026-09-05T03:57:20Z</time>
			</trkpt>
			<trkpt lat="35.305680" lon="139.305935">
				<speed>6.413702</speed>
				<ele>15.696717</ele>
				<time>2026-09-05T03:57:21Z</time>
			</trkpt>
			<trkpt lat="35.305667" lon="139.305867">
				<speed>6.665407</speed>
				<ele>15.367470</ele>
				<time>2026-09-05T03:57:22Z</time>
			</trkpt>
			<trkpt lat="35.305653" lon="139.305799">
				<speed>6.227606</speed>
				<ele>15.355987</ele>
				<time>2026-09-05T03:57:23Z</time>
			</trkpt>
			<trkpt lat="35.305638" lon="139.305731">
				<speed>6.061541</speed>
				<ele>15.335660</ele>
				<time>2026-09-05T03:57:24Z</time>
			</trkpt>
			<trkpt lat="35.305624" lon="139.305664">
				<speed>5.935393</speed>
				<ele>15.104188</ele>
				<time>2026-09-05T03:57:25Z</time>
			</trkpt>
			<trkpt lat="35.305610" lon="139.305599">
				<speed>5.838841</speed>
				<ele>15.377390</ele>
				<time>2026-09-05T03:57:26Z</time>
			</trkpt>
			<trkpt lat="35.305596" lon="139.305534">
				<speed>5.881634</speed>
				<ele>15.431610</ele>
				<time>2026-09-05T03:57:27Z</time>
			</trkpt>
			<trkpt lat="35.305570" lon="139.305407">
				<speed>5.952172</speed>
				<ele>15.917056</ele>
				<time>2026-09-05T03:57:29Z</time>
			</trkpt>
			<trkpt lat="35.305547" lon="139.305283">
				<speed>5.282420</speed>
				<ele>16.366424</ele>
				<time>2026-09-05T03:57:31Z</time>
			</trkpt>
			<trkpt lat="35.305526" lon="139.305169">
				<speed>4.585303</speed>
				<ele>16.847034</ele>
				<time>2026-09-05T03:57:33Z</time>
			</trkpt>
			<trkpt lat="35.305506" lon="139.305067">
				<speed>4.317842</speed>
				<ele>16.868553</ele>
				<time>2026-09-05T03:57:35Z</time>
			</trkpt>
			<trkpt lat="35.305487" lon="139.304972">
				<speed>4.579396</speed>
				<ele>16.915893</ele>
				<time>2026-09-05T03:57:37Z</time>
			</trkpt>
			<trkpt lat="35.305468" lon="139.304874">
				<speed>5.190033</speed>
				<ele>16.866511</ele>
				<time>2026-09-05T03:57:39Z</time>
			</trkpt>
			<trkpt lat="35.305448" lon="139.304768">
				<speed>5.742689</speed>
				<ele>16.567422</ele>
				<time>2026-09-05T03:57:41Z</time>
			</trkpt>
			<trkpt lat="35.305426" lon="139.304653">
				<speed>5.809499</speed>
				<ele>16.439316</ele>
				<time>2026-09-05T03:57:43Z</time>
			</trkpt>
			<trkpt lat="35.305403" lon="139.304531">
				<speed>5.996592</speed>
				<ele>16.502439</ele>
				<time>2026-09-05T03:57:45Z</time>
			</trkpt>
			<trkpt lat="35.305380" lon="139.304404">
				<speed>6.104078</speed>
				<ele>16.398508</ele>
				<time>2026-09-05T03:57:47Z</time>
			</trkpt>
			<trkpt lat="35.305367" lon="139.304338">
				<speed>6.119484</speed>
				<ele>16.409873</ele>
				<time>2026-09-05T03:57:48Z</time>
			</trkpt>
			<trkpt lat="35.305354" lon="139.304272">
				<speed>6.118254</speed>
				<ele>16.371681</ele>
				<time>2026-09-05T03:57:49Z</time>
			</trkpt>
			<trkpt lat="35.305341" lon="139.304206">
				<speed>5.983407</speed>
				<ele>16.376525</ele>
				<time>2026-09-05T03:57:50Z</time>
			</trkpt>
			<trkpt lat="35.305328" lon="139.304140">
				<speed>5.990314</speed>
				<ele>16.231450</ele>
				<time>2026-09-05T03:57:51Z</time>
			</trkpt>
			<trkpt lat="35.305315" lon="139.304074">
				<speed>6.064591</speed>
				<ele>16.275968</ele>
				<time>2026-09-05T03:57:52Z</time>
			</trkpt>
			<trkpt lat="35.305303" lon="139.304008">
				<speed>6.087293</speed>
				<ele>16.223471</ele>
				<time>2026-09-05T03:57:53Z</time>
			</trkpt>
			<trkpt lat="35.305290" lon="139.303941">
				<speed>6.131416</speed>
				<ele>16.137370</ele>
				<time>2026-09-05T03:57:54Z</time>
			</trkpt>
			<trkpt lat="35.305277" lon="139.303875">
				<speed>5.929172</speed>
				<ele>16.247195</ele>
				<time>2026-09-05T03:57:55Z</time>
			</trkpt>
			<trkpt lat="35.305264" lon="139.303810">
				<speed>5.972448</speed>
				<ele>16.256017</ele>
				<time>2026-09-05T03:57:56Z</time>
			</trkpt>
			<trkpt lat="35.305251" lon="139.303744">
				<speed>6.129364</speed>
				<ele>16.081710</ele>
				<time>2026-09-05T03:57:57Z</time>
			</trkpt>
			<trkpt lat="35.305239" lon="139.303678">
				<speed>6.122501</speed>
				<ele>16.193968</ele>
				<time>2026-09-05T03:57:58Z</time>
			</trkpt>
			<trkpt lat="35.305226" lon="139.303612">
				<speed>5.963808</speed>
				<ele>16.247655</ele>
				<time>2026-09-05T03:57:59Z</time>
			</trkpt>
			<trkpt lat="35.305213" lon="139.303547">
				<speed>5.995051</speed>
				<ele>16.082198</ele>
				<time>2026-09-05T03:58:00Z</time>
			</trkpt>
			<trkpt lat="35.305200" lon="139.303483">
				<speed>5.943634</speed>
				<ele>16.234545</ele>
				<time>2026-09-05T03:58:01Z</time>
			</trkpt>
			<trkpt lat="35.305188" lon="139.303419">
				<speed>5.926585</speed>
				<ele>15.988446</ele>
				<time>2026-09-05T03:58:02Z</time>
			</trkpt>
			<trkpt lat="35.305175" lon="139.303354">
				<speed>6.254037</speed>
				<ele>15.942811</ele>
				<time>2026-09-05T03:58:03Z</time>
			</trkpt>
			<trkpt lat="35.305162" lon="139.303289">
				<speed>6.084771</speed>
				<ele>15.943117</ele>
				<time>2026-09-05T03:58:04Z</time>
			</trkpt>
			<trkpt lat="35.305149" lon="139.303223">
				<speed>6.215994</speed>
				<ele>15.791077</ele>
				<time>2026-09-05T03:58:05Z</time>
			</trkpt>
			<trkpt lat="35.305136" lon="139.303157">
				<speed>6.187565</speed>
				<ele>15.890565</ele>
				<time>2026-09-05T03:58:06Z</time>
			</trkpt>
			<trkpt lat="35.305123" lon="139.303091">
				<speed>6.219229</speed>
				<ele>15.840444</ele>
				<time>2026-09-05T03:58:07Z</time>
			</trkpt>
			<trkpt lat="35.305111" lon="139.303024">
				<speed>6.438524</speed>
				<ele>15.732395</ele>
				<time>2026-09-05T03:58:08Z</time>
			</trkpt>
			<trkpt lat="35.305101" lon="139.302956">
				<speed>6.313547</speed>
				<ele>16.250901</ele>
				<time>2026-09-05T03:58:09Z</time>
			</trkpt>
			<trkpt lat="35.305093" lon="139.302888">
				<speed>6.139527</speed>
				<ele>16.918261</ele>
				<time>2026-09-05T03:58:10Z</time>
			</trkpt>
			<trkpt lat="35.305087" lon="139.302822">
				<speed>5.520565</speed>
				<ele>17.147699</ele>
				<time>2026-09-05T03:58:11Z</time>
			</trkpt>
			<trkpt lat="35.305076" lon="139.302699">
				<speed>5.087578</speed>
				<ele>17.028503</ele>
				<time>2026-09-05T03:58:13Z</time>
			</trkpt>
			<trkpt lat="35.305059" lon="139.302583">
				<speed>5.331135</speed>
				<ele>16.867032</ele>
				<time>2026-09-05T03:58:15Z</time>
			</trkpt>
			<trkpt lat="35.305034" lon="139.302472">
				<speed>5.606420</speed>
				<ele>16.663179</ele>
				<time>2026-09-05T03:58:17Z</time>
			</trkpt>
			<trkpt lat="35.305000" lon="139.302357">
				<speed>6.422456</speed>
				<ele>16.402095</ele>
				<time>2026-09-05T03:58:19Z</time>
			</trkpt>
			<trkpt lat="35.304966" lon="139.302232">
				<speed>6.231461</speed>
				<ele>16.938747</ele>
				<time>2026-09-05T03:58:21Z</time>
			</trkpt>
			<trkpt lat="35.304949" lon="139.302169">
				<speed>6.059908</speed>
				<ele>17.224699</ele>
				<time>2026-09-05T03:58:22Z</time>
			</trkpt>
			<trkpt lat="35.304919" lon="139.302044">
				<speed>5.679276</speed>
				<ele>17.616808</ele>
				<time>2026-09-05T03:58:24Z</time>
			</trkpt>
			<trkpt lat="35.304892" lon="139.301923">
				<speed>5.226862</speed>
				<ele>17.973404</ele>
				<time>2026-09-05T03:58:26Z</time>
			</trkpt>
			<trkpt lat="35.304867" lon="139.301809">
				<speed>4.892726</speed>
				<ele>18.074485</ele>
				<time>2026-09-05T03:58:28Z</time>
			</trkpt>
			<trkpt lat="35.304844" lon="139.301702">
				<speed>4.905104</speed>
				<ele>18.107668</ele>
				<time>2026-09-05T03:58:30Z</time>
			</trkpt>
			<trkpt lat="35.304822" lon="139.301597">
				<speed>4.976538</speed>
				<ele>18.346966</ele>
				<time>2026-09-05T03:58:32Z</time>
			</trkpt>
			<trkpt lat="35.304801" lon="139.301494">
				<speed>4.925119</speed>
				<ele>18.216575</ele>
				<time>2026-09-05T03:58:34Z</time>
			</trkpt>
			<trkpt lat="35.304777" lon="139.301390">
				<speed>5.101221</speed>
				<ele>18.003064</ele>
				<time>2026-09-05T03:58:36Z</time>
			</trkpt>
			<trkpt lat="35.304753" lon="139.301286">
				<speed>5.102939</speed>
				<ele>18.069019</ele>
				<time>2026-09-05T03:58:38Z</time>
			</trkpt>
			<trkpt lat="35.304729" lon="139.301183">
				<speed>4.691135</speed>
				<ele>17.684705</ele>
				<time>2026-09-05T03:58:40Z</time>
			</trkpt>
			<trkpt lat="35.304705" lon="139.301084">
				<speed>4.575879</speed>
				<ele>17.611606</ele>
				<time>2026-09-05T03:58:42Z</time>
			</trkpt>
			<trkpt lat="35.304681" lon="139.300985">
				<speed>4.794242</speed>
				<ele>17.061711</ele>
				<time>2026-09-05T03:58:44Z</time>
			</trkpt>
			<trkpt lat="35.304656" lon="139.300884">
				<speed>5.355472</speed>
				<ele>16.512180</ele>
				<time>2026-09-05T03:58:46Z</time>
			</trkpt>
			<trkpt lat="35.304628" lon="139.300773">
				<speed>5.897325</speed>
				<ele>15.959191</ele>
				<time>2026-09-05T03:58:48Z</time>
			</trkpt>
			<trkpt lat="35.304595" lon="139.300656">
				<speed>5.755785</speed>
				<ele>16.141960</ele>
				<time>2026-09-05T03:58:50Z</time>
			</trkpt>
			<trkpt lat="35.304562" lon="139.300535">
				<speed>5.620252</speed>
				<ele>16.666309</ele>
				<time>2026-09-05T03:58:52Z</time>
			</trkpt>
			<trkpt lat="35.304531" lon="139.300414">
				<speed>5.318396</speed>
				<ele>17.062887</ele>
				<time>2026-09-05T03:58:54Z</time>
			</trkpt>
			<trkpt lat="35.304502" lon="139.300297">
				<speed>4.999173</speed>
				<ele>17.656319</ele>
				<time>2026-09-05T03:58:56Z</time>
			</trkpt>
			<trkpt lat="35.304473" lon="139.300185">
				<speed>5.150594</speed>
				<ele>18.008229</ele>
				<time>2026-09-05T03:58:58Z</time>
			</trkpt>
			<trkpt lat="35.304445" lon="139.300074">
				<speed>5.327076</speed>
				<ele>18.692581</ele>
				<time>2026-09-05T03:59:00Z</time>
			</trkpt>
			<trkpt lat="35.304415" lon="139.299962">
				<speed>5.249168</speed>
				<ele>19.317344</ele>
				<time>2026-09-05T03:59:02Z</time>
			</trkpt>
			<trkpt lat="35.304386" lon="139.299853">
				<speed>5.310500</speed>
				<ele>19.572904</ele>
				<time>2026-09-05T03:59:04Z</time>
			</trkpt>
			<trkpt lat="35.304355" lon="139.299743">
				<speed>5.409415</speed>
				<ele>19.531559</ele>
				<time>2026-09-05T03:59:06Z</time>
			</trkpt>
			<trkpt lat="35.304324" lon="139.299631">
				<speed>5.518054</speed>
				<ele>19.527121</ele>
				<time>2026-09-05T03:59:08Z</time>
			</trkpt>
			<trkpt lat="35.304293" lon="139.299517">
				<speed>5.508797</speed>
				<ele>19.965704</ele>
				<time>2026-09-05T03:59:10Z</time>
			</trkpt>
			<trkpt lat="35.304263" lon="139.299403">
				<speed>5.375440</speed>
				<ele>19.431712</ele>
				<time>2026-09-05T03:59:12Z</time>
			</trkpt>
			<trkpt lat="35.304233" lon="139.299287">
				<speed>5.839370</speed>
				<ele>19.616128</ele>
				<time>2026-09-05T03:59:14Z</time>
			</trkpt>
			<trkpt lat="35.304203" lon="139.299166">
				<speed>5.697266</speed>
				<ele>19.202955</ele>
				<time>2026-09-05T03:59:16Z</time>
			</trkpt>
			<trkpt lat="35.304174" lon="139.299045">
				<speed>5.581521</speed>
				<ele>19.025357</ele>
				<time>2026-09-05T03:59:18Z</time>
			</trkpt>
			<trkpt lat="35.304144" lon="139.298927">
				<speed>5.362760</speed>
				<ele>18.774420</ele>
				<time>2026-09-05T03:59:20Z</time>
			</trkpt>
			<trkpt lat="35.304115" lon="139.298812">
				<speed>5.114451</speed>
				<ele>18.623123</ele>
				<time>2026-09-05T03:59:22Z</time>
			</trkpt>
			<trkpt lat="35.304087" lon="139.298703">
				<speed>4.962102</speed>
				<ele>18.521324</ele>
				<time>2026-09-05T03:59:24Z</time>
			</trkpt>
			<trkpt lat="35.304059" lon="139.298599">
				<speed>4.950460</speed>
				<ele>18.063728</ele>
				<time>2026-09-05T03:59:26Z</time>
			</trkpt>
			<trkpt lat="35.304031" lon="139.298496">
				<speed>5.427946</speed>
				<ele>17.500316</ele>
				<time>2026-09-05T03:59:28Z</time>
			</trkpt>
			<trkpt lat="35.304002" lon="139.298386">
				<speed>5.903761</speed>
				<ele>15.949689</ele>
				<time>2026-09-05T03:59:30Z</time>
			</trkpt>
			<trkpt lat="35.303969" lon="139.298267">
				<speed>6.374949</speed>
				<ele>15.388286</ele>
				<time>2026-09-05T03:59:32Z</time>
			</trkpt>
			<trkpt lat="35.303952" lon="139.298204">
				<speed>6.356060</speed>
				<ele>15.521058</ele>
				<time>2026-09-05T03:59:33Z</time>
			</trkpt>
			<trkpt lat="35.303936" lon="139.298138">
				<speed>6.495720</speed>
				<ele>14.675251</ele>
				<time>2026-09-05T03:59:34Z</time>
			</trkpt>
			<trkpt lat="35.303920" lon="139.298071">
				<speed>6.311643</speed>
				<ele>15.011137</ele>
				<time>2026-09-05T03:59:35Z</time>
			</trkpt>
			<trkpt lat="35.303904" lon="139.298005">
				<speed>5.948729</speed>
				<ele>15.039325</ele>
				<time>2026-09-05T03:59:36Z</time>
			</trkpt>
			<trkpt lat="35.303887" lon="139.297940">
				<speed>5.734832</speed>
				<ele>15.194249</ele>
				<time>2026-09-05T03:59:37Z</time>
			</trkpt>
			<trkpt lat="35.303871" lon="139.297876">
				<speed>5.614538</speed>
				<ele>15.228100</ele>
				<time>2026-09-05T03:59:38Z</time>
			</trkpt>
			<trkpt lat="35.303840" lon="139.297752">
				<speed>5.712670</speed>
				<ele>15.193914</ele>
				<time>2026-09-05T03:59:40Z</time>
			</trkpt>
			<trkpt lat="35.303811" lon="139.297632">
				<speed>5.291701</speed>
				<ele>14.870019</ele>
				<time>2026-09-05T03:59:42Z</time>
			</trkpt>
			<trkpt lat="35.303784" lon="139.297521">
				<speed>4.910371</speed>
				<ele>15.609985</ele>
				<time>2026-09-05T03:59:44Z</time>
			</trkpt>
			<trkpt lat="35.303757" lon="139.297417">
				<speed>4.785740</speed>
				<ele>15.393473</ele>
				<time>2026-09-05T03:59:46Z</time>
			</trkpt>
			<trkpt lat="35.303730" lon="139.297318">
				<speed>4.862402</speed>
				<ele>15.004646</ele>
				<time>2026-09-05T03:59:48Z</time>
			</trkpt>
			<trkpt lat="35.303703" lon="139.297217">
				<speed>5.221422</speed>
				<ele>14.712875</ele>
				<time>2026-09-05T03:59:50Z</time>
			</trkpt>
			<trkpt lat="35.303679" lon="139.297111">
				<speed>5.545745</speed>
				<ele>14.350210</ele>
				<time>2026-09-05T03:59:52Z</time>
			</trkpt>
			<trkpt lat="35.303662" lon="139.296996">
				<speed>5.745606</speed>
				<ele>14.039084</ele>
				<time>2026-09-05T03:59:54Z</time>
			</trkpt>
			<trkpt lat="35.303657" lon="139.296882">
				<speed>4.722202</speed>
				<ele>14.749754</ele>
				<time>2026-09-05T03:59:56Z</time>
			</trkpt>
			<trkpt lat="35.303647" lon="139.296776">
				<speed>4.519326</speed>
				<ele>14.474926</ele>
				<time>2026-09-05T03:59:58Z</time>
			</trkpt>
			<trkpt lat="35.303619" lon="139.296692">
				<speed>4.429580</speed>
				<ele>15.616600</ele>
				<time>2026-09-05T04:00:00Z</time>
			</trkpt>
			<trkpt lat="35.303580" lon="139.296612">
				<speed>4.674035</speed>
				<ele>14.597634</ele>
				<time>2026-09-05T04:00:02Z</time>
			</trkpt>
			<trkpt lat="35.303540" lon="139.296526">
				<speed>5.043677</speed>
				<ele>14.557675</ele>
				<time>2026-09-05T04:00:04Z</time>
			</trkpt>
			<trkpt lat="35.303501" lon="139.296431">
				<speed>5.206138</speed>
				<ele>14.677074</ele>
				<time>2026-09-05T04:00:06Z</time>
			</trkpt>
			<trkpt lat="35.303466" lon="139.296327">
				<speed>5.485668</speed>
				<ele>14.373392</ele>
				<time>2026-09-05T04:00:08Z</time>
			</trkpt>
			<trkpt lat="35.303431" lon="139.296216">
				<speed>5.438971</speed>
				<ele>14.390684</ele>
				<time>2026-09-05T04:00:10Z</time>
			</trkpt>
			<trkpt lat="35.303398" lon="139.296099">
				<speed>5.707995</speed>
				<ele>14.518949</ele>
				<time>2026-09-05T04:00:12Z</time>
			</trkpt>
			<trkpt lat="35.303365" lon="139.295977">
				<speed>5.783579</speed>
				<ele>14.468434</ele>
				<time>2026-09-05T04:00:14Z</time>
			</trkpt>
			<trkpt lat="35.303333" lon="139.295854">
				<speed>5.819232</speed>
				<ele>14.283999</ele>
				<time>2026-09-05T04:00:16Z</time>
			</trkpt>
			<trkpt lat="35.303302" lon="139.295729">
				<speed>5.685506</speed>
				<ele>14.265512</ele>
				<time>2026-09-05T04:00:18Z</time>
			</trkpt>
			<trkpt lat="35.303269" lon="139.295605">
				<speed>5.792174</speed>
				<ele>14.078253</ele>
				<time>2026-09-05T04:00:20Z</time>
			</trkpt>
			<trkpt lat="35.303253" lon="139.295542">
				<speed>5.897565</speed>
				<ele>13.969125</ele>
				<time>2026-09-05T04:00:21Z</time>
			</trkpt>
			<trkpt lat="35.303220" lon="139.295416">
				<speed>5.871272</speed>
				<ele>14.100233</ele>
				<time>2026-09-05T04:00:23Z</time>
			</trkpt>
			<trkpt lat="35.303204" lon="139.295353">
				<speed>5.918954</speed>
				<ele>14.021322</ele>
				<time>2026-09-05T04:00:24Z</time>
			</trkpt>
			<trkpt lat="35.303188" lon="139.295290">
				<speed>5.855185</speed>
				<ele>14.114359</ele>
				<time>2026-09-05T04:00:25Z</time>
			</trkpt>
			<trkpt lat="35.303156" lon="139.295165">
				<speed>5.770517</speed>
				<ele>13.960057</ele>
				<time>2026-09-05T04:00:27Z</time>
			</trkpt>
			<trkpt lat="35.303124" lon="139.295039">
				<speed>5.991043</speed>
				<ele>13.825252</ele>
				<time>2026-09-05T04:00:29Z</time>
			</trkpt>
			<trkpt lat="35.303092" lon="139.294914">
				<speed>5.777194</speed>
				<ele>13.846945</ele>
				<time>2026-09-05T04:00:31Z</time>
			</trkpt>
			<trkpt lat="35.303060" lon="139.294791">
				<speed>5.808510</speed>
				<ele>13.889202</ele>
				<time>2026-09-05T04:00:33Z</time>
			</trkpt>
			<trkpt lat="35.303028" lon="139.294669">
				<speed>5.826633</speed>
				<ele>13.763012</ele>
				<time>2026-09-05T04:00:35Z</time>
			</trkpt>
			<trkpt lat="35.302996" lon="139.294548">
				<speed>5.650365</speed>
				<ele>13.849864</ele>
				<time>2026-09-05T04:00:37Z</time>
			</trkpt>
			<trkpt lat="35.302965" lon="139.294428">
				<speed>5.788544</speed>
				<ele>14.072761</ele>
				<time>2026-09-05T04:00:39Z</time>
			</trkpt>
			<trkpt lat="35.302934" lon="139.294306">
				<speed>5.831248</speed>
				<ele>13.734674</ele>
				<time>2026-09-05T04:00:41Z</time>
			</trkpt>
			<trkpt lat="35.302902" lon="139.294184">
				<speed>5.776119</speed>
				<ele>13.645419</ele>
				<time>2026-09-05T04:00:43Z</time>
			</trkpt>
			<trkpt lat="35.302870" lon="139.294061">
				<speed>5.871781</speed>
				<ele>13.298307</ele>
				<time>2026-09-05T04:00:45Z</time>
			</trkpt>
			<trkpt lat="35.302837" lon="139.293935">
				<speed>6.334386</speed>
				<ele>12.827638</ele>
				<time>2026-09-05T04:00:47Z</time>
			</trkpt>
			<trkpt lat="35.302821" lon="139.293870">
				<speed>6.381174</speed>
				<ele>12.755613</ele>
				<time>2026-09-05T04:00:48Z</time>
			</trkpt>
			<trkpt lat="35.302803" lon="139.293804">
				<speed>6.469087</speed>
				<ele>12.239938</ele>
				<time>2026-09-05T04:00:49Z</time>
			</trkpt>
			<trkpt lat="35.302786" lon="139.293739">
				<speed>6.120272</speed>
				<ele>12.544832</ele>
				<time>2026-09-05T04:00:50Z</time>
			</trkpt>
			<trkpt lat="35.302769" lon="139.293674">
				<speed>5.938450</speed>
				<ele>12.578322</ele>
				<time>2026-09-05T04:00:51Z</time>
			</trkpt>
			<trkpt lat="35.302752" lon="139.293610">
				<speed>6.102498</speed>
				<ele>12.890694</ele>
				<time>2026-09-05T04:00:52Z</time>
			</trkpt>
			<trkpt lat="35.302736" lon="139.293546">
				<speed>5.944499</speed>
				<ele>12.802258</ele>
				<time>2026-09-05T04:00:53Z</time>
			</trkpt>
			<trkpt lat="35.302703" lon="139.293423">
				<speed>5.378431</speed>
				<ele>13.344011</ele>
				<time>2026-09-05T04:00:55Z</time>
			</trkpt>
			<trkpt lat="35.302671" lon="139.293307">
				<speed>5.392070</speed>
				<ele>12.807480</ele>
				<time>2026-09-05T04:00:57Z</time>
			</trkpt>
			<trkpt lat="35.302640" lon="139.293193">
				<speed>5.421559</speed>
				<ele>12.764489</ele>
				<time>2026-09-05T04:00:59Z</time>
			</trkpt>
			<trkpt lat="35.302609" lon="139.293080">
				<speed>5.464723</speed>
				<ele>12.402341</ele>
				<time>2026-09-05T04:01:01Z</time>
			</trkpt>
			<trkpt lat="35.302581" lon="139.292967">
				<speed>5.460859</speed>
				<ele>10.903691</ele>
				<time>2026-09-05T04:01:03Z</time>
			</trkpt>
			<trkpt lat="35.302555" lon="139.292856">
				<speed>4.594336</speed>
				<ele>10.808829</ele>
				<time>2026-09-05T04:01:05Z</time>
			</trkpt>
			<trkpt lat="35.302530" lon="139.292763">
				<speed>3.707072</speed>
				<ele>10.743078</ele>
				<time>2026-09-05T04:01:07Z</time>
			</trkpt>
			<trkpt lat="35.302505" lon="139.292662">
				<speed>4.339740</speed>
				<ele>10.678590</ele>
				<time>2026-09-05T04:01:09Z</time>
			</trkpt>
			<trkpt lat="35.302487" lon="139.292589">
				<speed>4.653175</speed>
				<ele>10.484533</ele>
				<time>2026-09-05T04:01:11Z</time>
			</trkpt>
			<trkpt lat="35.302466" lon="139.292497">
				<speed>5.004225</speed>
				<ele>10.353258</ele>
				<time>2026-09-05T04:01:13Z</time>
			</trkpt>
			<trkpt lat="35.302444" lon="139.292397">
				<speed>5.311925</speed>
				<ele>10.110867</ele>
				<time>2026-09-05T04:01:15Z</time>
			</trkpt>
			<trkpt lat="35.302421" lon="139.292289">
				<speed>5.397267</speed>
				<ele>10.215552</ele>
				<time>2026-09-05T04:01:17Z</time>
			</trkpt>
			<trkpt lat="35.302397" lon="139.292174">
				<speed>5.741800</speed>
				<ele>9.566234</ele>
				<time>2026-09-05T04:01:19Z</time>
			</trkpt>
			<trkpt lat="35.302373" lon="139.292051">
				<speed>6.378193</speed>
				<ele>8.877335</ele>
				<time>2026-09-05T04:01:21Z</time>
			</trkpt>
			<trkpt lat="35.302361" lon="139.291984">
				<speed>6.561376</speed>
				<ele>8.766063</ele>
				<time>2026-09-05T04:01:22Z</time>
			</trkpt>
			<trkpt lat="35.302347" lon="139.291915">
				<speed>6.876025</speed>
				<ele>8.480829</ele>
				<time>2026-09-05T04:01:23Z</time>
			</trkpt>
			<trkpt lat="35.302334" lon="139.291843">
				<speed>6.983665</speed>
				<ele>8.680214</ele>
				<time>2026-09-05T04:01:24Z</time>
			</trkpt>
			<trkpt lat="35.302320" lon="139.291767">
				<speed>7.263270</speed>
				<ele>8.942863</ele>
				<time>2026-09-05T04:01:25Z</time>
			</trkpt>
			<trkpt lat="35.302306" lon="139.291691">
				<speed>6.923043</speed>
				<ele>9.597909</ele>
				<time>2026-09-05T04:01:26Z</time>
			</trkpt>
			<trkpt lat="35.302292" lon="139.291615">
				<speed>6.343394</speed>
				<ele>10.168795</ele>
				<time>2026-09-05T04:01:27Z</time>
			</trkpt>
			<trkpt lat="35.302278" lon="139.291543">
				<speed>5.691872</speed>
				<ele>10.426259</ele>
				<time>2026-09-05T04:01:28Z</time>
			</trkpt>
			<trkpt lat="35.302265" lon="139.291474">
				<speed>5.324602</speed>
				<ele>10.689524</ele>
				<time>2026-09-05T04:01:29Z</time>
			</trkpt>
			<trkpt lat="35.302253" lon="139.291409">
				<speed>5.019438</speed>
				<ele>10.804919</ele>
				<time>2026-09-05T04:01:30Z</time>
			</trkpt>
			<trkpt lat="35.302230" lon="139.291290">
				<speed>5.037318</speed>
				<ele>10.782277</ele>
				<time>2026-09-05T04:01:32Z</time>
			</trkpt>
			<trkpt lat="35.302206" lon="139.291178">
				<speed>5.133612</speed>
				<ele>10.559852</ele>
				<time>2026-09-05T04:01:34Z</time>
			</trkpt>
			<trkpt lat="35.302182" lon="139.291072">
				<speed>5.066236</speed>
				<ele>11.050225</ele>
				<time>2026-09-05T04:01:36Z</time>
			</trkpt>
			<trkpt lat="35.302154" lon="139.290970">
				<speed>5.019984</speed>
				<ele>11.258183</ele>
				<time>2026-09-05T04:01:38Z</time>
			</trkpt>
			<trkpt lat="35.302126" lon="139.290871">
				<speed>4.926950</speed>
				<ele>11.298121</ele>
				<time>2026-09-05T04:01:40Z</time>
			</trkpt>
			<trkpt lat="35.302096" lon="139.290773">
				<speed>4.720727</speed>
				<ele>11.474415</ele>
				<time>2026-09-05T04:01:42Z</time>
			</trkpt>
			<trkpt lat="35.302070" lon="139.290677">
				<speed>4.753039</speed>
				<ele>11.827909</ele>
				<time>2026-09-05T04:01:44Z</time>
			</trkpt>
			<trkpt lat="35.302045" lon="139.290579">
				<speed>4.744079</speed>
				<ele>11.966127</ele>
				<time>2026-09-05T04:01:46Z</time>
			</trkpt>
			<trkpt lat="35.302024" lon="139.290483">
				<speed>4.416755</speed>
				<ele>12.151176</ele>
				<time>2026-09-05T04:01:48Z</time>
			</trkpt>
			<trkpt lat="35.302007" lon="139.290389">
				<speed>4.236208</speed>
				<ele>12.094516</ele>
				<time>2026-09-05T04:01:50Z</time>
			</trkpt>
			<trkpt lat="35.301991" lon="139.290299">
				<speed>3.951696</speed>
				<ele>11.854833</ele>
				<time>2026-09-05T04:01:52Z</time>
			</trkpt>
			<trkpt lat="35.301976" lon="139.290213">
				<speed>3.958901</speed>
				<ele>11.420642</ele>
				<time>2026-09-05T04:01:54Z</time>
			</trkpt>
			<trkpt lat="35.301960" lon="139.290127">
				<speed>4.469753</speed>
				<ele>10.421894</ele>
				<time>2026-09-05T04:01:56Z</time>
			</trkpt>
			<trkpt lat="35.301939" lon="139.290031">
				<speed>5.840287</speed>
				<ele>10.064931</ele>
				<time>2026-09-05T04:01:58Z</time>
			</trkpt>
			<trkpt lat="35.301914" lon="139.289922">
				<speed>5.510373</speed>
				<ele>10.559420</ele>
				<time>2026-09-05T04:02:00Z</time>
			</trkpt>
			<trkpt lat="35.301889" lon="139.289808">
				<speed>5.256557</speed>
				<ele>10.986290</ele>
				<time>2026-09-05T04:02:02Z</time>
			</trkpt>
			<trkpt lat="35.301864" lon="139.289692">
				<speed>5.332627</speed>
				<ele>11.192870</ele>
				<time>2026-09-05T04:02:04Z</time>
			</trkpt>
			<trkpt lat="35.301839" lon="139.289574">
				<speed>5.434121</speed>
				<ele>11.139056</ele>
				<time>2026-09-05T04:02:06Z</time>
			</trkpt>
			<trkpt lat="35.301810" lon="139.289455">
				<speed>5.443895</speed>
				<ele>10.942608</ele>
				<time>2026-09-05T04:02:08Z</time>
			</trkpt>
			<trkpt lat="35.301779" lon="139.289335">
				<speed>5.749401</speed>
				<ele>11.125613</ele>
				<time>2026-09-05T04:02:10Z</time>
			</trkpt>
			<trkpt lat="35.301749" lon="139.289211">
				<speed>6.027683</speed>
				<ele>11.199146</ele>
				<time>2026-09-05T04:02:12Z</time>
			</trkpt>
			<trkpt lat="35.301719" lon="139.289084">
				<speed>6.093963</speed>
				<ele>11.190898</ele>
				<time>2026-09-05T04:02:14Z</time>
			</trkpt>
			<trkpt lat="35.301705" lon="139.289020">
				<speed>5.832869</speed>
				<ele>11.251691</ele>
				<time>2026-09-05T04:02:15Z</time>
			</trkpt>
			<trkpt lat="35.301677" lon="139.288892">
				<speed>5.931382</speed>
				<ele>11.454355</ele>
				<time>2026-09-05T04:02:17Z</time>
			</trkpt>
			<trkpt lat="35.301666" lon="139.288827">
				<speed>5.896112</speed>
				<ele>11.510846</ele>
				<time>2026-09-05T04:02:18Z</time>
			</trkpt>
			<trkpt lat="35.301656" lon="139.288761">
				<speed>6.152745</speed>
				<ele>11.479943</ele>
				<time>2026-09-05T04:02:19Z</time>
			</trkpt>
			<trkpt lat="35.301647" lon="139.288694">
				<speed>6.170460</speed>
				<ele>11.449791</ele>
				<time>2026-09-05T04:02:20Z</time>
			</trkpt>
			<trkpt lat="35.301636" lon="139.288626">
				<speed>6.319783</speed>
				<ele>11.575447</ele>
				<time>2026-09-05T04:02:21Z</time>
			</trkpt>
			<trkpt lat="35.301626" lon="139.288557">
				<speed>6.397556</speed>
				<ele>11.393877</ele>
				<time>2026-09-05T04:02:22Z</time>
			</trkpt>
			<trkpt lat="35.301615" lon="139.288488">
				<speed>6.262513</speed>
				<ele>11.278180</ele>
				<time>2026-09-05T04:02:23Z</time>
			</trkpt>
			<trkpt lat="35.301606" lon="139.288419">
				<speed>6.321638</speed>
				<ele>11.339114</ele>
				<time>2026-09-05T04:02:24Z</time>
			</trkpt>
			<trkpt lat="35.301596" lon="139.288349">
				<speed>6.225143</speed>
				<ele>11.380566</ele>
				<time>2026-09-05T04:02:25Z</time>
			</trkpt>
			<trkpt lat="35.301587" lon="139.288280">
				<speed>6.257240</speed>
				<ele>11.322074</ele>
				<time>2026-09-05T04:02:26Z</time>
			</trkpt>
			<trkpt lat="35.301578" lon="139.288211">
				<speed>6.216749</speed>
				<ele>11.306863</ele>
				<time>2026-09-05T04:02:27Z</time>
			</trkpt>
			<trkpt lat="35.301569" lon="139.288142">
				<speed>6.268000</speed>
				<ele>11.273153</ele>
				<time>2026-09-05T04:02:28Z</time>
			</trkpt>
			<trkpt lat="35.301561" lon="139.288073">
				<speed>6.223958</speed>
				<ele>11.256607</ele>
				<time>2026-09-05T04:02:29Z</time>
			</trkpt>
			<trkpt lat="35.301553" lon="139.288004">
				<speed>6.139570</speed>
				<ele>11.352200</ele>
				<time>2026-09-05T04:02:30Z</time>
			</trkpt>
			<trkpt lat="35.301545" lon="139.287936">
				<speed>6.229007</speed>
				<ele>11.214076</ele>
				<time>2026-09-05T04:02:31Z</time>
			</trkpt>
			<trkpt lat="35.301538" lon="139.287868">
				<speed>6.214060</speed>
				<ele>11.174389</ele>
				<time>2026-09-05T04:02:32Z</time>
			</trkpt>
			<trkpt lat="35.301532" lon="139.287800">
				<speed>6.133390</speed>
				<ele>11.054939</ele>
				<time>2026-09-05T04:02:33Z</time>
			</trkpt>
			<trkpt lat="35.301527" lon="139.287732">
				<speed>6.165972</speed>
				<ele>11.045247</ele>
				<time>2026-09-05T04:02:34Z</time>
			</trkpt>
			<trkpt lat="35.301523" lon="139.287664">
				<speed>6.152421</speed>
				<ele>10.980875</ele>
				<time>2026-09-05T04:02:35Z</time>
			</trkpt>
			<trkpt lat="35.301523" lon="139.287597">
				<speed>6.051195</speed>
				<ele>11.038125</ele>
				<time>2026-09-05T04:02:36Z</time>
			</trkpt>
			<trkpt lat="35.301526" lon="139.287531">
				<speed>6.020335</speed>
				<ele>11.099755</ele>
				<time>2026-09-05T04:02:37Z</time>
			</trkpt>
			<trkpt lat="35.301539" lon="139.287401">
				<speed>5.625614</speed>
				<ele>11.109477</ele>
				<time>2026-09-05T04:02:39Z</time>
			</trkpt>
			<trkpt lat="35.301561" lon="139.287279">
				<speed>5.176788</speed>
				<ele>11.100364</ele>
				<time>2026-09-05T04:02:41Z</time>
			</trkpt>
			<trkpt lat="35.301583" lon="139.287166">
				<speed>4.740483</speed>
				<ele>10.985360</ele>
				<time>2026-09-05T04:02:43Z</time>
			</trkpt>
			<trkpt lat="35.301608" lon="139.287065">
				<speed>4.364736</speed>
				<ele>10.491069</ele>
				<time>2026-09-05T04:02:45Z</time>
			</trkpt>
			<trkpt lat="35.301643" lon="139.286978">
				<speed>4.431304</speed>
				<ele>9.865830</ele>
				<time>2026-09-05T04:02:47Z</time>
			</trkpt>
			<trkpt lat="35.301693" lon="139.286905">
				<speed>4.643020</speed>
				<ele>9.768136</ele>
				<time>2026-09-05T04:02:49Z</time>
			</trkpt>
			<trkpt lat="35.301756" lon="139.286847">
				<speed>4.707036</speed>
				<ele>9.347137</ele>
				<time>2026-09-05T04:02:51Z</time>
			</trkpt>
			<trkpt lat="35.301828" lon="139.286796">
				<speed>4.397605</speed>
				<ele>9.225970</ele>
				<time>2026-09-05T04:02:53Z</time>
			</trkpt>
			<trkpt lat="35.301903" lon="139.286753">
				<speed>4.299876</speed>
				<ele>9.332894</ele>
				<time>2026-09-05T04:02:55Z</time>
			</trkpt>
			<trkpt lat="35.301984" lon="139.286737">
				<speed>4.695998</speed>
				<ele>9.463056</ele>
				<time>2026-09-05T04:02:57Z</time>
			</trkpt>
			<trkpt lat="35.302063" lon="139.286758">
				<speed>4.497829</speed>
				<ele>9.316784</ele>
				<time>2026-09-05T04:02:59Z</time>
			</trkpt>
			<trkpt lat="35.302131" lon="139.286811">
				<speed>4.214469</speed>
				<ele>9.820627</ele>
				<time>2026-09-05T04:03:01Z</time>
			</trkpt>
			<trkpt lat="35.302196" lon="139.286871">
				<speed>3.664027</speed>
				<ele>10.982789</ele>
				<time>2026-09-05T04:03:03Z</time>
			</trkpt>
			<trkpt lat="35.302261" lon="139.286905">
				<speed>4.147482</speed>
				<ele>11.795581</ele>
				<time>2026-09-05T04:03:05Z</time>
			</trkpt>
			<trkpt lat="35.302319" lon="139.286898">
				<speed>4.363565</speed>
				<ele>12.471416</ele>
				<time>2026-09-05T04:03:07Z</time>
			</trkpt>
			<trkpt lat="35.302363" lon="139.286853">
				<speed>4.645228</speed>
				<ele>13.089071</ele>
				<time>2026-09-05T04:03:09Z</time>
			</trkpt>
			<trkpt lat="35.302392" lon="139.286771">
				<speed>5.169034</speed>
				<ele>13.565603</ele>
				<time>2026-09-05T04:03:11Z</time>
			</trkpt>
			<trkpt lat="35.302400" lon="139.286659">
				<speed>4.982848</speed>
				<ele>14.423375</ele>
				<time>2026-09-05T04:03:13Z</time>
			</trkpt>
			<trkpt lat="35.302385" lon="139.286537">
				<speed>5.040989</speed>
				<ele>14.357520</ele>
				<time>2026-09-05T04:03:15Z</time>
			</trkpt>
			<trkpt lat="35.302354" lon="139.286414">
				<speed>4.791921</speed>
				<ele>14.394613</ele>
				<time>2026-09-05T04:03:17Z</time>
			</trkpt>
			<trkpt lat="35.302315" lon="139.286294">
				<speed>4.720877</speed>
				<ele>14.286388</ele>
				<time>2026-09-05T04:03:19Z</time>
			</trkpt>
			<trkpt lat="35.302276" lon="139.286178">
				<speed>4.755780</speed>
				<ele>14.301823</ele>
				<time>2026-09-05T04:03:21Z</time>
			</trkpt>
			<trkpt lat="35.302246" lon="139.286063">
				<speed>4.932099</speed>
				<ele>13.799911</ele>
				<time>2026-09-05T04:03:23Z</time>
			</trkpt>
			<trkpt lat="35.302235" lon="139.285943">
				<speed>6.431612</speed>
				<ele>12.434228</ele>
				<time>2026-09-05T04:03:25Z</time>
			</trkpt>
			<trkpt lat="35.302242" lon="139.285813">
				<speed>6.557623</speed>
				<ele>11.686161</ele>
				<time>2026-09-05T04:03:27Z</time>
			</trkpt>
			<trkpt lat="35.302251" lon="139.285743">
				<speed>6.818877</speed>
				<ele>11.169336</ele>
				<time>2026-09-05T04:03:28Z</time>
			</trkpt>
			<trkpt lat="35.302263" lon="139.285670">
				<speed>7.108845</speed>
				<ele>10.942011</ele>
				<time>2026-09-05T04:03:29Z</time>
			</trkpt>
			<trkpt lat="35.302277" lon="139.285594">
				<speed>7.255635</speed>
				<ele>10.509483</ele>
				<time>2026-09-05T04:03:30Z</time>
			</trkpt>
			<trkpt lat="35.302293" lon="139.285515">
				<speed>7.561392</speed>
				<ele>9.818508</ele>
				<time>2026-09-05T04:03:31Z</time>
			</trkpt>
			<trkpt lat="35.302311" lon="139.285433">
				<speed>8.049951</speed>
				<ele>9.304964</ele>
				<time>2026-09-05T04:03:32Z</time>
			</trkpt>
			<trkpt lat="35.302331" lon="139.285347">
				<speed>8.417706</speed>
				<ele>8.799563</ele>
				<time>2026-09-05T04:03:33Z</time>
			</trkpt>
			<trkpt lat="35.302349" lon="139.285256">
				<speed>8.690159</speed>
				<ele>8.773219</ele>
				<time>2026-09-05T04:03:34Z</time>
			</trkpt>
			<trkpt lat="35.302365" lon="139.285162">
				<speed>8.813192</speed>
				<ele>8.967875</ele>
				<time>2026-09-05T04:03:35Z</time>
			</trkpt>
			<trkpt lat="35.302376" lon="139.285065">
				<speed>8.753169</speed>
				<ele>9.192625</ele>
				<time>2026-09-05T04:03:36Z</time>
			</trkpt>
			<trkpt lat="35.302382" lon="139.284967">
				<speed>8.693746</speed>
				<ele>9.154902</ele>
				<time>2026-09-05T04:03:37Z</time>
			</trkpt>
			<trkpt lat="35.302382" lon="139.284869">
				<speed>8.567896</speed>
				<ele>9.347745</ele>
				<time>2026-09-05T04:03:38Z</time>
			</trkpt>
			<trkpt lat="35.302378" lon="139.284771">
				<speed>8.409223</speed>
				<ele>9.310145</ele>
				<time>2026-09-05T04:03:39Z</time>
			</trkpt>
			<trkpt lat="35.302370" lon="139.284674">
				<speed>8.293966</speed>
				<ele>9.385430</ele>
				<time>2026-09-05T04:03:40Z</time>
			</trkpt>
			<trkpt lat="35.302360" lon="139.284579">
				<speed>8.074508</speed>
				<ele>9.520170</ele>
				<time>2026-09-05T04:03:41Z</time>
			</trkpt>
			<trkpt lat="35.302348" lon="139.284485">
				<speed>7.941147</speed>
				<ele>9.523973</ele>
				<time>2026-09-05T04:03:42Z</time>
			</trkpt>
			<trkpt lat="35.302336" lon="139.284393">
				<speed>7.743303</speed>
				<ele>9.431961</ele>
				<time>2026-09-05T04:03:43Z</time>
			</trkpt>
			<trkpt lat="35.302324" lon="139.284304">
				<speed>7.593960</speed>
				<ele>9.381027</ele>
				<time>2026-09-05T04:03:44Z</time>
			</trkpt>
			<trkpt lat="35.302312" lon="139.284217">
				<speed>7.410490</speed>
				<ele>9.692398</ele>
				<time>2026-09-05T04:03:45Z</time>
			</trkpt>
			<trkpt lat="35.302300" lon="139.284133">
				<speed>7.352285</speed>
				<ele>9.666566</ele>
				<time>2026-09-05T04:03:46Z</time>
			</trkpt>
			<trkpt lat="35.302288" lon="139.284051">
				<speed>7.254728</speed>
				<ele>10.282708</ele>
				<time>2026-09-05T04:03:47Z</time>
			</trkpt>
			<trkpt lat="35.302275" lon="139.283970">
				<speed>7.312310</speed>
				<ele>10.294617</ele>
				<time>2026-09-05T04:03:48Z</time>
			</trkpt>
			<trkpt lat="35.302261" lon="139.283891">
				<speed>7.218281</speed>
				<ele>10.155795</ele>
				<time>2026-09-05T04:03:49Z</time>
			</trkpt>
			<trkpt lat="35.302248" lon="139.283814">
				<speed>7.016143</speed>
				<ele>10.187942</ele>
				<time>2026-09-05T04:03:50Z</time>
			</trkpt>
			<trkpt lat="35.302235" lon="139.283739">
				<speed>6.953299</speed>
				<ele>10.440227</ele>
				<time>2026-09-05T04:03:51Z</time>
			</trkpt>
			<trkpt lat="35.302222" lon="139.283665">
				<speed>6.861573</speed>
				<ele>10.440102</ele>
				<time>2026-09-05T04:03:52Z</time>
			</trkpt>
			<trkpt lat="35.302209" lon="139.283592">
				<speed>6.850749</speed>
				<ele>10.467591</ele>
				<time>2026-09-05T04:03:53Z</time>
			</trkpt>
			<trkpt lat="35.302195" lon="139.283519">
				<speed>6.923751</speed>
				<ele>10.592232</ele>
				<time>2026-09-05T04:03:54Z</time>
			</trkpt>
			<trkpt lat="35.302182" lon="139.283447">
				<speed>7.043256</speed>
				<ele>10.480335</ele>
				<time>2026-09-05T04:03:55Z</time>
			</trkpt>
			<trkpt lat="35.302168" lon="139.283374">
				<speed>6.935346</speed>
				<ele>10.587267</ele>
				<time>2026-09-05T04:03:56Z</time>
			</trkpt>
			<trkpt lat="35.302153" lon="139.283302">
				<speed>7.075978</speed>
				<ele>10.654313</ele>
				<time>2026-09-05T04:03:57Z</time>
			</trkpt>
			<trkpt lat="35.302137" lon="139.283230">
				<speed>7.086770</speed>
				<ele>10.715486</ele>
				<time>2026-09-05T04:03:58Z</time>
			</trkpt>
			<trkpt lat="35.302121" lon="139.283157">
				<speed>7.164873</speed>
				<ele>10.811308</ele>
				<time>2026-09-05T04:03:59Z</time>
			</trkpt>
			<trkpt lat="35.302103" lon="139.283084">
				<speed>7.164953</speed>
				<ele>10.939245</ele>
				<time>2026-09-05T04:04:00Z</time>
			</trkpt>
			<trkpt lat="35.302086" lon="139.283011">
				<speed>7.147384</speed>
				<ele>10.969941</ele>
				<time>2026-09-05T04:04:01Z</time>
			</trkpt>
			<trkpt lat="35.302070" lon="139.282937">
				<speed>7.028043</speed>
				<ele>10.998922</ele>
				<time>2026-09-05T04:04:02Z</time>
			</trkpt>
			<trkpt lat="35.302054" lon="139.282863">
				<speed>6.972987</speed>
				<ele>11.025914</ele>
				<time>2026-09-05T04:04:03Z</time>
			</trkpt>
			<trkpt lat="35.302039" lon="139.282789">
				<speed>6.859841</speed>
				<ele>11.425270</ele>
				<time>2026-09-05T04:04:04Z</time>
			</trkpt>
			<trkpt lat="35.302024" lon="139.282716">
				<speed>6.657173</speed>
				<ele>12.055536</ele>
				<time>2026-09-05T04:04:05Z</time>
			</trkpt>
			<trkpt lat="35.302009" lon="139.282645">
				<speed>6.154360</speed>
				<ele>12.512966</ele>
				<time>2026-09-05T04:04:06Z</time>
			</trkpt>
			<trkpt lat="35.301995" lon="139.282576">
				<speed>5.770697</speed>
				<ele>12.929618</ele>
				<time>2026-09-05T04:04:07Z</time>
			</trkpt>
			<trkpt lat="35.301983" lon="139.282511">
				<speed>5.602663</speed>
				<ele>13.452622</ele>
				<time>2026-09-05T04:04:08Z</time>
			</trkpt>
			<trkpt lat="35.301964" lon="139.282385">
				<speed>5.302633</speed>
				<ele>14.967741</ele>
				<time>2026-09-05T04:04:10Z</time>
			</trkpt>
			<trkpt lat="35.301952" lon="139.282268">
				<speed>5.121319</speed>
				<ele>16.222578</ele>
				<time>2026-09-05T04:04:12Z</time>
			</trkpt>
			<trkpt lat="35.301944" lon="139.282157">
				<speed>4.858260</speed>
				<ele>17.247343</ele>
				<time>2026-09-05T04:04:14Z</time>
			</trkpt>
			<trkpt lat="35.301940" lon="139.282052">
				<speed>4.714434</speed>
				<ele>17.706021</ele>
				<time>2026-09-05T04:04:16Z</time>
			</trkpt>
			<trkpt lat="35.301937" lon="139.281950">
				<speed>4.695255</speed>
				<ele>18.428716</ele>
				<time>2026-09-05T04:04:18Z</time>
			</trkpt>
			<trkpt lat="35.301935" lon="139.281851">
				<speed>4.475298</speed>
				<ele>18.959925</ele>
				<time>2026-09-05T04:04:20Z</time>
			</trkpt>
			<trkpt lat="35.301933" lon="139.281758">
				<speed>4.151139</speed>
				<ele>18.588685</ele>
				<time>2026-09-05T04:04:22Z</time>
			</trkpt>
			<trkpt lat="35.301931" lon="139.281671">
				<speed>3.564857</speed>
				<ele>18.604627</ele>
				<time>2026-09-05T04:04:24Z</time>
			</trkpt>
			<trkpt lat="35.301928" lon="139.281590">
				<speed>3.411057</speed>
				<ele>19.165790</ele>
				<time>2026-09-05T04:04:26Z</time>
			</trkpt>
			<trkpt lat="35.301929" lon="139.281515">
				<speed>3.335163</speed>
				<ele>19.092331</ele>
				<time>2026-09-05T04:04:28Z</time>
			</trkpt>
			<trkpt lat="35.301937" lon="139.281444">
				<speed>3.694157</speed>
				<ele>19.084371</ele>
				<time>2026-09-05T04:04:30Z</time>
			</trkpt>
			<trkpt lat="35.301950" lon="139.281368">
				<speed>4.077738</speed>
				<ele>19.094092</ele>
				<time>2026-09-05T04:04:32Z</time>
			</trkpt>
			<trkpt lat="35.301962" lon="139.281284">
				<speed>4.518325</speed>
				<ele>18.900324</ele>
				<time>2026-09-05T04:04:34Z</time>
			</trkpt>
			<trkpt lat="35.301969" lon="139.281190">
				<speed>4.763194</speed>
				<ele>18.710563</ele>
				<time>2026-09-05T04:04:36Z</time>
			</trkpt>
			<trkpt lat="35.301969" lon="139.281088">
				<speed>4.785344</speed>
				<ele>18.820308</ele>
				<time>2026-09-05T04:04:38Z</time>
			</trkpt>
			<trkpt lat="35.301960" lon="139.280984">
				<speed>4.782425</speed>
				<ele>18.600563</ele>
				<time>2026-09-05T04:04:40Z</time>
			</trkpt>
			<trkpt lat="35.301945" lon="139.280877">
				<speed>4.798996</speed>
				<ele>18.580677</ele>
				<time>2026-09-05T04:04:42Z</time>
			</trkpt>
			<trkpt lat="35.301929" lon="139.280768">
				<speed>4.880734</speed>
				<ele>18.807903</ele>
				<time>2026-09-05T04:04:44Z</time>
			</trkpt>
			<trkpt lat="35.301911" lon="139.280660">
				<speed>4.944060</speed>
				<ele>18.641522</ele>
				<time>2026-09-05T04:04:46Z</time>
			</trkpt>
			<trkpt lat="35.301892" lon="139.280550">
				<speed>5.175588</speed>
				<ele>18.773319</ele>
				<time>2026-09-05T04:04:48Z</time>
			</trkpt>
			<trkpt lat="35.301873" lon="139.280437">
				<speed>5.299191</speed>
				<ele>19.007745</ele>
				<time>2026-09-05T04:04:50Z</time>
			</trkpt>
			<trkpt lat="35.301852" lon="139.280320">
				<speed>5.613957</speed>
				<ele>18.893026</ele>
				<time>2026-09-05T04:04:52Z</time>
			</trkpt>
			<trkpt lat="35.301820" lon="139.280203">
				<speed>5.695532</speed>
				<ele>19.033673</ele>
				<time>2026-09-05T04:04:54Z</time>
			</trkpt>
			<trkpt lat="35.301771" lon="139.280095">
				<speed>5.768148</speed>
				<ele>19.227327</ele>
				<time>2026-09-05T04:04:56Z</time>
			</trkpt>
			<trkpt lat="35.301704" lon="139.280000">
				<speed>5.692239</speed>
				<ele>19.688339</ele>
				<time>2026-09-05T04:04:58Z</time>
			</trkpt>
			<trkpt lat="35.301625" lon="139.279916">
				<speed>5.731934</speed>
				<ele>19.729834</ele>
				<time>2026-09-05T04:05:00Z</time>
			</trkpt>
			<trkpt lat="35.301537" lon="139.279837">
				<speed>5.795019</speed>
				<ele>19.844771</ele>
				<time>2026-09-05T04:05:02Z</time>
			</trkpt>
			<trkpt lat="35.301495" lon="139.279796">
				<speed>5.752423</speed>
				<ele>19.905845</ele>
				<time>2026-09-05T04:05:03Z</time>
			</trkpt>
			<trkpt lat="35.301427" lon="139.279703">
				<speed>5.699302</speed>
				<ele>19.995030</ele>
				<time>2026-09-05T04:05:05Z</time>
			</trkpt>
			<trkpt lat="35.301381" lon="139.279596">
				<speed>5.933766</speed>
				<ele>20.090741</ele>
				<time>2026-09-05T04:05:07Z</time>
			</trkpt>
			<trkpt lat="35.301353" lon="139.279475">
				<speed>6.167082</speed>
				<ele>20.288532</ele>
				<time>2026-09-05T04:05:09Z</time>
			</trkpt>
			<trkpt lat="35.301351" lon="139.279344">
				<speed>5.929435</speed>
				<ele>20.505650</ele>
				<time>2026-09-05T04:05:11Z</time>
			</trkpt>
			<trkpt lat="35.301393" lon="139.279243">
				<speed>5.539795</speed>
				<ele>20.273240</ele>
				<time>2026-09-05T04:05:13Z</time>
			</trkpt>
			<trkpt lat="35.301463" lon="139.279214">
				<speed>5.933422</speed>
				<ele>19.768279</ele>
				<time>2026-09-05T04:05:15Z</time>
			</trkpt>
			<trkpt lat="35.301549" lon="139.279249">
				<speed>6.183912</speed>
				<ele>18.416783</ele>
				<time>2026-09-05T04:05:17Z</time>
			</trkpt>
			<trkpt lat="35.301592" lon="139.279290">
				<speed>6.798491</speed>
				<ele>17.838501</ele>
				<time>2026-09-05T04:05:18Z</time>
			</trkpt>
			<trkpt lat="35.301635" lon="139.279347">
				<speed>7.418601</speed>
				<ele>16.855649</ele>
				<time>2026-09-05T04:05:19Z</time>
			</trkpt>
			<trkpt lat="35.301678" lon="139.279417">
				<speed>7.748826</speed>
				<ele>16.115058</ele>
				<time>2026-09-05T04:05:20Z</time>
			</trkpt>
			<trkpt lat="35.301719" lon="139.279496">
				<speed>7.417789</speed>
				<ele>15.474929</ele>
				<time>2026-09-05T04:05:21Z</time>
			</trkpt>
			<trkpt lat="35.301759" lon="139.279580">
				<speed>7.212846</speed>
				<ele>14.513866</ele>
				<time>2026-09-05T04:05:22Z</time>
			</trkpt>
			<trkpt lat="35.301799" lon="139.279665">
				<speed>6.932843</speed>
				<ele>13.604848</ele>
				<time>2026-09-05T04:05:23Z</time>
			</trkpt>
			<trkpt lat="35.301843" lon="139.279744">
				<speed>6.622337</speed>
				<ele>12.355757</ele>
				<time>2026-09-05T04:05:24Z</time>
			</trkpt>
			<trkpt lat="35.301894" lon="139.279810">
				<speed>7.375779</speed>
				<ele>11.346175</ele>
				<time>2026-09-05T04:05:25Z</time>
			</trkpt>
			<trkpt lat="35.301952" lon="139.279862">
				<speed>8.465434</speed>
				<ele>10.309903</ele>
				<time>2026-09-05T04:05:26Z</time>
			</trkpt>
			<trkpt lat="35.302015" lon="139.279903">
				<speed>8.269519</speed>
				<ele>10.196786</ele>
				<time>2026-09-05T04:05:27Z</time>
			</trkpt>
			<trkpt lat="35.302083" lon="139.279932">
				<speed>7.820246</speed>
				<ele>10.665276</ele>
				<time>2026-09-05T04:05:28Z</time>
			</trkpt>
			<trkpt lat="35.302151" lon="139.279952">
				<speed>6.706689</speed>
				<ele>10.560893</ele>
				<time>2026-09-05T04:05:29Z</time>
			</trkpt>
			<trkpt lat="35.302216" lon="139.279963">
				<speed>5.639258</speed>
				<ele>10.421392</ele>
				<time>2026-09-05T04:05:30Z</time>
			</trkpt>
			<trkpt lat="35.302278" lon="139.279967">
				<speed>5.295531</speed>
				<ele>10.303426</ele>
				<time>2026-09-05T04:05:31Z</time>
			</trkpt>
			<trkpt lat="35.302338" lon="139.279965">
				<speed>5.621870</speed>
				<ele>10.389489</ele>
				<time>2026-09-05T04:05:32Z</time>
			</trkpt>
			<trkpt lat="35.302396" lon="139.279961">
				<speed>5.821944</speed>
				<ele>10.352453</ele>
				<time>2026-09-05T04:05:33Z</time>
			</trkpt>
			<trkpt lat="35.302454" lon="139.279954">
				<speed>5.793987</speed>
				<ele>10.745245</ele>
				<time>2026-09-05T04:05:34Z</time>
			</trkpt>
			<trkpt lat="35.302509" lon="139.279946">
				<speed>5.738568</speed>
				<ele>11.161059</ele>
				<time>2026-09-05T04:05:35Z</time>
			</trkpt>
			<trkpt lat="35.302564" lon="139.279937">
				<speed>5.722038</speed>
				<ele>11.360833</ele>
				<time>2026-09-05T04:05:36Z</time>
			</trkpt>
			<trkpt lat="35.302669" lon="139.279918">
				<speed>5.617128</speed>
				<ele>11.476181</ele>
				<time>2026-09-05T04:05:38Z</time>
			</trkpt>
			<trkpt lat="35.302773" lon="139.279899">
				<speed>5.753978</speed>
				<ele>11.254172</ele>
				<time>2026-09-05T04:05:40Z</time>
			</trkpt>
			<trkpt lat="35.302875" lon="139.279881">
				<speed>5.756488</speed>
				<ele>11.401461</ele>
				<time>2026-09-05T04:05:42Z</time>
			</trkpt>
			<trkpt lat="35.302977" lon="139.279867">
				<speed>5.506510</speed>
				<ele>11.542952</ele>
				<time>2026-09-05T04:05:44Z</time>
			</trkpt>
			<trkpt lat="35.303073" lon="139.279858">
				<speed>5.018747</speed>
				<ele>12.017388</ele>
				<time>2026-09-05T04:05:46Z</time>
			</trkpt>
			<trkpt lat="35.303162" lon="139.279853">
				<speed>4.659392</speed>
				<ele>12.493827</ele>
				<time>2026-09-05T04:05:48Z</time>
			</trkpt>
			<trkpt lat="35.303247" lon="139.279851">
				<speed>4.910649</speed>
				<ele>12.914247</ele>
				<time>2026-09-05T04:05:50Z</time>
			</trkpt>
			<trkpt lat="35.303332" lon="139.279849">
				<speed>5.156533</speed>
				<ele>13.750865</ele>
				<time>2026-09-05T04:05:52Z</time>
			</trkpt>
			<trkpt lat="35.303421" lon="139.279846">
				<speed>5.435379</speed>
				<ele>13.985440</ele>
				<time>2026-09-05T04:05:54Z</time>
			</trkpt>
			<trkpt lat="35.303512" lon="139.279844">
				<speed>5.479359</speed>
				<ele>14.521982</ele>
				<time>2026-09-05T04:05:56Z</time>
			</trkpt>
			<trkpt lat="35.303609" lon="139.279842">
				<speed>5.970502</speed>
				<ele>14.786529</ele>
				<time>2026-09-05T04:05:58Z</time>
			</trkpt>
			<trkpt lat="35.303711" lon="139.279841">
				<speed>5.289123</speed>
				<ele>15.630808</ele>
				<time>2026-09-05T04:06:00Z</time>
			</trkpt>
			<trkpt lat="35.303807" lon="139.279839">
				<speed>4.604452</speed>
				<ele>15.841900</ele>
				<time>2026-09-05T04:06:02Z</time>
			</trkpt>
			<trkpt lat="35.303894" lon="139.279833">
				<speed>3.873114</speed>
				<ele>16.618605</ele>
				<time>2026-09-05T04:06:04Z</time>
			</trkpt>
			<trkpt lat="35.303971" lon="139.279825">
				<speed>4.064852</speed>
				<ele>17.125226</ele>
				<time>2026-09-05T04:06:06Z</time>
			</trkpt>
			<trkpt lat="35.304042" lon="139.279820">
				<speed>3.752140</speed>
				<ele>17.016833</ele>
				<time>2026-09-05T04:06:08Z</time>
			</trkpt>
			<trkpt lat="35.304109" lon="139.279818">
				<speed>3.820256</speed>
				<ele>16.995499</ele>
				<time>2026-09-05T04:06:10Z</time>
			</trkpt>
			<trkpt lat="35.304176" lon="139.279817">
				<speed>4.041727</speed>
				<ele>16.888358</ele>
				<time>2026-09-05T04:06:12Z</time>
			</trkpt>
			<trkpt lat="35.304244" lon="139.279815">
				<speed>3.762048</speed>
				<ele>17.133361</ele>
				<time>2026-09-05T04:06:14Z</time>
			</trkpt>
			<trkpt lat="35.304309" lon="139.279806">
				<speed>3.725352</speed>
				<ele>17.344102</ele>
				<time>2026-09-05T04:06:16Z</time>
			</trkpt>
			<trkpt lat="35.304367" lon="139.279783">
				<speed>3.397482</speed>
				<ele>17.727572</ele>
				<time>2026-09-05T04:06:18Z</time>
			</trkpt>
			<trkpt lat="35.304414" lon="139.279744">
				<speed>3.242479</speed>
				<ele>17.835665</ele>
				<time>2026-09-05T04:06:20Z</time>
			</trkpt>
			<trkpt lat="35.304439" lon="139.279684">
				<speed>4.462861</speed>
				<ele>17.812392</ele>
				<time>2026-09-05T04:06:22Z</time>
			</trkpt>
			<trkpt lat="35.304448" lon="139.279594">
				<speed>5.083743</speed>
				<ele>17.836716</ele>
				<time>2026-09-05T04:06:24Z</time>
			</trkpt>
			<trkpt lat="35.304445" lon="139.279480">
				<speed>5.306562</speed>
				<ele>17.853852</ele>
				<time>2026-09-05T04:06:26Z</time>
			</trkpt>
			<trkpt lat="35.304434" lon="139.279353">
				<speed>5.398448</speed>
				<ele>17.723913</ele>
				<time>2026-09-05T04:06:28Z</time>
			</trkpt>
			<trkpt lat="35.304427" lon="139.279286">
				<speed>5.547830</speed>
				<ele>17.731177</ele>
				<time>2026-09-05T04:06:29Z</time>
			</trkpt>
			<trkpt lat="35.304419" lon="139.279219">
				<speed>5.574903</speed>
				<ele>17.721468</ele>
				<time>2026-09-05T04:06:30Z</time>
			</trkpt>
			<trkpt lat="35.304412" lon="139.279150">
				<speed>5.634468</speed>
				<ele>17.515476</ele>
				<time>2026-09-05T04:06:31Z</time>
			</trkpt>
			<trkpt lat="35.304404" lon="139.279081">
				<speed>5.757631</speed>
				<ele>17.588671</ele>
				<time>2026-09-05T04:06:32Z</time>
			</trkpt>
			<trkpt lat="35.304397" lon="139.279012">
				<speed>5.555665</speed>
				<ele>17.243894</ele>
				<time>2026-09-05T04:06:33Z</time>
			</trkpt>
			<trkpt lat="35.304390" lon="139.278944">
				<speed>5.773216</speed>
				<ele>17.502071</ele>
				<time>2026-09-05T04:06:34Z</time>
			</trkpt>
			<trkpt lat="35.304384" lon="139.278875">
				<speed>5.810489</speed>
				<ele>17.740248</ele>
				<time>2026-09-05T04:06:35Z</time>
			</trkpt>
			<trkpt lat="35.304379" lon="139.278806">
				<speed>5.936915</speed>
				<ele>17.770464</ele>
				<time>2026-09-05T04:06:36Z</time>
			</trkpt>
			<trkpt lat="35.304374" lon="139.278738">
				<speed>5.938204</speed>
				<ele>17.413733</ele>
				<time>2026-09-05T04:06:37Z</time>
			</trkpt>
			<trkpt lat="35.304370" lon="139.278669">
				<speed>5.829697</speed>
				<ele>18.451014</ele>
				<time>2026-09-05T04:06:38Z</time>
			</trkpt>
			<trkpt lat="35.304365" lon="139.278601">
				<speed>6.038531</speed>
				<ele>18.274616</ele>
				<time>2026-09-05T04:06:39Z</time>
			</trkpt>
			<trkpt lat="35.304362" lon="139.278532">
				<speed>6.111130</speed>
				<ele>18.342461</ele>
				<time>2026-09-05T04:06:40Z</time>
			</trkpt>
			<trkpt lat="35.304359" lon="139.278464">
				<speed>6.040098</speed>
				<ele>18.262097</ele>
				<time>2026-09-05T04:06:41Z</time>
			</trkpt>
			<trkpt lat="35.304355" lon="139.278396">
				<speed>5.930193</speed>
				<ele>18.265215</ele>
				<time>2026-09-05T04:06:42Z</time>
			</trkpt>
			<trkpt lat="35.304352" lon="139.278328">
				<speed>5.926909</speed>
				<ele>18.318103</ele>
				<time>2026-09-05T04:06:43Z</time>
			</trkpt>
			<trkpt lat="35.304348" lon="139.278262">
				<speed>5.719579</speed>
				<ele>18.190891</ele>
				<time>2026-09-05T04:06:44Z</time>
			</trkpt>
			<trkpt lat="35.304340" lon="139.278132">
				<speed>5.558941</speed>
				<ele>17.865323</ele>
				<time>2026-09-05T04:06:46Z</time>
			</trkpt>
			<trkpt lat="35.304329" lon="139.278006">
				<speed>5.631383</speed>
				<ele>17.672041</ele>
				<time>2026-09-05T04:06:48Z</time>
			</trkpt>
			<trkpt lat="35.304320" lon="139.277888">
				<speed>5.010988</speed>
				<ele>17.788506</ele>
				<time>2026-09-05T04:06:50Z</time>
			</trkpt>
			<trkpt lat="35.304314" lon="139.277778">
				<speed>4.678849</speed>
				<ele>17.727557</ele>
				<time>2026-09-05T04:06:52Z</time>
			</trkpt>
			<trkpt lat="35.304308" lon="139.277680">
				<speed>3.527367</speed>
				<ele>17.718146</ele>
				<time>2026-09-05T04:06:54Z</time>
			</trkpt>
			<trkpt lat="35.304306" lon="139.277605">
				<speed>2.015596</speed>
				<ele>17.594682</ele>
				<time>2026-09-05T04:06:56Z</time>
			</trkpt>
			<trkpt lat="35.304302" lon="139.277517">
				<speed>3.519686</speed>
				<ele>17.940727</ele>
				<time>2026-09-05T04:06:59Z</time>
			</trkpt>
			<trkpt lat="35.304293" lon="139.277419">
				<speed>3.951268</speed>
				<ele>18.235339</ele>
				<time>2026-09-05T04:07:02Z</time>
			</trkpt>
			<trkpt lat="35.304287" lon="139.277343">
				<speed>4.116426</speed>
				<ele>17.930532</ele>
				<time>2026-09-05T04:07:04Z</time>
			</trkpt>
			<trkpt lat="35.304281" lon="139.277261">
				<speed>4.163630</speed>
				<ele>18.176394</ele>
				<time>2026-09-05T04:07:06Z</time>
			</trkpt>
			<trkpt lat="35.304276" lon="139.277172">
				<speed>4.216543</speed>
				<ele>17.992893</ele>
				<time>2026-09-05T04:07:08Z</time>
			</trkpt>
			<trkpt lat="35.304269" lon="139.277079">
				<speed>4.451998</speed>
				<ele>17.682440</ele>
				<time>2026-09-05T04:07:10Z</time>
			</trkpt>
			<trkpt lat="35.304261" lon="139.276979">
				<speed>4.688288</speed>
				<ele>17.506064</ele>
				<time>2026-09-05T04:07:12Z</time>
			</trkpt>
			<trkpt lat="35.304251" lon="139.276874">
				<speed>4.835895</speed>
				<ele>17.417910</ele>
				<time>2026-09-05T04:07:14Z</time>
			</trkpt>
			<trkpt lat="35.304240" lon="139.276765">
				<speed>4.883329</speed>
				<ele>17.819285</ele>
				<time>2026-09-05T04:07:16Z</time>
			</trkpt>
			<trkpt lat="35.304228" lon="139.276653">
				<speed>4.699624</speed>
				<ele>17.786336</ele>
				<time>2026-09-05T04:07:18Z</time>
			</trkpt>
			<trkpt lat="35.304215" lon="139.276541">
				<speed>4.824840</speed>
				<ele>17.956841</ele>
				<time>2026-09-05T04:07:20Z</time>
			</trkpt>
			<trkpt lat="35.304202" lon="139.276430">
				<speed>4.885968</speed>
				<ele>18.204163</ele>
				<time>2026-09-05T04:07:22Z</time>
			</trkpt>
			<trkpt lat="35.304191" lon="139.276318">
				<speed>5.090030</speed>
				<ele>18.416033</ele>
				<time>2026-09-05T04:07:24Z</time>
			</trkpt>
			<trkpt lat="35.304179" lon="139.276209">
				<speed>4.931343</speed>
				<ele>18.731256</ele>
				<time>2026-09-05T04:07:26Z</time>
			</trkpt>
			<trkpt lat="35.304167" lon="139.276101">
				<speed>4.839211</speed>
				<ele>18.761044</ele>
				<time>2026-09-05T04:07:28Z</time>
			</trkpt>
			<trkpt lat="35.304155" lon="139.275995">
				<speed>4.695973</speed>
				<ele>19.293204</ele>
				<time>2026-09-05T04:07:30Z</time>
			</trkpt>
			<trkpt lat="35.304144" lon="139.275890">
				<speed>4.800665</speed>
				<ele>19.479054</ele>
				<time>2026-09-05T04:07:32Z</time>
			</trkpt>
			<trkpt lat="35.304132" lon="139.275785">
				<speed>4.759787</speed>
				<ele>19.571672</ele>
				<time>2026-09-05T04:07:34Z</time>
			</trkpt>
			<trkpt lat="35.304118" lon="139.275682">
				<speed>4.563089</speed>
				<ele>19.662148</ele>
				<time>2026-09-05T04:07:36Z</time>
			</trkpt>
			<trkpt lat="35.304103" lon="139.275581">
				<speed>4.634590</speed>
				<ele>19.685839</ele>
				<time>2026-09-05T04:07:38Z</time>
			</trkpt>
			<trkpt lat="35.304090" lon="139.275479">
				<speed>4.854144</speed>
				<ele>19.746518</ele>
				<time>2026-09-05T04:07:40Z</time>
			</trkpt>
			<trkpt lat="35.304077" lon="139.275376">
				<speed>4.870887</speed>
				<ele>19.833418</ele>
				<time>2026-09-05T04:07:42Z</time>
			</trkpt>
			<trkpt lat="35.304065" lon="139.275271">
				<speed>4.784332</speed>
				<ele>19.789073</ele>
				<time>2026-09-05T04:07:44Z</time>
			</trkpt>
			<trkpt lat="35.304055" lon="139.275166">
				<speed>4.773155</speed>
				<ele>20.321020</ele>
				<time>2026-09-05T04:07:46Z</time>
			</trkpt>
			<trkpt lat="35.304045" lon="139.275060">
				<speed>4.875214</speed>
				<ele>20.298614</ele>
				<time>2026-09-05T04:07:48Z</time>
			</trkpt>
			<trkpt lat="35.304035" lon="139.274954">
				<speed>4.928663</speed>
				<ele>19.964518</ele>
				<time>2026-09-05T04:07:50Z</time>
			</trkpt>
			<trkpt lat="35.304024" lon="139.274849">
				<speed>4.847908</speed>
				<ele>20.520285</ele>
				<time>2026-09-05T04:07:52Z</time>
			</trkpt>
			<trkpt lat="35.304014" lon="139.274743">
				<speed>4.903260</speed>
				<ele>20.759189</ele>
				<time>2026-09-05T04:07:54Z</time>
			</trkpt>
			<trkpt lat="35.304002" lon="139.274634">
				<speed>5.069640</speed>
				<ele>21.147281</ele>
				<time>2026-09-05T04:07:56Z</time>
			</trkpt>
			<trkpt lat="35.303988" lon="139.274525">
				<speed>4.848747</speed>
				<ele>21.413956</ele>
				<time>2026-09-05T04:07:58Z</time>
			</trkpt>
			<trkpt lat="35.303975" lon="139.274417">
				<speed>4.905596</speed>
				<ele>21.281525</ele>
				<time>2026-09-05T04:08:00Z</time>
			</trkpt>
			<trkpt lat="35.303963" lon="139.274311">
				<speed>4.690317</speed>
				<ele>21.318280</ele>
				<time>2026-09-05T04:08:02Z</time>
			</trkpt>
			<trkpt lat="35.303954" lon="139.274209">
				<speed>4.449674</speed>
				<ele>21.099232</ele>
				<time>2026-09-05T04:08:04Z</time>
			</trkpt>
			<trkpt lat="35.303947" lon="139.274106">
				<speed>5.162047</speed>
				<ele>21.170890</ele>
				<time>2026-09-05T04:08:06Z</time>
			</trkpt>
			<trkpt lat="35.303939" lon="139.273997">
				<speed>5.287097</speed>
				<ele>21.408308</ele>
				<time>2026-09-05T04:08:08Z</time>
			</trkpt>
			<trkpt lat="35.303929" lon="139.273884">
				<speed>5.331077</speed>
				<ele>21.603887</ele>
				<time>2026-09-05T04:08:10Z</time>
			</trkpt>
			<trkpt lat="35.303917" lon="139.273766">
				<speed>5.909804</speed>
				<ele>20.887345</ele>
				<time>2026-09-05T04:08:12Z</time>
			</trkpt>
			<trkpt lat="35.303904" lon="139.273644">
				<speed>5.789298</speed>
				<ele>21.614349</ele>
				<time>2026-09-05T04:08:14Z</time>
			</trkpt>
			<trkpt lat="35.303889" lon="139.273520">
				<speed>5.559114</speed>
				<ele>21.697397</ele>
				<time>2026-09-05T04:08:16Z</time>
			</trkpt>
			<trkpt lat="35.303874" lon="139.273395">
				<speed>5.510487</speed>
				<ele>21.748343</ele>
				<time>2026-09-05T04:08:18Z</time>
			</trkpt>
			<trkpt lat="35.303860" lon="139.273272">
				<speed>5.360704</speed>
				<ele>21.986082</ele>
				<time>2026-09-05T04:08:20Z</time>
			</trkpt>
			<trkpt lat="35.303843" lon="139.273153">
				<speed>5.339565</speed>
				<ele>22.188926</ele>
				<time>2026-09-05T04:08:22Z</time>
			</trkpt>
			<trkpt lat="35.303823" lon="139.273037">
				<speed>5.289845</speed>
				<ele>22.405920</ele>
				<time>2026-09-05T04:08:24Z</time>
			</trkpt>
			<trkpt lat="35.303801" lon="139.272924">
				<speed>5.056875</speed>
				<ele>22.417733</ele>
				<time>2026-09-05T04:08:26Z</time>
			</trkpt>
			<trkpt lat="35.303775" lon="139.272817">
				<speed>4.879683</speed>
				<ele>22.499797</ele>
				<time>2026-09-05T04:08:28Z</time>
			</trkpt>
			<trkpt lat="35.303745" lon="139.272719">
				<speed>4.016600</speed>
				<ele>22.686621</ele>
				<time>2026-09-05T04:08:30Z</time>
			</trkpt>
			<trkpt lat="35.303717" lon="139.272629">
				<speed>4.459603</speed>
				<ele>22.277956</ele>
				<time>2026-09-05T04:08:32Z</time>
			</trkpt>
			<trkpt lat="35.303691" lon="139.272541">
				<speed>3.576367</speed>
				<ele>23.050663</ele>
				<time>2026-09-05T04:08:34Z</time>
			</trkpt>
			<trkpt lat="35.303660" lon="139.272447">
				<speed>5.392761</speed>
				<ele>22.801918</ele>
				<time>2026-09-05T04:08:36Z</time>
			</trkpt>
			<trkpt lat="35.303624" lon="139.272346">
				<speed>5.368031</speed>
				<ele>22.800724</ele>
				<time>2026-09-05T04:08:38Z</time>
			</trkpt>
			<trkpt lat="35.303584" lon="139.272240">
				<speed>5.432516</speed>
				<ele>22.865842</ele>
				<time>2026-09-05T04:08:40Z</time>
			</trkpt>
			<trkpt lat="35.303540" lon="139.272132">
				<speed>5.687698</speed>
				<ele>22.868291</ele>
				<time>2026-09-05T04:08:42Z</time>
			</trkpt>
			<trkpt lat="35.303492" lon="139.272019">
				<speed>5.835960</speed>
				<ele>22.880165</ele>
				<time>2026-09-05T04:08:44Z</time>
			</trkpt>
			<trkpt lat="35.303441" lon="139.271905">
				<speed>5.802164</speed>
				<ele>22.965005</ele>
				<time>2026-09-05T04:08:46Z</time>
			</trkpt>
			<trkpt lat="35.303414" lon="139.271847">
				<speed>5.790196</speed>
				<ele>22.943990</ele>
				<time>2026-09-05T04:08:47Z</time>
			</trkpt>
			<trkpt lat="35.303387" lon="139.271789">
				<speed>5.867114</speed>
				<ele>22.846254</ele>
				<time>2026-09-05T04:08:48Z</time>
			</trkpt>
			<trkpt lat="35.303360" lon="139.271731">
				<speed>5.928581</speed>
				<ele>22.737138</ele>
				<time>2026-09-05T04:08:49Z</time>
			</trkpt>
			<trkpt lat="35.303334" lon="139.271672">
				<speed>5.975181</speed>
				<ele>22.602544</ele>
				<time>2026-09-05T04:08:50Z</time>
			</trkpt>
			<trkpt lat="35.303307" lon="139.271613">
				<speed>5.955437</speed>
				<ele>22.497445</ele>
				<time>2026-09-05T04:08:51Z</time>
			</trkpt>
			<trkpt lat="35.303281" lon="139.271554">
				<speed>5.970969</speed>
				<ele>22.496177</ele>
				<time>2026-09-05T04:08:52Z</time>
			</trkpt>
			<trkpt lat="35.303254" lon="139.271495">
				<speed>5.986829</speed>
				<ele>22.532111</ele>
				<time>2026-09-05T04:08:53Z</time>
			</trkpt>
			<trkpt lat="35.303228" lon="139.271435">
				<speed>6.054297</speed>
				<ele>22.459922</ele>
				<time>2026-09-05T04:08:54Z</time>
			</trkpt>
			<trkpt lat="35.303202" lon="139.271375">
				<speed>6.120358</speed>
				<ele>22.385086</ele>
				<time>2026-09-05T04:08:55Z</time>
			</trkpt>
			<trkpt lat="35.303175" lon="139.271314">
				<speed>6.130572</speed>
				<ele>22.392144</ele>
				<time>2026-09-05T04:08:56Z</time>
			</trkpt>
			<trkpt lat="35.303148" lon="139.271253">
				<speed>6.232362</speed>
				<ele>22.332620</ele>
				<time>2026-09-05T04:08:57Z</time>
			</trkpt>
			<trkpt lat="35.303121" lon="139.271192">
				<speed>6.204294</speed>
				<ele>22.268179</ele>
				<time>2026-09-05T04:08:58Z</time>
			</trkpt>
			<trkpt lat="35.303094" lon="139.271131">
				<speed>6.240114</speed>
				<ele>22.260197</ele>
				<time>2026-09-05T04:08:59Z</time>
			</trkpt>
			<trkpt lat="35.303068" lon="139.271070">
				<speed>6.225640</speed>
				<ele>22.214768</ele>
				<time>2026-09-05T04:09:00Z</time>
			</trkpt>
			<trkpt lat="35.303041" lon="139.271009">
				<speed>6.214445</speed>
				<ele>22.482886</ele>
				<time>2026-09-05T04:09:01Z</time>
			</trkpt>
			<trkpt lat="35.303015" lon="139.270948">
				<speed>6.075882</speed>
				<ele>22.521283</ele>
				<time>2026-09-05T04:09:02Z</time>
			</trkpt>
			<trkpt lat="35.302988" lon="139.270888">
				<speed>6.081451</speed>
				<ele>22.550024</ele>
				<time>2026-09-05T04:09:03Z</time>
			</trkpt>
			<trkpt lat="35.302962" lon="139.270828">
				<speed>6.095232</speed>
				<ele>22.842901</ele>
				<time>2026-09-05T04:09:04Z</time>
			</trkpt>
			<trkpt lat="35.302936" lon="139.270768">
				<speed>6.091025</speed>
				<ele>22.737957</ele>
				<time>2026-09-05T04:09:05Z</time>
			</trkpt>
			<trkpt lat="35.302910" lon="139.270709">
				<speed>6.115235</speed>
				<ele>22.825180</ele>
				<time>2026-09-05T04:09:06Z</time>
			</trkpt>
			<trkpt lat="35.302885" lon="139.270649">
				<speed>6.127364</speed>
				<ele>22.806168</ele>
				<time>2026-09-05T04:09:07Z</time>
			</trkpt>
			<trkpt lat="35.302860" lon="139.270590">
				<speed>6.088672</speed>
				<ele>22.727692</ele>
				<time>2026-09-05T04:09:08Z</time>
			</trkpt>
			<trkpt lat="35.302834" lon="139.270531">
				<speed>6.022238</speed>
				<ele>22.727849</ele>
				<time>2026-09-05T04:09:09Z</time>
			</trkpt>
			<trkpt lat="35.302784" lon="139.270414">
				<speed>5.964012</speed>
				<ele>22.600254</ele>
				<time>2026-09-05T04:09:11Z</time>
			</trkpt>
			<trkpt lat="35.302734" lon="139.270298">
				<speed>5.910969</speed>
				<ele>22.646263</ele>
				<time>2026-09-05T04:09:13Z</time>
			</trkpt>
			<trkpt lat="35.302684" lon="139.270181">
				<speed>6.177980</speed>
				<ele>22.790385</ele>
				<time>2026-09-05T04:09:15Z</time>
			</trkpt>
			<trkpt lat="35.302658" lon="139.270123">
				<speed>5.986442</speed>
				<ele>22.974290</ele>
				<time>2026-09-05T04:09:16Z</time>
			</trkpt>
			<trkpt lat="35.302633" lon="139.270064">
				<speed>6.099985</speed>
				<ele>23.070701</ele>
				<time>2026-09-05T04:09:17Z</time>
			</trkpt>
			<trkpt lat="35.302608" lon="139.270004">
				<speed>6.166455</speed>
				<ele>23.137647</ele>
				<time>2026-09-05T04:09:18Z</time>
			</trkpt>
			<trkpt lat="35.302582" lon="139.269945">
				<speed>5.965795</speed>
				<ele>23.128564</ele>
				<time>2026-09-05T04:09:19Z</time>
			</trkpt>
			<trkpt lat="35.302557" lon="139.269886">
				<speed>5.995526</speed>
				<ele>23.320359</ele>
				<time>2026-09-05T04:09:20Z</time>
			</trkpt>
			<trkpt lat="35.302508" lon="139.269771">
				<speed>5.707880</speed>
				<ele>23.693829</ele>
				<time>2026-09-05T04:09:22Z</time>
			</trkpt>
			<trkpt lat="35.302459" lon="139.269658">
				<speed>5.872507</speed>
				<ele>23.754864</ele>
				<time>2026-09-05T04:09:24Z</time>
			</trkpt>
			<trkpt lat="35.302410" lon="139.269547">
				<speed>5.671843</speed>
				<ele>24.197026</ele>
				<time>2026-09-05T04:09:26Z</time>
			</trkpt>
			<trkpt lat="35.302360" lon="139.269440">
				<speed>5.528265</speed>
				<ele>24.704341</ele>
				<time>2026-09-05T04:09:28Z</time>
			</trkpt>
			<trkpt lat="35.302310" lon="139.269333">
				<speed>5.620552</speed>
				<ele>24.911118</ele>
				<time>2026-09-05T04:09:30Z</time>
			</trkpt>
			<trkpt lat="35.302260" lon="139.269229">
				<speed>5.483616</speed>
				<ele>25.122381</ele>
				<time>2026-09-05T04:09:32Z</time>
			</trkpt>
			<trkpt lat="35.302210" lon="139.269125">
				<speed>5.511391</speed>
				<ele>25.323499</ele>
				<time>2026-09-05T04:09:34Z</time>
			</trkpt>
			<trkpt lat="35.302160" lon="139.269021">
				<speed>5.523271</speed>
				<ele>25.482369</ele>
				<time>2026-09-05T04:09:36Z</time>
			</trkpt>
			<trkpt lat="35.302110" lon="139.268917">
				<speed>5.689075</speed>
				<ele>25.486305</ele>
				<time>2026-09-05T04:09:38Z</time>
			</trkpt>
			<trkpt lat="35.302059" lon="139.268809">
				<speed>5.908965</speed>
				<ele>25.285331</ele>
				<time>2026-09-05T04:09:40Z</time>
			</trkpt>
			<trkpt lat="35.302006" lon="139.268696">
				<speed>6.190894</speed>
				<ele>24.725498</ele>
				<time>2026-09-05T04:09:42Z</time>
			</trkpt>
			<trkpt lat="35.301978" lon="139.268638">
				<speed>6.276765</speed>
				<ele>24.839411</ele>
				<time>2026-09-05T04:09:43Z</time>
			</trkpt>
			<trkpt lat="35.301949" lon="139.268579">
				<speed>6.372428</speed>
				<ele>24.680654</ele>
				<time>2026-09-05T04:09:44Z</time>
			</trkpt>
			<trkpt lat="35.301920" lon="139.268519">
				<speed>6.388235</speed>
				<ele>24.437227</ele>
				<time>2026-09-05T04:09:45Z</time>
			</trkpt>
			<trkpt lat="35.301891" lon="139.268459">
				<speed>6.413089</speed>
				<ele>24.594485</ele>
				<time>2026-09-05T04:09:46Z</time>
			</trkpt>
			<trkpt lat="35.301861" lon="139.268398">
				<speed>6.494216</speed>
				<ele>24.328312</ele>
				<time>2026-09-05T04:09:47Z</time>
			</trkpt>
			<trkpt lat="35.301831" lon="139.268335">
				<speed>6.598326</speed>
				<ele>24.203624</ele>
				<time>2026-09-05T04:09:48Z</time>
			</trkpt>
			<trkpt lat="35.301800" lon="139.268273">
				<speed>6.578251</speed>
				<ele>24.154823</ele>
				<time>2026-09-05T04:09:49Z</time>
			</trkpt>
			<trkpt lat="35.301769" lon="139.268209">
				<speed>6.681338</speed>
				<ele>24.155656</ele>
				<time>2026-09-05T04:09:50Z</time>
			</trkpt>
			<trkpt lat="35.301738" lon="139.268145">
				<speed>6.671143</speed>
				<ele>24.266072</ele>
				<time>2026-09-05T04:09:51Z</time>
			</trkpt>
			<trkpt lat="35.301706" lon="139.268081">
				<speed>6.693913</speed>
				<ele>23.987102</ele>
				<time>2026-09-05T04:09:52Z</time>
			</trkpt>
			<trkpt lat="35.301675" lon="139.268016">
				<speed>6.774906</speed>
				<ele>24.206477</ele>
				<time>2026-09-05T04:09:53Z</time>
			</trkpt>
			<trkpt lat="35.301643" lon="139.267951">
				<speed>6.782803</speed>
				<ele>24.099919</ele>
				<time>2026-09-05T04:09:54Z</time>
			</trkpt>
			<trkpt lat="35.301612" lon="139.267886">
				<speed>6.769175</speed>
				<ele>23.854662</ele>
				<time>2026-09-05T04:09:55Z</time>
			</trkpt>
			<trkpt lat="35.301581" lon="139.267821">
				<speed>6.722310</speed>
				<ele>23.839908</ele>
				<time>2026-09-05T04:09:56Z</time>
			</trkpt>
			<trkpt lat="35.301550" lon="139.267756">
				<speed>6.608380</speed>
				<ele>23.889291</ele>
				<time>2026-09-05T04:09:57Z</time>
			</trkpt>
			<trkpt lat="35.301519" lon="139.267693">
				<speed>6.383186</speed>
				<ele>23.934199</ele>
				<time>2026-09-05T04:09:58Z</time>
			</trkpt>
			<trkpt lat="35.301489" lon="139.267632">
				<speed>5.992804</speed>
				<ele>23.882230</ele>
				<time>2026-09-05T04:09:59Z</time>
			</trkpt>
			<trkpt lat="35.301460" lon="139.267573">
				<speed>5.581490</speed>
				<ele>23.978278</ele>
				<time>2026-09-05T04:10:00Z</time>
			</trkpt>
			<trkpt lat="35.301405" lon="139.267462">
				<speed>5.711542</speed>
				<ele>23.920809</ele>
				<time>2026-09-05T04:10:02Z</time>
			</trkpt>
			<trkpt lat="35.301352" lon="139.267352">
				<speed>6.119336</speed>
				<ele>23.753964</ele>
				<time>2026-09-05T04:10:04Z</time>
			</trkpt>
			<trkpt lat="35.301297" lon="139.267240">
				<speed>6.331185</speed>
				<ele>23.542171</ele>
				<time>2026-09-05T04:10:06Z</time>
			</trkpt>
			<trkpt lat="35.301270" lon="139.267183">
				<speed>6.351231</speed>
				<ele>23.444629</ele>
				<time>2026-09-05T04:10:07Z</time>
			</trkpt>
			<trkpt lat="35.301242" lon="139.267125">
				<speed>6.391879</speed>
				<ele>23.534363</ele>
				<time>2026-09-05T04:10:08Z</time>
			</trkpt>
			<trkpt lat="35.301213" lon="139.267067">
				<speed>6.456728</speed>
				<ele>23.455145</ele>
				<time>2026-09-05T04:10:09Z</time>
			</trkpt>
			<trkpt lat="35.301185" lon="139.267007">
				<speed>6.503109</speed>
				<ele>23.609401</ele>
				<time>2026-09-05T04:10:10Z</time>
			</trkpt>
			<trkpt lat="35.301155" lon="139.266947">
				<speed>6.567880</speed>
				<ele>23.342314</ele>
				<time>2026-09-05T04:10:11Z</time>
			</trkpt>
			<trkpt lat="35.301125" lon="139.266886">
				<speed>6.706982</speed>
				<ele>23.320435</ele>
				<time>2026-09-05T04:10:12Z</time>
			</trkpt>
			<trkpt lat="35.301094" lon="139.266825">
				<speed>6.466723</speed>
				<ele>23.170099</ele>
				<time>2026-09-05T04:10:13Z</time>
			</trkpt>
			<trkpt lat="35.301063" lon="139.266762">
				<speed>6.732838</speed>
				<ele>23.305800</ele>
				<time>2026-09-05T04:10:14Z</time>
			</trkpt>
			<trkpt lat="35.301032" lon="139.266699">
				<speed>6.827348</speed>
				<ele>23.166392</ele>
				<time>2026-09-05T04:10:15Z</time>
			</trkpt>
			<trkpt lat="35.301000" lon="139.266634">
				<speed>6.797743</speed>
				<ele>23.171849</ele>
				<time>2026-09-05T04:10:16Z</time>
			</trkpt>
			<trkpt lat="35.300969" lon="139.266569">
				<speed>6.758128</speed>
				<ele>23.166609</ele>
				<time>2026-09-05T04:10:17Z</time>
			</trkpt>
			<trkpt lat="35.300938" lon="139.266504">
				<speed>6.779401</speed>
				<ele>23.184858</ele>
				<time>2026-09-05T04:10:18Z</time>
			</trkpt>
			<trkpt lat="35.300906" lon="139.266438">
				<speed>6.866316</speed>
				<ele>23.088842</ele>
				<time>2026-09-05T04:10:19Z</time>
			</trkpt>
			<trkpt lat="35.300875" lon="139.266372">
				<speed>6.798258</speed>
				<ele>22.751495</ele>
				<time>2026-09-05T04:10:20Z</time>
			</trkpt>
			<trkpt lat="35.300843" lon="139.266305">
				<speed>6.974606</speed>
				<ele>22.755696</ele>
				<time>2026-09-05T04:10:21Z</time>
			</trkpt>
			<trkpt lat="35.300812" lon="139.266238">
				<speed>6.854891</speed>
				<ele>22.670313</ele>
				<time>2026-09-05T04:10:22Z</time>
			</trkpt>
			<trkpt lat="35.300781" lon="139.266172">
				<speed>6.725304</speed>
				<ele>22.593056</ele>
				<time>2026-09-05T04:10:23Z</time>
			</trkpt>
			<trkpt lat="35.300750" lon="139.266105">
				<speed>6.726395</speed>
				<ele>22.615740</ele>
				<time>2026-09-05T04:10:24Z</time>
			</trkpt>
			<trkpt lat="35.300720" lon="139.266039">
				<speed>6.603262</speed>
				<ele>23.027785</ele>
				<time>2026-09-05T04:10:25Z</time>
			</trkpt>
			<trkpt lat="35.300692" lon="139.265973">
				<speed>6.410576</speed>
				<ele>22.854480</ele>
				<time>2026-09-05T04:10:26Z</time>
			</trkpt>
			<trkpt lat="35.300664" lon="139.265908">
				<speed>6.486757</speed>
				<ele>22.785360</ele>
				<time>2026-09-05T04:10:27Z</time>
			</trkpt>
			<trkpt lat="35.300638" lon="139.265843">
				<speed>6.391252</speed>
				<ele>22.712770</ele>
				<time>2026-09-05T04:10:28Z</time>
			</trkpt>
			<trkpt lat="35.300612" lon="139.265779">
				<speed>6.320926</speed>
				<ele>23.016424</ele>
				<time>2026-09-05T04:10:29Z</time>
			</trkpt>
			<trkpt lat="35.300587" lon="139.265715">
				<speed>6.333656</speed>
				<ele>23.093267</ele>
				<time>2026-09-05T04:10:30Z</time>
			</trkpt>
			<trkpt lat="35.300563" lon="139.265651">
				<speed>6.356598</speed>
				<ele>23.011078</ele>
				<time>2026-09-05T04:10:31Z</time>
			</trkpt>
			<trkpt lat="35.300540" lon="139.265587">
				<speed>6.196253</speed>
				<ele>23.103634</ele>
				<time>2026-09-05T04:10:32Z</time>
			</trkpt>
			<trkpt lat="35.300518" lon="139.265524">
				<speed>6.209356</speed>
				<ele>23.028365</ele>
				<time>2026-09-05T04:10:33Z</time>
			</trkpt>
			<trkpt lat="35.300497" lon="139.265461">
				<speed>6.166112</speed>
				<ele>23.120603</ele>
				<time>2026-09-05T04:10:34Z</time>
			</trkpt>
			<trkpt lat="35.300477" lon="139.265398">
				<speed>6.092887</speed>
				<ele>23.076899</ele>
				<time>2026-09-05T04:10:35Z</time>
			</trkpt>
			<trkpt lat="35.300458" lon="139.265336">
				<speed>6.165789</speed>
				<ele>23.061737</ele>
				<time>2026-09-05T04:10:36Z</time>
			</trkpt>
			<trkpt lat="35.300438" lon="139.265273">
				<speed>6.136823</speed>
				<ele>23.079704</ele>
				<time>2026-09-05T04:10:37Z</time>
			</trkpt>
			<trkpt lat="35.300419" lon="139.265210">
				<speed>6.235279</speed>
				<ele>23.026715</ele>
				<time>2026-09-05T04:10:38Z</time>
			</trkpt>
			<trkpt lat="35.300400" lon="139.265147">
				<speed>6.303023</speed>
				<ele>22.972818</ele>
				<time>2026-09-05T04:10:39Z</time>
			</trkpt>
			<trkpt lat="35.300380" lon="139.265083">
				<speed>6.533494</speed>
				<ele>23.003913</ele>
				<time>2026-09-05T04:10:40Z</time>
			</trkpt>
			<trkpt lat="35.300360" lon="139.265018">
				<speed>6.635410</speed>
				<ele>22.572537</ele>
				<time>2026-09-05T04:10:41Z</time>
			</trkpt>
			<trkpt lat="35.300340" lon="139.264952">
				<speed>6.619870</speed>
				<ele>22.370960</ele>
				<time>2026-09-05T04:10:42Z</time>
			</trkpt>
			<trkpt lat="35.300320" lon="139.264884">
				<speed>6.918924</speed>
				<ele>22.477106</ele>
				<time>2026-09-05T04:10:43Z</time>
			</trkpt>
			<trkpt lat="35.300299" lon="139.264815">
				<speed>6.875937</speed>
				<ele>22.393608</ele>
				<time>2026-09-05T04:10:44Z</time>
			</trkpt>
			<trkpt lat="35.300278" lon="139.264745">
				<speed>6.819039</speed>
				<ele>22.217297</ele>
				<time>2026-09-05T04:10:45Z</time>
			</trkpt>
			<trkpt lat="35.300256" lon="139.264675">
				<speed>6.813918</speed>
				<ele>22.202013</ele>
				<time>2026-09-05T04:10:46Z</time>
			</trkpt>
			<trkpt lat="35.300235" lon="139.264604">
				<speed>6.995257</speed>
				<ele>22.120733</ele>
				<time>2026-09-05T04:10:47Z</time>
			</trkpt>
			<trkpt lat="35.300212" lon="139.264532">
				<speed>7.057536</speed>
				<ele>21.788415</ele>
				<time>2026-09-05T04:10:48Z</time>
			</trkpt>
			<trkpt lat="35.300190" lon="139.264459">
				<speed>7.123402</speed>
				<ele>21.565283</ele>
				<time>2026-09-05T04:10:49Z</time>
			</trkpt>
			<trkpt lat="35.300167" lon="139.264385">
				<speed>7.277829</speed>
				<ele>21.530272</ele>
				<time>2026-09-05T04:10:50Z</time>
			</trkpt>
			<trkpt lat="35.300145" lon="139.264311">
				<speed>7.211470</speed>
				<ele>21.288890</ele>
				<time>2026-09-05T04:10:51Z</time>
			</trkpt>
			<trkpt lat="35.300121" lon="139.264235">
				<speed>7.227784</speed>
				<ele>21.037939</ele>
				<time>2026-09-05T04:10:52Z</time>
			</trkpt>
			<trkpt lat="35.300098" lon="139.264160">
				<speed>7.168243</speed>
				<ele>21.049608</ele>
				<time>2026-09-05T04:10:53Z</time>
			</trkpt>
			<trkpt lat="35.300073" lon="139.264086">
				<speed>7.131413</speed>
				<ele>21.009674</ele>
				<time>2026-09-05T04:10:54Z</time>
			</trkpt>
			<trkpt lat="35.300049" lon="139.264011">
				<speed>7.047908</speed>
				<ele>20.944562</ele>
				<time>2026-09-05T04:10:55Z</time>
			</trkpt>
			<trkpt lat="35.300025" lon="139.263937">
				<speed>7.040340</speed>
				<ele>20.891053</ele>
				<time>2026-09-05T04:10:56Z</time>
			</trkpt>
			<trkpt lat="35.300001" lon="139.263865">
				<speed>6.639979</speed>
				<ele>20.950323</ele>
				<time>2026-09-05T04:10:57Z</time>
			</trkpt>
			<trkpt lat="35.299976" lon="139.263793">
				<speed>7.055741</speed>
				<ele>20.865298</ele>
				<time>2026-09-05T04:10:58Z</time>
			</trkpt>
			<trkpt lat="35.299948" lon="139.263722">
				<speed>7.042191</speed>
				<ele>20.796833</ele>
				<time>2026-09-05T04:10:59Z</time>
			</trkpt>
			<trkpt lat="35.299919" lon="139.263653">
				<speed>7.099094</speed>
				<ele>20.604175</ele>
				<time>2026-09-05T04:11:00Z</time>
			</trkpt>
			<trkpt lat="35.299888" lon="139.263584">
				<speed>7.011906</speed>
				<ele>20.474333</ele>
				<time>2026-09-05T04:11:01Z</time>
			</trkpt>
			<trkpt lat="35.299857" lon="139.263517">
				<speed>6.451352</speed>
				<ele>20.321971</ele>
				<time>2026-09-05T04:11:02Z</time>
			</trkpt>
			<trkpt lat="35.299828" lon="139.263457">
				<speed>4.997898</speed>
				<ele>20.168827</ele>
				<time>2026-09-05T04:11:03Z</time>
			</trkpt>
			<trkpt lat="35.299802" lon="139.263406">
				<speed>3.102411</speed>
				<ele>19.987502</ele>
				<time>2026-09-05T04:11:04Z</time>
			</trkpt>
			<trkpt lat="35.299783" lon="139.263367">
				<speed>1.348839</speed>
				<ele>20.134991</ele>
				<time>2026-09-05T04:11:05Z</time>
			</trkpt>
			<trkpt lat="35.299797" lon="139.263433">
				<speed>0.000000</speed>
				<ele>20.866044</ele>
				<time>2026-09-05T04:11:31Z</time>
			</trkpt>
			<trkpt lat="35.299766" lon="139.263388">
				<speed>2.705643</speed>
				<ele>19.201735</ele>
				<time>2026-09-05T04:11:38Z</time>
			</trkpt>
			<trkpt lat="35.299727" lon="139.263332">
				<speed>3.504817</speed>
				<ele>19.644877</ele>
				<time>2026-09-05T04:11:40Z</time>
			</trkpt>
			<trkpt lat="35.299686" lon="139.263268">
				<speed>3.172664</speed>
				<ele>19.555844</ele>
				<time>2026-09-05T04:11:42Z</time>
			</trkpt>
			<trkpt lat="35.299645" lon="139.263205">
				<speed>3.486549</speed>
				<ele>19.350064</ele>
				<time>2026-09-05T04:11:44Z</time>
			</trkpt>
			<trkpt lat="35.299602" lon="139.263141">
				<speed>3.939876</speed>
				<ele>19.104321</ele>
				<time>2026-09-05T04:11:46Z</time>
			</trkpt>
			<trkpt lat="35.299557" lon="139.263073">
				<speed>4.139299</speed>
				<ele>19.013081</ele>
				<time>2026-09-05T04:11:48Z</time>
			</trkpt>
			<trkpt lat="35.299509" lon="139.263001">
				<speed>4.463151</speed>
				<ele>19.371716</ele>
				<time>2026-09-05T04:11:50Z</time>
			</trkpt>
			<trkpt lat="35.299457" lon="139.262925">
				<speed>4.485043</speed>
				<ele>19.686746</ele>
				<time>2026-09-05T04:11:52Z</time>
			</trkpt>
			<trkpt lat="35.299403" lon="139.262849">
				<speed>4.655985</speed>
				<ele>19.893538</ele>
				<time>2026-09-05T04:11:54Z</time>
			</trkpt>
			<trkpt lat="35.299347" lon="139.262773">
				<speed>4.408657</speed>
				<ele>20.202703</ele>
				<time>2026-09-05T04:11:56Z</time>
			</trkpt>
			<trkpt lat="35.299294" lon="139.262697">
				<speed>4.432301</speed>
				<ele>20.198330</ele>
				<time>2026-09-05T04:11:58Z</time>
			</trkpt>
			<trkpt lat="35.299242" lon="139.262619">
				<speed>4.532554</speed>
				<ele>20.169374</ele>
				<time>2026-09-05T04:12:00Z</time>
			</trkpt>
			<trkpt lat="35.299192" lon="139.262539">
				<speed>4.498431</speed>
				<ele>20.310561</ele>
				<time>2026-09-05T04:12:02Z</time>
			</trkpt>
			<trkpt lat="35.299144" lon="139.262456">
				<speed>4.666379</speed>
				<ele>20.149763</ele>
				<time>2026-09-05T04:12:04Z</time>
			</trkpt>
			<trkpt lat="35.299098" lon="139.262370">
				<speed>4.423810</speed>
				<ele>20.661437</ele>
				<time>2026-09-05T04:12:06Z</time>
			</trkpt>
			<trkpt lat="35.299053" lon="139.262291">
				<speed>4.016650</speed>
				<ele>20.298969</ele>
				<time>2026-09-05T04:12:08Z</time>
			</trkpt>
			<trkpt lat="35.299001" lon="139.262229">
				<speed>4.214752</speed>
				<ele>20.487392</ele>
				<time>2026-09-05T04:12:10Z</time>
			</trkpt>
			<trkpt lat="35.298937" lon="139.262198">
				<speed>4.481824</speed>
				<ele>20.591805</ele>
				<time>2026-09-05T04:12:12Z</time>
			</trkpt>
			<trkpt lat="35.298865" lon="139.262195">
				<speed>4.297734</speed>
				<ele>20.460480</ele>
				<time>2026-09-05T04:12:14Z</time>
			</trkpt>
			<trkpt lat="35.298787" lon="139.262212">
				<speed>4.342680</speed>
				<ele>20.416471</ele>
				<time>2026-09-05T04:12:16Z</time>
			</trkpt>
			<trkpt lat="35.298705" lon="139.262242">
				<speed>4.426296</speed>
				<ele>20.312393</ele>
				<time>2026-09-05T04:12:18Z</time>
			</trkpt>
			<trkpt lat="35.298623" lon="139.262279">
				<speed>4.265044</speed>
				<ele>20.718229</ele>
				<time>2026-09-05T04:12:20Z</time>
			</trkpt>
			<trkpt lat="35.298544" lon="139.262317">
				<speed>4.392880</speed>
				<ele>20.526366</ele>
				<time>2026-09-05T04:12:22Z</time>
			</trkpt>
			<trkpt lat="35.298463" lon="139.262354">
				<speed>4.277307</speed>
				<ele>20.260435</ele>
				<time>2026-09-05T04:12:24Z</time>
			</trkpt>
			<trkpt lat="35.298383" lon="139.262386">
				<speed>4.282925</speed>
				<ele>21.456680</ele>
				<time>2026-09-05T04:12:26Z</time>
			</trkpt>
			<trkpt lat="35.298305" lon="139.262414">
				<speed>4.202862</speed>
				<ele>21.631051</ele>
				<time>2026-09-05T04:12:28Z</time>
			</trkpt>
			<trkpt lat="35.298229" lon="139.262439">
				<speed>4.028984</speed>
				<ele>21.656679</ele>
				<time>2026-09-05T04:12:30Z</time>
			</trkpt>
			<trkpt lat="35.298159" lon="139.262461">
				<speed>3.498811</speed>
				<ele>21.806178</ele>
				<time>2026-09-05T04:12:32Z</time>
			</trkpt>
			<trkpt lat="35.298096" lon="139.262480">
				<speed>3.205681</speed>
				<ele>21.771944</ele>
				<time>2026-09-05T04:12:34Z</time>
			</trkpt>
			<trkpt lat="35.298040" lon="139.262497">
				<speed>2.611184</speed>
				<ele>21.838558</ele>
				<time>2026-09-05T04:12:36Z</time>
			</trkpt>
			<trkpt lat="35.298079" lon="139.262482">
				<speed>0.446069</speed>
				<ele>22.119212</ele>
				<time>2026-09-05T04:13:38Z</time>
			</trkpt>
			<trkpt lat="35.298122" lon="139.262469">
				<speed>0.236284</speed>
				<ele>21.922104</ele>
				<time>2026-09-05T04:13:40Z</time>
			</trkpt>
			<trkpt lat="35.298189" lon="139.262451">
				<speed>0.272264</speed>
				<ele>21.767894</ele>
				<time>2026-09-05T04:13:43Z</time>
			</trkpt>
			<trkpt lat="35.298301" lon="139.262423">
				<speed>1.653128</speed>
				<ele>21.701709</ele>
				<time>2026-09-05T04:13:47Z</time>
			</trkpt>
			<trkpt lat="35.298377" lon="139.262405">
				<speed>1.653128</speed>
				<ele>21.626769</ele>
				<time>2026-09-05T04:13:48Z</time>
			</trkpt>
			<trkpt lat="35.298453" lon="139.262380">
				<speed>3.756794</speed>
				<ele>21.541652</ele>
				<time>2026-09-05T04:13:55Z</time>
			</trkpt>
			<trkpt lat="35.298531" lon="139.262353">
				<speed>4.195179</speed>
				<ele>21.203655</ele>
				<time>2026-09-05T04:13:57Z</time>
			</trkpt>
			<trkpt lat="35.298636" lon="139.262319">
				<speed>4.456436</speed>
				<ele>21.140349</ele>
				<time>2026-09-05T04:13:59Z</time>
			</trkpt>
			<trkpt lat="35.298692" lon="139.262301">
				<speed>4.462444</speed>
				<ele>20.866258</ele>
				<time>2026-09-05T04:14:00Z</time>
			</trkpt>
			<trkpt lat="35.298747" lon="139.262284">
				<speed>4.457329</speed>
				<ele>21.012242</ele>
				<time>2026-09-05T04:14:01Z</time>
			</trkpt>
			<trkpt lat="35.298801" lon="139.262268">
				<speed>4.415778</speed>
				<ele>20.831841</ele>
				<time>2026-09-05T04:14:02Z</time>
			</trkpt>
			<trkpt lat="35.298895" lon="139.262227">
				<speed>3.111567</speed>
				<ele>20.630480</ele>
				<time>2026-09-05T04:14:04Z</time>
			</trkpt>
			<trkpt lat="35.298946" lon="139.262174">
				<speed>3.599010</speed>
				<ele>21.051038</ele>
				<time>2026-09-05T04:14:06Z</time>
			</trkpt>
			<trkpt lat="35.298967" lon="139.262076">
				<speed>3.252189</speed>
				<ele>20.430473</ele>
				<time>2026-09-05T04:14:09Z</time>
			</trkpt>
			<trkpt lat="35.298971" lon="139.262000">
				<speed>3.725134</speed>
				<ele>19.550643</ele>
				<time>2026-09-05T04:14:11Z</time>
			</trkpt>
			<trkpt lat="35.298964" lon="139.261918">
				<speed>3.867289</speed>
				<ele>19.788087</ele>
				<time>2026-09-05T04:14:13Z</time>
			</trkpt>
			<trkpt lat="35.298944" lon="139.261830">
				<speed>4.372789</speed>
				<ele>20.302282</ele>
				<time>2026-09-05T04:14:15Z</time>
			</trkpt>
			<trkpt lat="35.298914" lon="139.261735">
				<speed>4.437773</speed>
				<ele>20.589045</ele>
				<time>2026-09-05T04:14:17Z</time>
			</trkpt>
			<trkpt lat="35.298878" lon="139.261637">
				<speed>4.368159</speed>
				<ele>21.578915</ele>
				<time>2026-09-05T04:14:19Z</time>
			</trkpt>
			<trkpt lat="35.298840" lon="139.261539">
				<speed>4.177858</speed>
				<ele>21.735097</ele>
				<time>2026-09-05T04:14:21Z</time>
			</trkpt>
			<trkpt lat="35.298804" lon="139.261445">
				<speed>3.981045</speed>
				<ele>21.923356</ele>
				<time>2026-09-05T04:14:23Z</time>
			</trkpt>
			<trkpt lat="35.298769" lon="139.261360">
				<speed>3.068150</speed>
				<ele>21.412313</ele>
				<time>2026-09-05T04:14:25Z</time>
			</trkpt>
			<trkpt lat="35.298738" lon="139.261281">
				<speed>3.367474</speed>
				<ele>22.020996</ele>
				<time>2026-09-05T04:14:27Z</time>
			</trkpt>
			<trkpt lat="35.298708" lon="139.261203">
				<speed>3.941113</speed>
				<ele>21.747194</ele>
				<time>2026-09-05T04:14:29Z</time>
			</trkpt>
			<trkpt lat="35.298681" lon="139.261121">
				<speed>3.962902</speed>
				<ele>22.029217</ele>
				<time>2026-09-05T04:14:31Z</time>
			</trkpt>
			<trkpt lat="35.298654" lon="139.261037">
				<speed>4.377960</speed>
				<ele>22.095928</ele>
				<time>2026-09-05T04:14:33Z</time>
			</trkpt>
			<trkpt lat="35.298626" lon="139.260947">
				<speed>4.698711</speed>
				<ele>22.053867</ele>
				<time>2026-09-05T04:14:35Z</time>
			</trkpt>
			<trkpt lat="35.298597" lon="139.260850">
				<speed>4.863669</speed>
				<ele>22.653435</ele>
				<time>2026-09-05T04:14:37Z</time>
			</trkpt>
			<trkpt lat="35.298566" lon="139.260746">
				<speed>5.424430</speed>
				<ele>23.109874</ele>
				<time>2026-09-05T04:14:39Z</time>
			</trkpt>
			<trkpt lat="35.298536" lon="139.260641">
				<speed>4.784904</speed>
				<ele>23.785409</ele>
				<time>2026-09-05T04:14:41Z</time>
			</trkpt>
			<trkpt lat="35.298504" lon="139.260536">
				<speed>4.955803</speed>
				<ele>23.970325</ele>
				<time>2026-09-05T04:14:43Z</time>
			</trkpt>
			<trkpt lat="35.298474" lon="139.260432">
				<speed>4.609898</speed>
				<ele>24.309547</ele>
				<time>2026-09-05T04:14:45Z</time>
			</trkpt>
			<trkpt lat="35.298445" lon="139.260329">
				<speed>4.797428</speed>
				<ele>25.274215</ele>
				<time>2026-09-05T04:14:47Z</time>
			</trkpt>
			<trkpt lat="35.298417" lon="139.260229">
				<speed>4.421338</speed>
				<ele>25.165268</ele>
				<time>2026-09-05T04:14:49Z</time>
			</trkpt>
			<trkpt lat="35.298393" lon="139.260134">
				<speed>4.130395</speed>
				<ele>25.015582</ele>
				<time>2026-09-05T04:14:51Z</time>
			</trkpt>
			<trkpt lat="35.298371" lon="139.260048">
				<speed>3.473236</speed>
				<ele>25.003550</ele>
				<time>2026-09-05T04:14:53Z</time>
			</trkpt>
			<trkpt lat="35.298353" lon="139.259978">
				<speed>1.711890</speed>
				<ele>26.033645</ele>
				<time>2026-09-05T04:14:55Z</time>
			</trkpt>
			<trkpt lat="35.298344" lon="139.259927">
				<speed>2.242872</speed>
				<ele>25.735319</ele>
				<time>2026-09-05T04:14:57Z</time>
			</trkpt>
			<trkpt lat="35.298335" lon="139.259854">
				<speed>3.666142</speed>
				<ele>24.384348</ele>
				<time>2026-09-05T04:15:00Z</time>
			</trkpt>
			<trkpt lat="35.298314" lon="139.259757">
				<speed>3.259412</speed>
				<ele>25.360714</ele>
				<time>2026-09-05T04:15:03Z</time>
			</trkpt>
			<trkpt lat="35.298295" lon="139.259686">
				<speed>3.331725</speed>
				<ele>25.728535</ele>
				<time>2026-09-05T04:15:05Z</time>
			</trkpt>
			<trkpt lat="35.298251" lon="139.259591">
				<speed>0.780301</speed>
				<ele>24.805404</ele>
				<time>2026-09-05T04:15:14Z</time>
			</trkpt>
			<trkpt lat="35.298236" lon="139.259526">
				<speed>3.053579</speed>
				<ele>26.410096</ele>
				<time>2026-09-05T04:15:21Z</time>
			</trkpt>
			<trkpt lat="35.298218" lon="139.259462">
				<speed>3.525445</speed>
				<ele>26.304458</ele>
				<time>2026-09-05T04:15:23Z</time>
			</trkpt>
			<trkpt lat="35.298197" lon="139.259384">
				<speed>3.815992</speed>
				<ele>26.346094</ele>
				<time>2026-09-05T04:15:25Z</time>
			</trkpt>
			<trkpt lat="35.298175" lon="139.259297">
				<speed>4.001767</speed>
				<ele>26.529515</ele>
				<time>2026-09-05T04:15:27Z</time>
			</trkpt>
			<trkpt lat="35.298151" lon="139.259203">
				<speed>4.279786</speed>
				<ele>25.596707</ele>
				<time>2026-09-05T04:15:29Z</time>
			</trkpt>
			<trkpt lat="35.298127" lon="139.259105">
				<speed>4.356139</speed>
				<ele>26.412313</ele>
				<time>2026-09-05T04:15:31Z</time>
			</trkpt>
			<trkpt lat="35.298101" lon="139.259005">
				<speed>4.233678</speed>
				<ele>26.640212</ele>
				<time>2026-09-05T04:15:33Z</time>
			</trkpt>
			<trkpt lat="35.298074" lon="139.258904">
				<speed>4.330913</speed>
				<ele>25.905379</ele>
				<time>2026-09-05T04:15:35Z</time>
			</trkpt>
			<trkpt lat="35.298045" lon="139.258808">
				<speed>4.164122</speed>
				<ele>24.776302</ele>
				<time>2026-09-05T04:15:37Z</time>
			</trkpt>
			<trkpt lat="35.298016" lon="139.258716">
				<speed>3.280917</speed>
				<ele>25.745368</ele>
				<time>2026-09-05T04:15:39Z</time>
			</trkpt>
			<trkpt lat="35.297988" lon="139.258633">
				<speed>3.763102</speed>
				<ele>25.703821</ele>
				<time>2026-09-05T04:15:41Z</time>
			</trkpt>
			<trkpt lat="35.297960" lon="139.258552">
				<speed>4.039619</speed>
				<ele>25.509848</ele>
				<time>2026-09-05T04:15:43Z</time>
			</trkpt>
			<trkpt lat="35.297933" lon="139.258467">
				<speed>4.128807</speed>
				<ele>25.619612</ele>
				<time>2026-09-05T04:15:45Z</time>
			</trkpt>
			<trkpt lat="35.297906" lon="139.258382">
				<speed>4.038598</speed>
				<ele>25.682267</ele>
				<time>2026-09-05T04:15:47Z</time>
			</trkpt>
			<trkpt lat="35.297878" lon="139.258297">
				<speed>4.186930</speed>
				<ele>25.498139</ele>
				<time>2026-09-05T04:15:49Z</time>
			</trkpt>
			<trkpt lat="35.297847" lon="139.258212">
				<speed>3.886328</speed>
				<ele>25.145920</ele>
				<time>2026-09-05T04:15:51Z</time>
			</trkpt>
			<trkpt lat="35.297817" lon="139.258131">
				<speed>3.757329</speed>
				<ele>25.316953</ele>
				<time>2026-09-05T04:15:53Z</time>
			</trkpt>
			<trkpt lat="35.297788" lon="139.258057">
				<speed>3.478146</speed>
				<ele>24.918728</ele>
				<time>2026-09-05T04:15:55Z</time>
			</trkpt>
			<trkpt lat="35.297761" lon="139.257994">
				<speed>1.759719</speed>
				<ele>25.447681</ele>
				<time>2026-09-05T04:15:57Z</time>
			</trkpt>
			<trkpt lat="35.297734" lon="139.257953">
				<speed>2.414304</speed>
				<ele>25.164812</ele>
				<time>2026-09-05T04:15:59Z</time>
			</trkpt>
			<trkpt lat="35.297700" lon="139.257913">
				<speed>2.644490</speed>
				<ele>25.539578</ele>
				<time>2026-09-05T04:16:02Z</time>
			</trkpt>
			<trkpt lat="35.297643" lon="139.257944">
				<speed>1.814008</speed>
				<ele>24.570704</ele>
				<time>2026-09-05T04:16:37Z</time>
			</trkpt>
			<trkpt lat="35.297559" lon="139.257998">
				<speed>1.814008</speed>
				<ele>24.326058</ele>
				<time>2026-09-05T04:16:38Z</time>
			</trkpt>
			<trkpt lat="35.297601" lon="139.258052">
				<speed>0.580022</speed>
				<ele>24.165728</ele>
				<time>2026-09-05T04:16:47Z</time>
			</trkpt>
			<trkpt lat="35.297635" lon="139.258028">
				<speed>0.081837</speed>
				<ele>24.408589</ele>
				<time>2026-09-05T04:16:53Z</time>
			</trkpt>
			<trkpt lat="35.297663" lon="139.257987">
				<speed>0.000000</speed>
				<ele>24.331922</ele>
				<time>2026-09-05T04:16:55Z</time>
			</trkpt>
			<trkpt lat="35.297692" lon="139.257951">
				<speed>0.000000</speed>
				<ele>24.331922</ele>
				<time>2026-09-05T04:16:58Z</time>
			</trkpt>
			<trkpt lat="35.297734" lon="139.258003">
				<speed>0.204738</speed>
				<ele>23.892032</ele>
				<time>2026-09-05T04:17:04Z</time>
			</trkpt>
			<trkpt lat="35.297717" lon="139.257893">
				<speed>0.029401</speed>
				<ele>23.713073</ele>
				<time>2026-09-05T04:18:12Z</time>
			</trkpt>
			<trkpt lat="35.297761" lon="139.257905">
				<speed>1.665903</speed>
				<ele>23.765730</ele>
				<time>2026-09-05T04:18:44Z</time>
			</trkpt>
			<trkpt lat="35.297737" lon="139.257965">
				<speed>1.541092</speed>
				<ele>22.514661</ele>
				<time>2026-09-05T04:18:57Z</time>
			</trkpt>
			<trkpt lat="35.297689" lon="139.257984">
				<speed>2.692508</speed>
				<ele>21.842691</ele>
				<time>2026-09-05T04:18:59Z</time>
			</trkpt>
			<trkpt lat="35.297707" lon="139.257901">
				<speed>3.116274</speed>
				<ele>24.551028</ele>
				<time>2026-09-05T04:20:43Z</time>
			</trkpt>
			<trkpt lat="35.297707" lon="139.257810">
				<speed>3.523725</speed>
				<ele>23.983513</ele>
				<time>2026-09-05T04:20:46Z</time>
			</trkpt>
			<trkpt lat="35.297691" lon="139.257732">
				<speed>3.691472</speed>
				<ele>24.190119</ele>
				<time>2026-09-05T04:20:48Z</time>
			</trkpt>
			<trkpt lat="35.297670" lon="139.257646">
				<speed>3.933291</speed>
				<ele>24.322798</ele>
				<time>2026-09-05T04:20:50Z</time>
			</trkpt>
			<trkpt lat="35.297646" lon="139.257554">
				<speed>3.923773</speed>
				<ele>24.889613</ele>
				<time>2026-09-05T04:20:52Z</time>
			</trkpt>
			<trkpt lat="35.297618" lon="139.257461">
				<speed>4.241623</speed>
				<ele>24.479451</ele>
				<time>2026-09-05T04:20:54Z</time>
			</trkpt>
			<trkpt lat="35.297588" lon="139.257367">
				<speed>4.266039</speed>
				<ele>24.938937</ele>
				<time>2026-09-05T04:20:56Z</time>
			</trkpt>
			<trkpt lat="35.297558" lon="139.257274">
				<speed>4.182244</speed>
				<ele>25.114843</ele>
				<time>2026-09-05T04:20:57Z</time>
			</trkpt>
			<trkpt lat="35.297527" lon="139.257180">
				<speed>4.404153</speed>
				<ele>25.165757</ele>
				<time>2026-09-05T04:20:59Z</time>
			</trkpt>
			<trkpt lat="35.297496" lon="139.257085">
				<speed>4.627737</speed>
				<ele>25.081310</ele>
				<time>2026-09-05T04:21:01Z</time>
			</trkpt>
			<trkpt lat="35.297466" lon="139.256988">
				<speed>4.593059</speed>
				<ele>25.139287</ele>
				<time>2026-09-05T04:21:03Z</time>
			</trkpt>
			<trkpt lat="35.297436" lon="139.256889">
				<speed>4.654580</speed>
				<ele>25.004279</ele>
				<time>2026-09-05T04:21:05Z</time>
			</trkpt>
			<trkpt lat="35.297407" lon="139.256789">
				<speed>4.901594</speed>
				<ele>25.211097</ele>
				<time>2026-09-05T04:21:07Z</time>
			</trkpt>
			<trkpt lat="35.297377" lon="139.256684">
				<speed>5.053595</speed>
				<ele>25.216428</ele>
				<time>2026-09-05T04:21:09Z</time>
			</trkpt>
			<trkpt lat="35.297348" lon="139.256577">
				<speed>5.292620</speed>
				<ele>25.344368</ele>
				<time>2026-09-05T04:21:11Z</time>
			</trkpt>
			<trkpt lat="35.297317" lon="139.256466">
				<speed>5.439512</speed>
				<ele>25.269845</ele>
				<time>2026-09-05T04:21:13Z</time>
			</trkpt>
			<trkpt lat="35.297287" lon="139.256351">
				<speed>5.664134</speed>
				<ele>24.318511</ele>
				<time>2026-09-05T04:21:15Z</time>
			</trkpt>
			<trkpt lat="35.297257" lon="139.256233">
				<speed>5.591176</speed>
				<ele>24.754858</ele>
				<time>2026-09-05T04:21:18Z</time>
			</trkpt>
			<trkpt lat="35.297226" lon="139.256112">
				<speed>5.791000</speed>
				<ele>24.472813</ele>
				<time>2026-09-05T04:21:20Z</time>
			</trkpt>
			<trkpt lat="35.297196" lon="139.255987">
				<speed>6.006619</speed>
				<ele>24.526347</ele>
				<time>2026-09-05T04:21:22Z</time>
			</trkpt>
			<trkpt lat="35.297180" lon="139.255923">
				<speed>6.101185</speed>
				<ele>24.512259</ele>
				<time>2026-09-05T04:21:23Z</time>
			</trkpt>
			<trkpt lat="35.297163" lon="139.255858">
				<speed>6.070008</speed>
				<ele>24.606648</ele>
				<time>2026-09-05T04:21:24Z</time>
			</trkpt>
			<trkpt lat="35.297146" lon="139.255793">
				<speed>6.129410</speed>
				<ele>24.703223</ele>
				<time>2026-09-05T04:21:25Z</time>
			</trkpt>
			<trkpt lat="35.297129" lon="139.255727">
				<speed>6.032901</speed>
				<ele>24.886823</ele>
				<time>2026-09-05T04:21:26Z</time>
			</trkpt>
			<trkpt lat="35.297112" lon="139.255662">
				<speed>6.152522</speed>
				<ele>24.895863</ele>
				<time>2026-09-05T04:21:27Z</time>
			</trkpt>
			<trkpt lat="35.297095" lon="139.255596">
				<speed>6.058807</speed>
				<ele>24.768209</ele>
				<time>2026-09-05T04:21:28Z</time>
			</trkpt>
			<trkpt lat="35.297078" lon="139.255531">
				<speed>6.074981</speed>
				<ele>24.682899</ele>
				<time>2026-09-05T04:21:29Z</time>
			</trkpt>
			<trkpt lat="35.297061" lon="139.255465">
				<speed>6.053269</speed>
				<ele>24.701758</ele>
				<time>2026-09-05T04:21:30Z</time>
			</trkpt>
			<trkpt lat="35.297044" lon="139.255400">
				<speed>6.113318</speed>
				<ele>25.647699</ele>
				<time>2026-09-05T04:21:31Z</time>
			</trkpt>
			<trkpt lat="35.297026" lon="139.255335">
				<speed>6.165492</speed>
				<ele>26.979363</ele>
				<time>2026-09-05T04:21:32Z</time>
			</trkpt>
			<trkpt lat="35.297007" lon="139.255271">
				<speed>6.159430</speed>
				<ele>25.548351</ele>
				<time>2026-09-05T04:21:33Z</time>
			</trkpt>
			<trkpt lat="35.296988" lon="139.255206">
				<speed>6.080633</speed>
				<ele>25.284932</ele>
				<time>2026-09-05T04:21:34Z</time>
			</trkpt>
			<trkpt lat="35.296967" lon="139.255142">
				<speed>6.216454</speed>
				<ele>25.221124</ele>
				<time>2026-09-05T04:21:35Z</time>
			</trkpt>
			<trkpt lat="35.296946" lon="139.255079">
				<speed>6.136660</speed>
				<ele>25.130166</ele>
				<time>2026-09-05T04:21:36Z</time>
			</trkpt>
			<trkpt lat="35.296924" lon="139.255017">
				<speed>6.128226</speed>
				<ele>25.068698</ele>
				<time>2026-09-05T04:21:37Z</time>
			</trkpt>
			<trkpt lat="35.296901" lon="139.254955">
				<speed>6.059371</speed>
				<ele>25.095947</ele>
				<time>2026-09-05T04:21:38Z</time>
			</trkpt>
			<trkpt lat="35.296877" lon="139.254895">
				<speed>5.953131</speed>
				<ele>24.863930</ele>
				<time>2026-09-05T04:21:39Z</time>
			</trkpt>
			<trkpt lat="35.296853" lon="139.254835">
				<speed>5.813137</speed>
				<ele>24.845869</ele>
				<time>2026-09-05T04:21:40Z</time>
			</trkpt>
			<trkpt lat="35.296807" lon="139.254718">
				<speed>5.862651</speed>
				<ele>24.952824</ele>
				<time>2026-09-05T04:21:42Z</time>
			</trkpt>
			<trkpt lat="35.296762" lon="139.254601">
				<speed>5.878460</speed>
				<ele>24.948418</ele>
				<time>2026-09-05T04:21:44Z</time>
			</trkpt>
			<trkpt lat="35.296718" lon="139.254484">
				<speed>5.855696</speed>
				<ele>24.937989</ele>
				<time>2026-09-05T04:21:46Z</time>
			</trkpt>
			<trkpt lat="35.296674" lon="139.254367">
				<speed>5.974634</speed>
				<ele>24.902899</ele>
				<time>2026-09-05T04:21:48Z</time>
			</trkpt>
			<trkpt lat="35.296629" lon="139.254248">
				<speed>6.126494</speed>
				<ele>25.002339</ele>
				<time>2026-09-05T04:21:50Z</time>
			</trkpt>
			<trkpt lat="35.296606" lon="139.254188">
				<speed>6.213765</speed>
				<ele>25.127500</ele>
				<time>2026-09-05T04:21:51Z</time>
			</trkpt>
			<trkpt lat="35.296584" lon="139.254127">
				<speed>6.094958</speed>
				<ele>25.270833</ele>
				<time>2026-09-05T04:21:52Z</time>
			</trkpt>
			<trkpt lat="35.296561" lon="139.254065">
				<speed>6.265533</speed>
				<ele>25.143113</ele>
				<time>2026-09-05T04:21:53Z</time>
			</trkpt>
			<trkpt lat="35.296538" lon="139.254003">
				<speed>6.258301</speed>
				<ele>25.126621</ele>
				<time>2026-09-05T04:21:54Z</time>
			</trkpt>
			<trkpt lat="35.296515" lon="139.253940">
				<speed>6.293994</speed>
				<ele>25.022236</ele>
				<time>2026-09-05T04:21:55Z</time>
			</trkpt>
			<trkpt lat="35.296493" lon="139.253876">
				<speed>6.311125</speed>
				<ele>25.101662</ele>
				<time>2026-09-05T04:21:56Z</time>
			</trkpt>
			<trkpt lat="35.296471" lon="139.253812">
				<speed>6.331886</speed>
				<ele>24.981950</ele>
				<time>2026-09-05T04:21:57Z</time>
			</trkpt>
			<trkpt lat="35.296449" lon="139.253747">
				<speed>6.242124</speed>
				<ele>25.190292</ele>
				<time>2026-09-05T04:21:58Z</time>
			</trkpt>
			<trkpt lat="35.296427" lon="139.253682">
				<speed>6.287025</speed>
				<ele>25.087046</ele>
				<time>2026-09-05T04:21:59Z</time>
			</trkpt>
			<trkpt lat="35.296406" lon="139.253618">
				<speed>6.161625</speed>
				<ele>24.941223</ele>
				<time>2026-09-05T04:22:00Z</time>
			</trkpt>
			<trkpt lat="35.296386" lon="139.253553">
				<speed>6.138083</speed>
				<ele>24.996939</ele>
				<time>2026-09-05T04:22:01Z</time>
			</trkpt>
			<trkpt lat="35.296366" lon="139.253488">
				<speed>6.246005</speed>
				<ele>24.727174</ele>
				<time>2026-09-05T04:22:02Z</time>
			</trkpt>
			<trkpt lat="35.296346" lon="139.253424">
				<speed>6.203090</speed>
				<ele>24.961485</ele>
				<time>2026-09-05T04:22:03Z</time>
			</trkpt>
			<trkpt lat="35.296326" lon="139.253359">
				<speed>6.166712</speed>
				<ele>24.981328</ele>
				<time>2026-09-05T04:22:04Z</time>
			</trkpt>
			<trkpt lat="35.296308" lon="139.253294">
				<speed>6.225966</speed>
				<ele>25.136956</ele>
				<time>2026-09-05T04:22:05Z</time>
			</trkpt>
			<trkpt lat="35.296290" lon="139.253230">
				<speed>5.985653</speed>
				<ele>25.364290</ele>
				<time>2026-09-05T04:22:06Z</time>
			</trkpt>
			<trkpt lat="35.296272" lon="139.253166">
				<speed>6.099713</speed>
				<ele>25.223543</ele>
				<time>2026-09-05T04:22:07Z</time>
			</trkpt>
			<trkpt lat="35.296255" lon="139.253102">
				<speed>6.095436</speed>
				<ele>25.287948</ele>
				<time>2026-09-05T04:22:08Z</time>
			</trkpt>
			<trkpt lat="35.296238" lon="139.253039">
				<speed>5.983133</speed>
				<ele>25.223173</ele>
				<time>2026-09-05T04:22:09Z</time>
			</trkpt>
			<trkpt lat="35.296221" lon="139.252976">
				<speed>6.051094</speed>
				<ele>25.369933</ele>
				<time>2026-09-05T04:22:10Z</time>
			</trkpt>
			<trkpt lat="35.296187" lon="139.252854">
				<speed>5.757404</speed>
				<ele>25.232882</ele>
				<time>2026-09-05T04:22:12Z</time>
			</trkpt>
			<trkpt lat="35.296155" lon="139.252736">
				<speed>5.169133</speed>
				<ele>25.267553</ele>
				<time>2026-09-05T04:22:14Z</time>
			</trkpt>
			<trkpt lat="35.296125" lon="139.252621">
				<speed>5.423247</speed>
				<ele>25.105651</ele>
				<time>2026-09-05T04:22:16Z</time>
			</trkpt>
			<trkpt lat="35.296096" lon="139.252508">
				<speed>5.321284</speed>
				<ele>25.192953</ele>
				<time>2026-09-05T04:22:18Z</time>
			</trkpt>
			<trkpt lat="35.296068" lon="139.252398">
				<speed>5.121286</speed>
				<ele>25.285894</ele>
				<time>2026-09-05T04:22:20Z</time>
			</trkpt>
			<trkpt lat="35.296039" lon="139.252293">
				<speed>4.968717</speed>
				<ele>25.342407</ele>
				<time>2026-09-05T04:22:22Z</time>
			</trkpt>
			<trkpt lat="35.296009" lon="139.252190">
				<speed>4.886958</speed>
				<ele>25.114713</ele>
				<time>2026-09-05T04:22:24Z</time>
			</trkpt>
			<trkpt lat="35.295978" lon="139.252090">
				<speed>5.050427</speed>
				<ele>25.230972</ele>
				<time>2026-09-05T04:22:26Z</time>
			</trkpt>
			<trkpt lat="35.295945" lon="139.251988">
				<speed>5.283615</speed>
				<ele>25.325289</ele>
				<time>2026-09-05T04:22:28Z</time>
			</trkpt>
			<trkpt lat="35.295908" lon="139.251883">
				<speed>5.432357</speed>
				<ele>25.362304</ele>
				<time>2026-09-05T04:22:30Z</time>
			</trkpt>
			<trkpt lat="35.295868" lon="139.251776">
				<speed>5.550374</speed>
				<ele>25.364137</ele>
				<time>2026-09-05T04:22:32Z</time>
			</trkpt>
			<trkpt lat="35.295825" lon="139.251666">
				<speed>5.478172</speed>
				<ele>25.328144</ele>
				<time>2026-09-05T04:22:34Z</time>
			</trkpt>
			<trkpt lat="35.295782" lon="139.251556">
				<speed>5.407215</speed>
				<ele>25.304288</ele>
				<time>2026-09-05T04:22:36Z</time>
			</trkpt>
			<trkpt lat="35.295739" lon="139.251446">
				<speed>5.494356</speed>
				<ele>25.441424</ele>
				<time>2026-09-05T04:22:38Z</time>
			</trkpt>
			<trkpt lat="35.295694" lon="139.251335">
				<speed>5.549803</speed>
				<ele>25.944332</ele>
				<time>2026-09-05T04:22:40Z</time>
			</trkpt>
			<trkpt lat="35.295650" lon="139.251222">
				<speed>5.835194</speed>
				<ele>25.435898</ele>
				<time>2026-09-05T04:22:42Z</time>
			</trkpt>
			<trkpt lat="35.295606" lon="139.251107">
				<speed>5.739043</speed>
				<ele>25.297353</ele>
				<time>2026-09-05T04:22:44Z</time>
			</trkpt>
			<trkpt lat="35.295562" lon="139.250990">
				<speed>5.768037</speed>
				<ele>25.053955</ele>
				<time>2026-09-05T04:22:46Z</time>
			</trkpt>
			<trkpt lat="35.295517" lon="139.250871">
				<speed>5.836622</speed>
				<ele>24.907028</ele>
				<time>2026-09-05T04:22:48Z</time>
			</trkpt>
			<trkpt lat="35.295472" lon="139.250752">
				<speed>5.891466</speed>
				<ele>24.947888</ele>
				<time>2026-09-05T04:22:50Z</time>
			</trkpt>
			<trkpt lat="35.295427" lon="139.250632">
				<speed>5.973585</speed>
				<ele>24.768471</ele>
				<time>2026-09-05T04:22:52Z</time>
			</trkpt>
			<trkpt lat="35.295382" lon="139.250512">
				<speed>6.032643</speed>
				<ele>24.595652</ele>
				<time>2026-09-05T04:22:54Z</time>
			</trkpt>
			<trkpt lat="35.295359" lon="139.250453">
				<speed>5.946484</speed>
				<ele>24.588052</ele>
				<time>2026-09-05T04:22:55Z</time>
			</trkpt>
			<trkpt lat="35.295314" lon="139.250334">
				<speed>5.861388</speed>
				<ele>24.470184</ele>
				<time>2026-09-05T04:22:57Z</time>
			</trkpt>
			<trkpt lat="35.295271" lon="139.250216">
				<speed>5.767230</speed>
				<ele>24.240314</ele>
				<time>2026-09-05T04:22:59Z</time>
			</trkpt>
			<trkpt lat="35.295227" lon="139.250099">
				<speed>5.877328</speed>
				<ele>24.443802</ele>
				<time>2026-09-05T04:23:01Z</time>
			</trkpt>
			<trkpt lat="35.295183" lon="139.249982">
				<speed>5.834355</speed>
				<ele>24.059568</ele>
				<time>2026-09-05T04:23:03Z</time>
			</trkpt>
			<trkpt lat="35.295140" lon="139.249864">
				<speed>5.884503</speed>
				<ele>23.762902</ele>
				<time>2026-09-05T04:23:05Z</time>
			</trkpt>
			<trkpt lat="35.295099" lon="139.249745">
				<speed>6.081094</speed>
				<ele>23.778454</ele>
				<time>2026-09-05T04:23:07Z</time>
			</trkpt>
			<trkpt lat="35.295077" lon="139.249684">
				<speed>6.204604</speed>
				<ele>23.713821</ele>
				<time>2026-09-05T04:23:08Z</time>
			</trkpt>
			<trkpt lat="35.295056" lon="139.249622">
				<speed>6.389832</speed>
				<ele>23.598683</ele>
				<time>2026-09-05T04:23:09Z</time>
			</trkpt>
			<trkpt lat="35.295035" lon="139.249558">
				<speed>6.440902</speed>
				<ele>23.392550</ele>
				<time>2026-09-05T04:23:10Z</time>
			</trkpt>
			<trkpt lat="35.295013" lon="139.249494">
				<speed>6.470795</speed>
				<ele>23.553883</ele>
				<time>2026-09-05T04:23:11Z</time>
			</trkpt>
			<trkpt lat="35.294992" lon="139.249429">
				<speed>6.398144</speed>
				<ele>23.548029</ele>
				<time>2026-09-05T04:23:12Z</time>
			</trkpt>
			<trkpt lat="35.294971" lon="139.249364">
				<speed>6.390189</speed>
				<ele>23.321563</ele>
				<time>2026-09-05T04:23:13Z</time>
			</trkpt>
			<trkpt lat="35.294950" lon="139.249298">
				<speed>6.457880</speed>
				<ele>23.410530</ele>
				<time>2026-09-05T04:23:14Z</time>
			</trkpt>
			<trkpt lat="35.294928" lon="139.249232">
				<speed>6.467403</speed>
				<ele>23.515237</ele>
				<time>2026-09-05T04:23:15Z</time>
			</trkpt>
			<trkpt lat="35.294907" lon="139.249165">
				<speed>6.447665</speed>
				<ele>23.362819</ele>
				<time>2026-09-05T04:23:16Z</time>
			</trkpt>
			<trkpt lat="35.294885" lon="139.249098">
				<speed>6.373846</speed>
				<ele>23.420661</ele>
				<time>2026-09-05T04:23:17Z</time>
			</trkpt>
			<trkpt lat="35.294863" lon="139.249032">
				<speed>6.195277</speed>
				<ele>23.475843</ele>
				<time>2026-09-05T04:23:18Z</time>
			</trkpt>
			<trkpt lat="35.294841" lon="139.248966">
				<speed>6.224987</speed>
				<ele>23.392139</ele>
				<time>2026-09-05T04:23:19Z</time>
			</trkpt>
			<trkpt lat="35.294818" lon="139.248900">
				<speed>6.306576</speed>
				<ele>23.091295</ele>
				<time>2026-09-05T04:23:20Z</time>
			</trkpt>
			<trkpt lat="35.294796" lon="139.248834">
				<speed>6.541965</speed>
				<ele>22.817156</ele>
				<time>2026-09-05T04:23:21Z</time>
			</trkpt>
			<trkpt lat="35.294774" lon="139.248768">
				<speed>6.482546</speed>
				<ele>22.966829</ele>
				<time>2026-09-05T04:23:22Z</time>
			</trkpt>
			<trkpt lat="35.294751" lon="139.248701">
				<speed>6.551794</speed>
				<ele>23.173799</ele>
				<time>2026-09-05T04:23:23Z</time>
			</trkpt>
			<trkpt lat="35.294729" lon="139.248634">
				<speed>6.592425</speed>
				<ele>23.267964</ele>
				<time>2026-09-05T04:23:24Z</time>
			</trkpt>
			<trkpt lat="35.294707" lon="139.248567">
				<speed>6.579571</speed>
				<ele>23.277920</ele>
				<time>2026-09-05T04:23:25Z</time>
			</trkpt>
			<trkpt lat="35.294684" lon="139.248500">
				<speed>6.416721</speed>
				<ele>23.312203</ele>
				<time>2026-09-05T04:23:26Z</time>
			</trkpt>
			<trkpt lat="35.294662" lon="139.248434">
				<speed>6.462303</speed>
				<ele>23.425128</ele>
				<time>2026-09-05T04:23:27Z</time>
			</trkpt>
			<trkpt lat="35.294640" lon="139.248368">
				<speed>6.418111</speed>
				<ele>23.663656</ele>
				<time>2026-09-05T04:23:28Z</time>
			</trkpt>
			<trkpt lat="35.294618" lon="139.248301">
				<speed>6.360907</speed>
				<ele>23.812378</ele>
				<time>2026-09-05T04:23:29Z</time>
			</trkpt>
			<trkpt lat="35.294596" lon="139.248236">
				<speed>6.194580</speed>
				<ele>23.940011</ele>
				<time>2026-09-05T04:23:30Z</time>
			</trkpt>
			<trkpt lat="35.294574" lon="139.248172">
				<speed>6.101641</speed>
				<ele>24.167542</ele>
				<time>2026-09-05T04:23:31Z</time>
			</trkpt>
			<trkpt lat="35.294553" lon="139.248108">
				<speed>6.013185</speed>
				<ele>24.369297</ele>
				<time>2026-09-05T04:23:32Z</time>
			</trkpt>
			<trkpt lat="35.294533" lon="139.248046">
				<speed>5.898328</speed>
				<ele>24.410895</ele>
				<time>2026-09-05T04:23:33Z</time>
			</trkpt>
			<trkpt lat="35.294492" lon="139.247926">
				<speed>5.751344</speed>
				<ele>25.009689</ele>
				<time>2026-09-05T04:23:35Z</time>
			</trkpt>
			<trkpt lat="35.294453" lon="139.247810">
				<speed>5.728947</speed>
				<ele>24.959101</ele>
				<time>2026-09-05T04:23:37Z</time>
			</trkpt>
			<trkpt lat="35.294414" lon="139.247695">
				<speed>5.718464</speed>
				<ele>25.326029</ele>
				<time>2026-09-05T04:23:39Z</time>
			</trkpt>
			<trkpt lat="35.294376" lon="139.247580">
				<speed>5.651233</speed>
				<ele>25.562817</ele>
				<time>2026-09-05T04:23:41Z</time>
			</trkpt>
			<trkpt lat="35.294338" lon="139.247467">
				<speed>5.614832</speed>
				<ele>25.716123</ele>
				<time>2026-09-05T04:23:43Z</time>
			</trkpt>
			<trkpt lat="35.294300" lon="139.247354">
				<speed>5.578433</speed>
				<ele>25.910024</ele>
				<time>2026-09-05T04:23:45Z</time>
			</trkpt>
			<trkpt lat="35.294263" lon="139.247241">
				<speed>5.527250</speed>
				<ele>26.039592</ele>
				<time>2026-09-05T04:23:47Z</time>
			</trkpt>
			<trkpt lat="35.294227" lon="139.247130">
				<speed>5.414521</speed>
				<ele>26.283967</ele>
				<time>2026-09-05T04:23:49Z</time>
			</trkpt>
			<trkpt lat="35.294191" lon="139.247020">
				<speed>5.343250</speed>
				<ele>26.100272</ele>
				<time>2026-09-05T04:23:51Z</time>
			</trkpt>
			<trkpt lat="35.294155" lon="139.246911">
				<speed>5.392306</speed>
				<ele>26.116871</ele>
				<time>2026-09-05T04:23:53Z</time>
			</trkpt>
			<trkpt lat="35.294119" lon="139.246802">
				<speed>5.441729</speed>
				<ele>26.490385</ele>
				<time>2026-09-05T04:23:55Z</time>
			</trkpt>
			<trkpt lat="35.294081" lon="139.246696">
				<speed>5.187193</speed>
				<ele>27.020325</ele>
				<time>2026-09-05T04:23:57Z</time>
			</trkpt>
			<trkpt lat="35.294044" lon="139.246592">
				<speed>5.232128</speed>
				<ele>27.160461</ele>
				<time>2026-09-05T04:23:59Z</time>
			</trkpt>
			<trkpt lat="35.294007" lon="139.246487">
				<speed>5.186735</speed>
				<ele>27.227481</ele>
				<time>2026-09-05T04:24:01Z</time>
			</trkpt>
			<trkpt lat="35.293969" lon="139.246383">
				<speed>5.260970</speed>
				<ele>27.604729</ele>
				<time>2026-09-05T04:24:03Z</time>
			</trkpt>
			<trkpt lat="35.293929" lon="139.246278">
				<speed>5.350530</speed>
				<ele>27.388006</ele>
				<time>2026-09-05T04:24:05Z</time>
			</trkpt>
			<trkpt lat="35.293885" lon="139.246172">
				<speed>5.522776</speed>
				<ele>27.376049</ele>
				<time>2026-09-05T04:24:07Z</time>
			</trkpt>
			<trkpt lat="35.293837" lon="139.246065">
				<speed>5.492014</speed>
				<ele>27.398659</ele>
				<time>2026-09-05T04:24:09Z</time>
			</trkpt>
			<trkpt lat="35.293788" lon="139.245959">
				<speed>5.510986</speed>
				<ele>27.135373</ele>
				<time>2026-09-05T04:24:11Z</time>
			</trkpt>
			<trkpt lat="35.293738" lon="139.245854">
				<speed>5.460803</speed>
				<ele>27.396771</ele>
				<time>2026-09-05T04:24:13Z</time>
			</trkpt>
			<trkpt lat="35.293686" lon="139.245750">
				<speed>5.536412</speed>
				<ele>27.400749</ele>
				<time>2026-09-05T04:24:15Z</time>
			</trkpt>
			<trkpt lat="35.293633" lon="139.245644">
				<speed>5.592496</speed>
				<ele>27.294096</ele>
				<time>2026-09-05T04:24:17Z</time>
			</trkpt>
			<trkpt lat="35.293580" lon="139.245539">
				<speed>5.578639</speed>
				<ele>27.139582</ele>
				<time>2026-09-05T04:24:19Z</time>
			</trkpt>
			<trkpt lat="35.293528" lon="139.245432">
				<speed>5.647778</speed>
				<ele>27.108679</ele>
				<time>2026-09-05T04:24:21Z</time>
			</trkpt>
			<trkpt lat="35.293475" lon="139.245325">
				<speed>5.664648</speed>
				<ele>25.943243</ele>
				<time>2026-09-05T04:24:23Z</time>
			</trkpt>
			<trkpt lat="35.293424" lon="139.245219">
				<speed>5.635464</speed>
				<ele>26.595177</ele>
				<time>2026-09-05T04:24:25Z</time>
			</trkpt>
			<trkpt lat="35.293372" lon="139.245112">
				<speed>5.638516</speed>
				<ele>26.751105</ele>
				<time>2026-09-05T04:24:27Z</time>
			</trkpt>
			<trkpt lat="35.293320" lon="139.245005">
				<speed>5.661616</speed>
				<ele>26.855386</ele>
				<time>2026-09-05T04:24:29Z</time>
			</trkpt>
			<trkpt lat="35.293268" lon="139.244898">
				<speed>5.618942</speed>
				<ele>26.950109</ele>
				<time>2026-09-05T04:24:31Z</time>
			</trkpt>
			<trkpt lat="35.293215" lon="139.244791">
				<speed>5.639247</speed>
				<ele>26.689718</ele>
				<time>2026-09-05T04:24:33Z</time>
			</trkpt>
			<trkpt lat="35.293163" lon="139.244684">
				<speed>5.680128</speed>
				<ele>26.909036</ele>
				<time>2026-09-05T04:24:35Z</time>
			</trkpt>
			<trkpt lat="35.293111" lon="139.244575">
				<speed>5.952966</speed>
				<ele>26.844379</ele>
				<time>2026-09-05T04:24:37Z</time>
			</trkpt>
			<trkpt lat="35.293056" lon="139.244465">
				<speed>5.964002</speed>
				<ele>26.667713</ele>
				<time>2026-09-05T04:24:39Z</time>
			</trkpt>
			<trkpt lat="35.293002" lon="139.244353">
				<speed>5.907759</speed>
				<ele>26.526291</ele>
				<time>2026-09-05T04:24:41Z</time>
			</trkpt>
			<trkpt lat="35.292948" lon="139.244240">
				<speed>5.909420</speed>
				<ele>26.914672</ele>
				<time>2026-09-05T04:24:43Z</time>
			</trkpt>
			<trkpt lat="35.292893" lon="139.244127">
				<speed>5.893584</speed>
				<ele>26.997779</ele>
				<time>2026-09-05T04:24:45Z</time>
			</trkpt>
			<trkpt lat="35.292839" lon="139.244015">
				<speed>5.899502</speed>
				<ele>27.045385</ele>
				<time>2026-09-05T04:24:47Z</time>
			</trkpt>
			<trkpt lat="35.292786" lon="139.243903">
				<speed>5.736512</speed>
				<ele>27.377574</ele>
				<time>2026-09-05T04:24:49Z</time>
			</trkpt>
			<trkpt lat="35.292735" lon="139.243790">
				<speed>5.900433</speed>
				<ele>27.545675</ele>
				<time>2026-09-05T04:24:51Z</time>
			</trkpt>
			<trkpt lat="35.292686" lon="139.243676">
				<speed>5.858169</speed>
				<ele>27.533963</ele>
				<time>2026-09-05T04:24:53Z</time>
			</trkpt>
			<trkpt lat="35.292640" lon="139.243560">
				<speed>5.797249</speed>
				<ele>27.678363</ele>
				<time>2026-09-05T04:24:55Z</time>
			</trkpt>
			<trkpt lat="35.292597" lon="139.243444">
				<speed>5.663730</speed>
				<ele>27.657631</ele>
				<time>2026-09-05T04:24:57Z</time>
			</trkpt>
			<trkpt lat="35.292557" lon="139.243331">
				<speed>4.965427</speed>
				<ele>27.593660</ele>
				<time>2026-09-05T04:24:59Z</time>
			</trkpt>
			<trkpt lat="35.292522" lon="139.243233">
				<speed>3.316919</speed>
				<ele>27.592675</ele>
				<time>2026-09-05T04:25:01Z</time>
			</trkpt>
			<trkpt lat="35.292491" lon="139.243173">
				<speed>2.074038</speed>
				<ele>27.723153</ele>
				<time>2026-09-05T04:25:03Z</time>
			</trkpt>
			<trkpt lat="35.292431" lon="139.243181">
				<speed>3.654916</speed>
				<ele>28.117407</ele>
				<time>2026-09-05T04:25:08Z</time>
			</trkpt>
			<trkpt lat="35.292376" lon="139.243242">
				<speed>3.720971</speed>
				<ele>29.288014</ele>
				<time>2026-09-05T04:25:10Z</time>
			</trkpt>
			<trkpt lat="35.292312" lon="139.243314">
				<speed>4.281463</speed>
				<ele>28.966245</ele>
				<time>2026-09-05T04:25:12Z</time>
			</trkpt>
			<trkpt lat="35.292240" lon="139.243386">
				<speed>4.465659</speed>
				<ele>29.047761</ele>
				<time>2026-09-05T04:25:14Z</time>
			</trkpt>
			<trkpt lat="35.292163" lon="139.243454">
				<speed>4.723748</speed>
				<ele>28.746810</ele>
				<time>2026-09-05T04:25:16Z</time>
			</trkpt>
			<trkpt lat="35.292082" lon="139.243519">
				<speed>4.724363</speed>
				<ele>28.395371</ele>
				<time>2026-09-05T04:25:18Z</time>
			</trkpt>
			<trkpt lat="35.292001" lon="139.243579">
				<speed>4.598741</speed>
				<ele>28.199976</ele>
				<time>2026-09-05T04:25:20Z</time>
			</trkpt>
			<trkpt lat="35.291923" lon="139.243638">
				<speed>4.555909</speed>
				<ele>27.642101</ele>
				<time>2026-09-05T04:25:22Z</time>
			</trkpt>
			<trkpt lat="35.291847" lon="139.243692">
				<speed>4.468113</speed>
				<ele>27.377603</ele>
				<time>2026-09-05T04:25:24Z</time>
			</trkpt>
			<trkpt lat="35.291774" lon="139.243745">
				<speed>4.161483</speed>
				<ele>27.145896</ele>
				<time>2026-09-05T04:25:26Z</time>
			</trkpt>
			<trkpt lat="35.291706" lon="139.243796">
				<speed>4.196279</speed>
				<ele>27.086156</ele>
				<time>2026-09-05T04:25:28Z</time>
			</trkpt>
			<trkpt lat="35.291642" lon="139.243849">
				<speed>4.361748</speed>
				<ele>26.960717</ele>
				<time>2026-09-05T04:25:30Z</time>
			</trkpt>
			<trkpt lat="35.291579" lon="139.243901">
				<speed>4.357865</speed>
				<ele>26.941411</ele>
				<time>2026-09-05T04:25:32Z</time>
			</trkpt>
			<trkpt lat="35.291517" lon="139.243958">
				<speed>4.324023</speed>
				<ele>26.497412</ele>
				<time>2026-09-05T04:25:34Z</time>
			</trkpt>
			<trkpt lat="35.291466" lon="139.244010">
				<speed>2.197456</speed>
				<ele>26.151214</ele>
				<time>2026-09-05T04:25:36Z</time>
			</trkpt>
			<trkpt lat="35.291436" lon="139.244051">
				<speed>1.870592</speed>
				<ele>26.020068</ele>
				<time>2026-09-05T04:25:38Z</time>
			</trkpt>
			<trkpt lat="35.291450" lon="139.244098">
				<speed>2.551399</speed>
				<ele>25.399884</ele>
				<time>2026-09-05T04:25:41Z</time>
			</trkpt>
			<trkpt lat="35.291484" lon="139.244140">
				<speed>2.540918</speed>
				<ele>25.104384</ele>
				<time>2026-09-05T04:25:43Z</time>
			</trkpt>
			<trkpt lat="35.291523" lon="139.244182">
				<speed>2.174928</speed>
				<ele>24.964229</ele>
				<time>2026-09-05T04:25:45Z</time>
			</trkpt>
			<trkpt lat="35.291560" lon="139.244221">
				<speed>1.834732</speed>
				<ele>24.972261</ele>
				<time>2026-09-05T04:25:47Z</time>
			</trkpt>
			<trkpt lat="35.291593" lon="139.244257">
				<speed>1.821312</speed>
				<ele>25.353069</ele>
				<time>2026-09-05T04:25:49Z</time>
			</trkpt>
			<trkpt lat="35.291621" lon="139.244294">
				<speed>2.041397</speed>
				<ele>25.652654</ele>
				<time>2026-09-05T04:25:51Z</time>
			</trkpt>
			<trkpt lat="35.291645" lon="139.244328">
				<speed>1.467761</speed>
				<ele>25.598511</ele>
				<time>2026-09-05T04:25:53Z</time>
			</trkpt>
			<trkpt lat="35.291633" lon="139.244392">
				<speed>2.631538</speed>
				<ele>25.597740</ele>
				<time>2026-09-05T04:25:57Z</time>
			</trkpt>
			<trkpt lat="35.291588" lon="139.244460">
				<speed>2.304435</speed>
				<ele>26.116326</ele>
				<time>2026-09-05T04:25:59Z</time>
			</trkpt>
			<trkpt lat="35.291585" lon="139.244521">
				<speed>1.434031</speed>
				<ele>25.839805</ele>
				<time>2026-09-05T04:26:05Z</time>
			</trkpt>
			<trkpt lat="35.291586" lon="139.244581">
				<speed>1.645905</speed>
				<ele>26.277170</ele>
				<time>2026-09-05T04:26:07Z</time>
			</trkpt>
			<trkpt lat="35.291582" lon="139.244406">
				<speed>3.549129</speed>
				<ele>25.256905</ele>
				<time>2026-09-05T04:26:17Z</time>
			</trkpt>
			<trkpt lat="35.291578" lon="139.244329">
				<speed>4.002718</speed>
				<ele>25.607907</ele>
				<time>2026-09-05T04:26:23Z</time>
			</trkpt>
			<trkpt lat="35.291564" lon="139.244252">
				<speed>3.726886</speed>
				<ele>25.637852</ele>
				<time>2026-09-05T04:26:25Z</time>
			</trkpt>
			<trkpt lat="35.291537" lon="139.244139">
				<speed>2.844716</speed>
				<ele>25.638845</ele>
				<time>2026-09-05T04:26:27Z</time>
			</trkpt>
			<trkpt lat="35.291494" lon="139.244054">
				<speed>2.625689</speed>
				<ele>25.341767</ele>
				<time>2026-09-05T04:26:29Z</time>
			</trkpt>
			<trkpt lat="35.291440" lon="139.244017">
				<speed>3.014278</speed>
				<ele>24.090922</ele>
				<time>2026-09-05T04:26:31Z</time>
			</trkpt>
			<trkpt lat="35.291366" lon="139.243993">
				<speed>2.967308</speed>
				<ele>23.070721</ele>
				<time>2026-09-05T04:26:33Z</time>
			</trkpt>
			<trkpt lat="35.291297" lon="139.243988">
				<speed>2.179913</speed>
				<ele>22.399009</ele>
				<time>2026-09-05T04:26:35Z</time>
			</trkpt>
			<trkpt lat="35.291239" lon="139.243998">
				<speed>1.817180</speed>
				<ele>22.051396</ele>
				<time>2026-09-05T04:26:37Z</time>
			</trkpt>
			<trkpt lat="35.291195" lon="139.244017">
				<speed>1.117605</speed>
				<ele>21.893626</ele>
				<time>2026-09-05T04:26:39Z</time>
			</trkpt>
			<trkpt lat="35.291158" lon="139.244038">
				<speed>1.268332</speed>
				<ele>22.058152</ele>
				<time>2026-09-05T04:26:42Z</time>
			</trkpt>
			<trkpt lat="35.291145" lon="139.243995">
				<speed>2.742359</speed>
				<ele>21.349074</ele>
				<time>2026-09-05T04:26:45Z</time>
			</trkpt>
			<trkpt lat="35.291132" lon="139.243945">
				<speed>1.958908</speed>
				<ele>21.119281</ele>
				<time>2026-09-05T04:26:47Z</time>
			</trkpt>
			<trkpt lat="35.291176" lon="139.243978">
				<speed>2.520208</speed>
				<ele>21.624987</ele>
				<time>2026-09-05T04:26:55Z</time>
			</trkpt>
			<trkpt lat="35.291199" lon="139.244017">
				<speed>1.067399</speed>
				<ele>21.997195</ele>
				<time>2026-09-05T04:26:57Z</time>
			</trkpt>
			<trkpt lat="35.291222" lon="139.244054">
				<speed>1.563932</speed>
				<ele>22.954352</ele>
				<time>2026-09-05T04:27:00Z</time>
			</trkpt>
			<trkpt lat="35.291280" lon="139.244064">
				<speed>1.497578</speed>
				<ele>23.445832</ele>
				<time>2026-09-05T04:27:03Z</time>
			</trkpt>
			<trkpt lat="35.291334" lon="139.244058">
				<speed>1.761048</speed>
				<ele>23.953327</ele>
				<time>2026-09-05T04:27:05Z</time>
			</trkpt>
			<trkpt lat="35.291381" lon="139.244043">
				<speed>1.683271</speed>
				<ele>24.115887</ele>
				<time>2026-09-05T04:27:07Z</time>
			</trkpt>
			<trkpt lat="35.291421" lon="139.244023">
				<speed>1.744884</speed>
				<ele>24.392635</ele>
				<time>2026-09-05T04:27:09Z</time>
			</trkpt>
			<trkpt lat="35.291457" lon="139.244001">
				<speed>1.603884</speed>
				<ele>24.571117</ele>
				<time>2026-09-05T04:27:11Z</time>
			</trkpt>
		</trkseg>
	</trk>
	<extensions>
		<name>2026-09-05 09:29:53</name>
		<TrackId>89219755</TrackId>
		<TrackTypeId>2</TrackTypeId>
		<SportType>2</SportType>
		<TrackTags><![CDATA[骑行]]></TrackTags>
		<BeginTime>1788568193001</BeginTime>
		<EndTime>1788582499523</EndTime>
		<PauseTime>1739</PauseTime>
		<PosStartName><![CDATA[横滨]]></PosStartName>
		<PosEndName><![CDATA[桔]]></PosEndName>
		<StartDistrictId>0</StartDistrictId>
		<EndDistrictId>0</EndDistrictId>
		<CreaterId>27050703</CreaterId>
		<CreaterName>Zetto</CreaterName>
		<CreaterIcon>322106199</CreaterIcon>
		<OriginCreaterId>27050703</OriginCreaterId>
		<OriginCreaterName>Zetto</OriginCreaterName>
		<OriginCreaterIcon>322106199</OriginCreaterIcon>
		<Distance>48277.277781</Distance>
		<ElevationGain>198.721727</ElevationGain>
		<ElevationLoss>180.308998</ElevationLoss>
		<SportAvgSpeed>3.841693</SportAvgSpeed>
	</extensions>
</gpx>
